outreach_rank,priority,total_score,company_name,company_domain,company_website,company_linkedin_url,founder_name,founder_first_name,founder_last_name,founder_current_title,founder_linkedin_url,founder_location,company_hq,us_based_status,employee_count,employee_range,estimated_revenue,total_funding,company_status,business_model,b2b_saas_evidence,affordability_evidence,founder_market_authority,founder_content_activity,content_gap,status_quo_need,buying_trigger,personalized_outreach_angle,qualification_reason,disqualification_risks,verification_status,last_verified_date,primary_evidence_url,additional_evidence_urls,research_notes
1,A,91,HelloTeam,helloteam.com,https://helloteam.com,https://www.linkedin.com/company/helloteaminc,Tanya Bakalov,Tanya,Bakalov,Founder & CEO,unverified,"Boston, MA","Boston, MA, United States",US-based (High confidence),37,11-50,1M-5M (vendor estimate),$13.5M+ ($3.5M seed led by Underscore VC plus a $10M round led by Grand Oaks Capital),active,Confirmed B2B SaaS,"High confidence: Confirmed B2B SaaS. All-in-one employee engagement and performance platform: reviews, goals and OKRs, recognition and rewards, surveys, learning, dynamic org chart and people analytics.",Confirmed: $13.5M+ raised including a $10M round from the Paychex founder's firm; 37 employees on an established HR platform,"Employee engagement and retention, HR technology, scaling a company to a $1B valuation and 500+ employees, female founder leadership",Unknown - LinkedIn not inspectable; clearly press-active,"Likely ideal - substantial press coverage exists but it is journalists writing about her, not her own sustained voice","Very few HR-tech founders have personally scaled a company to a $1B valuation with 500+ employees, which means she has lived the retention problem at exactly the scale her buyers fear. Pair that with Inc Female Founders 500 recognition and a Paychex-founder-backed round and there are three distinct, high-demand threads - retention at scale, second-time founding, and female founder leadership - none of which she is publishing herself.",Inc 2025 Female Founders 500 listing and the $10M Grand Oaks round,"Tanya already scaled a company to a $1B valuation and 500+ employees before founding HelloTeam - so she has lived the retention problem at the scale her buyers are frightened of. Forbes and Inc write about her; she does not write for herself. That is the gap, and the credential behind it is one almost nobody in HR tech can match.","TAM: Confirmed; HR technology (engagement, performance and retention) sold to HR and people teams at mid-market employers. Size: 11-50 (confidence High). HQ: Boston, MA, United States (High). Ability to pay: Confirmed. Buyer: Founder & CEO, Founder-CEO, operational.","founder LinkedIn URL not captured; LinkedIn posting activity could not be inspected from the research environment, so content-gap fields are inference not observation",research confidence High; LinkedIn activity unverified; founder profile URL unverified,2026-09-14,https://www.forbes.com/sites/gigizamora/2023/04/21/payroll-billionaire-tom-golisano-bets-on-employee-retention-startup-helloteam/,https://www.builtinboston.com/articles/helloteam-raises-3m-hiring | https://www.crunchbase.com/organization/betterskills-inc | https://yespress.io/helloteam,"The strongest profile found so far. Tanya Bakalov founded HelloTeam in 2016 (originally BetterSkills) after growing a previous company to a $1B valuation with more than 500 employees across multiple offices, and was named to Inc's 2025 Female Founders 500. 37 employees, Boston, $13.5M+ raised including a $10M round led by the Paychex founder's investment firm, with Forbes covering it. Everything the scoring model rewards lines up: exact-band size, confirmed ability to pay, a decision-making founder-CEO with an exceptional prior track record, and a recent, newsworthy trigger."
2,A,89,KORIO,korioclinical.com,https://korioclinical.com,https://www.linkedin.com/company/korio-inc,Ryan Keane,Ryan,Keane,Founder & Chief Executive Officer,unverified,"Doylestown, PA","Doylestown, PA, United States",US-based (High confidence),36 (Jun 2026),11-50,5M-10M (vendor estimate),$12.3M across 2 rounds,active,Confirmed B2B SaaS,"High confidence: Confirmed B2B SaaS. Compliance-centric Randomization and Trial Supply Management (RTSM/IRT) platform for every phase of clinical trials, built platform-first to fix the quality and scalability problems of legacy IRT.","Confirmed: $12.3M raised across seed and Series A; pharma and CRO sponsors on per-trial RTSM contracts, which carry high six-figure values","Clinical trial randomisation and supply management, biostatistics (MS), life-science commercial leadership; ten years at Endpoint Clinical rising to Chief Commercial Officer",Unknown - LinkedIn not inspectable,"Unknown - requires LinkedIn verification, but the company already publishes trade commentary under its own name rather than his","He ran commercial for the incumbent RTSM vendor for a decade and then left to build the alternative. 'Here is what the category I helped sell actually gets wrong' is the single most credible post available in clinical trial technology, and the audience - pharma sponsors and CRO operations leaders - is small, senior and reachable. The company already argues a platform-first thesis in trade press; it is company-voiced, not founder-voiced.",Series A funding round,"Ryan spent a decade at Endpoint Clinical, ending as Chief Commercial Officer, then left to build the RTSM platform he thought the category needed. 'What the category I helped sell gets wrong' is the most credible post anyone in clinical trial tech could write - and right now that argument only appears as a company byline in Clinical Leader.","TAM: Confirmed; Healthcare software / compliance technology (clinical trial RTSM) sold to Pharmaceutical sponsors and CROs running clinical trials. Size: 11-50 (confidence High). HQ: Doylestown, PA, United States (High). Ability to pay: Confirmed. Buyer: Founder & Chief Executive Officer, Founder-CEO, operational.","founder LinkedIn URL not captured; LinkedIn posting activity could not be inspected from the research environment, so content-gap fields are inference not observation",research confidence High; LinkedIn activity unverified; founder profile URL unverified,2026-09-14,https://www.korioclinical.com/korio-secures-series-a-funding-to-accelerate-growth-of-innovative-randomization-trial-supply-management-rtsm-platform/,https://www.finsmes.com/2023/10/korio-secures-6-8m-in-funding.html | https://tracxn.com/d/companies/korio/__S1doKRs_hb_suMwPmWYrWuYgAF2B0cb-RwYp5fGVUC0 | https://www.clinicalleader.com/doc/why-korio-took-a-platform-first-approach-to-clinical-trial-rtsm-0001 | https://www.prnewswire.com/news-releases/korio-to-launch-irt-industrys-first-compliance-centric-platform-301627503.html,"First company out of the strict queue and it validates the filter. 36 employees, founder-CEO in post, $12.3M raised including a recent Series A, Doylestown PA. The founder profile is unusually strong for this service: Ryan Keane spent ten years at Endpoint Clinical - the incumbent RTSM vendor - rising to Chief Commercial Officer, then left to build the challenger. A founder who ran the incumbent's commercial organisation and then argues publicly about what that category got wrong has standing no competitor can buy."
3,A,88,Dropstat,dropstat.com,https://dropstat.com,https://www.linkedin.com/company/dropstat,Sara Well,Sara,Well,Founder & CEO,unverified,"Beverly Hills, CA","Beverly Hills, CA, United States",US-based (High confidence),38 (up 6% year on year),11-50,1M-5M (vendor estimate); described as a multi-million dollar health-tech company,$6.84M across 4 rounds,active,Confirmed B2B SaaS,"High confidence: Confirmed B2B SaaS. Staffing supply chain management platform that works alongside scheduling and payroll systems, using algorithms to fill chronic and urgent shift gaps with the safest, most cost-efficient staff available.","Confirmed: $6.84M raised, 38 employees growing, healthcare facility customers on recurring staffing-platform contracts","Clinical healthcare (12 years, former critical care nurse), nurse staffing operations, healthcare compliance, health-tech product",Moderate content gap - gives interviews and podcast appearances; LinkedIn cadence not inspectable,Ideal - a genuinely rare operator-to-founder story that currently appears only as guest interviews on other people's channels,"A critical care nurse who built the staffing software hospitals buy is an unusually credible voice in a sector where most founders have never worked a shift. The nurse-shortage and burnout debate is permanently live, and she can speak to it from both the ward and the P&L - a combination almost nobody in health-tech has.",Podcast appearance - 'Nurse Builds Healthcare SaaS and Saves More Lives',"Sara worked 12 years as a critical care nurse before building the software hospitals now buy to fill shifts. In a sector full of founders who have never worked a ward, that is the most credible voice in the room on staffing and burnout - and right now it only surfaces when someone else invites her onto their podcast.","TAM: Confirmed; Healthcare software / HR technology (staffing supply chain) sold to Hospitals, nursing homes and healthcare facilities managing nurse staffing. Size: 11-50 (confidence High). HQ: Beverly Hills, CA, United States (High). Ability to pay: Confirmed. Buyer: Founder & CEO, Founder-CEO, operational.","founder LinkedIn URL not captured; LinkedIn posting activity could not be inspected from the research environment, so content-gap fields are inference not observation",research confidence Medium; LinkedIn activity unverified; founder profile URL unverified,2026-09-14,https://dropstat.com/blog/company-news/nurse-staffing-interview/,https://www.cacheflowpodcast.com/episodes/nurse-builds-healthcare-saas-and-saves-more-lives/ | https://labusinessjournal.com/economy/jobs/dropstat-closes-seed-round/ | https://profiles.crustdata.com/company/dropstat | https://tracxn.com/d/companies/dropstat/__XbbWIjQD-Sa507hLwIC--Fkm56IOqi1GyONpTmsgHLk,"One of the strongest founder-brand profiles found so far. Sara Well is a former critical care nurse with 12 years of clinical experience who founded the company to fix the staffing problem she lived, and she is already doing podcast and interview appearances. 38 employees, squarely in band, Beverly Hills HQ, institutional backing."
4,A,88,Treasury4,treasury4.com,https://treasury4.com,https://www.linkedin.com/company/treasury4,Steve Helmbrecht,Steve,Helmbrecht,"Co-Founder, President & CEO",unverified,"Spokane, WA","Spokane, WA, United States",US-based (High confidence),41 (Jun 2026),11-50,1M-5M (vendor estimate),$25.98M,active,Confirmed B2B SaaS,"High confidence: Confirmed B2B SaaS. Cloud treasury data and analytics platform for corporate treasury operations - entity, cash, debt and investment data management.",Confirmed: $25.98M raised including a $20M Series A led by WestCap; corporate treasury departments on enterprise contracts,"Corporate treasury, CFO-level finance operations, treasury technology",Moderate - the company publishes a multi-part founding story including on LinkedIn; personal cadence not inspectable,Moderate - narrative content already exists but under the company's name rather than the founders',"Treasury is the last major finance function still run on spreadsheets, and rate volatility has made cash visibility a board-level question. A founder-CEO selling into treasurers can make that argument with authority - and the company has already proven it can tell a story well with 'The Treasury4 Story' series, which is sitting under the company byline instead of his.",$20M Series A,"Treasury4 already publishes 'The Treasury4 Story' as a series - the narrative instinct is there, it is just company-voiced. Treasury is the last finance function still on spreadsheets and rate volatility made cash visibility a board question; that argument belongs under Steve's name, not the company's.","TAM: Confirmed; Financial operations (corporate treasury management) sold to Corporate treasury and finance teams. Size: 11-50 (confidence High). HQ: Spokane, WA, United States (High). Ability to pay: Confirmed. Buyer: Co-Founder, President & CEO, Founder-CEO, operational.","founder LinkedIn URL not captured; LinkedIn posting activity could not be inspected from the research environment, so content-gap fields are inference not observation",research confidence High; LinkedIn activity unverified; founder profile URL unverified,2026-09-14,https://www.businesswire.com/news/home/20230912157405/en/Treasury4-Raises-%2420-Million-in-Series-A-Funding-Led-by-WestCap,https://www.treasury4.com/company/about-treasury4/ | https://tracxn.com/d/companies/treasury4/__UBpH12QCrui4E5W9lsUq4o0zwlPW2ywtr3nPAk3XNMM | https://www.linkedin.com/pulse/treasury4-story-treasury4,"41 employees, three founders all in operating roles, $20M Series A from WestCap, and a Spokane rather than coastal base. Notably the company already publishes 'The Treasury4 Story' as a multi-part series including on LinkedIn, so appetite for narrative content is proven - it is just company-voiced rather than founder-voiced."
5,A,88,VERITUITY,verituity.com,https://verituity.com,https://www.linkedin.com/company/verituity,Ben Turner,Ben,Turner,Founder & CEO,unverified,"McLean, VA","McLean, VA, United States",US-based (High confidence),27 (May 2026),11-50,5M-10M (vendor estimate),$30.0M across 2 rounds,active,Confirmed B2B SaaS,"High confidence: Confirmed B2B SaaS. Payout platform delivering verified B2B and B2C payments for banks and enterprises, with confidence-based verification at the point of payout to cut fraud risk and optimise payout economics.",Confirmed: $30M raised from institutional fintech and security investors; banks and enterprises on payout-platform contracts with per-transaction economics,"Payment verification and fraud prevention, data and security product commercialisation; previously built and commercialised products for Fortune 500 customers at Verisign, Interos and Iron Mountain",Moderate - has given a long-form podcast interview; LinkedIn cadence not inspectable,"Moderate - one long-form interview exists, hosted elsewhere, with no sustained personal position","Payment fraud is permanently in the news and almost all commentary is vendor fear-selling. A founder arguing that the answer is verification at the point of payout rather than downstream detection has a specific, contrarian and defensible thesis, backed by a Verisign-and-Iron-Mountain security career. His buyers are bank executives, who are exactly the audience that reads considered LinkedIn argument rather than marketing.","Confidence-based verification product launch, March 2026","Payment fraud commentary is almost entirely vendor fear-selling. Ben's argument - that payout fraud is a verification problem at the point of payment, not a detection problem downstream - is specific, contrarian and backed by a Verisign and Iron Mountain security career. It exists in one podcast interview and nowhere else.","TAM: Confirmed; Fintech software (verified payouts) sold to Banks and enterprises issuing B2B and B2C payouts. Size: 11-50 (confidence High). HQ: McLean, VA, United States (High). Ability to pay: Confirmed. Buyer: Founder & CEO, Founder-CEO, operational.","founder LinkedIn URL not captured; LinkedIn posting activity could not be inspected from the research environment, so content-gap fields are inference not observation",research confidence High; LinkedIn activity unverified; founder profile URL unverified,2026-09-14,https://www.businesswire.com/news/home/20260311039649/en/Verituity-Advances-Confidence-Based-Verification-at-the-Point-of-Payout,https://forgepointcap.com/perspectives/verituity-transforming-protecting-and-accelerating-digital-payouts/ | https://tracxn.com/d/companies/verituity/__VPaFydAukmZ26RN5fSxRkhakZFKUpfikFREECtWQdHg | https://verituity.com/verituitys-founder-and-ceo-ben-turner-on-building-an-intelligent-payouts-solution-with-code-story/,"27 employees, both co-founders operational, $30M raised, McLean VA. Founders are security and data veterans from Verisign, Interos and Iron Mountain who commercialised products for Fortune 500 customers - credible authority in a category (payment fraud) where the subject matter is permanently newsworthy. Ben Turner has already done a Code Story long-form interview, so the raw material exists."
6,A,87,Prodly,prodly.co,https://prodly.co,https://www.linkedin.com/company/prodly,Max Rudman,Max,Rudman,"Chairman & CEO, Co-Founder",unverified,"Palo Alto, CA","Palo Alto, CA, United States",US-based (High confidence),dataset 11-50; not contradicted,11-50,1M-5M (vendor estimate),$13.5M,active,Confirmed B2B SaaS,"High confidence: Confirmed B2B SaaS. End-to-end Salesforce DevOps platform for change management, automated deployment, data migration, sandbox seeding and SOX compliance.","Confirmed: $13.5M raised; Fortune 100 customer base including American Express, Johnson & Johnson, Verizon and Snowflake on enterprise DevOps contracts","Quote-to-cash, Salesforce ecosystem, CPQ - founded SteelBrick which Salesforce acquired in 2015 and rebranded as Salesforce CPQ; later VP of Salesforce CPQ",Unknown - LinkedIn not inspectable,Unknown - requires LinkedIn verification,"Building a company on Salesforce, selling it to Salesforce, running the product inside Salesforce, then building on the platform again is an arc almost nobody in the ecosystem can match. Every Salesforce ISV founder wants exactly that playbook - what Salesforce actually rewards, how acquisition really works, where platform risk bites - and it is entirely unpublished.",Appointment as Chairman and CEO of Prodly,"Max built SteelBrick, sold it to Salesforce where it became Salesforce CPQ, ran that product from the inside, and is now building on the platform again. Every Salesforce ISV founder would read that playbook - what the platform rewards, how the acquisition actually went - and none of it exists publicly.","TAM: Confirmed; Developer tools / revenue operations (Salesforce DevOps) sold to Salesforce admins, citizen developers and enterprise RevOps teams. Size: 11-50 (confidence Low). HQ: Palo Alto, CA, United States (High). Ability to pay: Confirmed. Buyer: Chairman & CEO, Co-Founder, Founder-CEO, operational; also founder of SteelBrick.","penalties applied: employee count unverified (-10); employee count not independently verified; founder LinkedIn URL not captured; LinkedIn posting activity could not be inspected from the research environment, so content-gap fields are inference not observation",research confidence Medium; LinkedIn activity unverified; founder profile URL unverified,2026-09-14,https://www.prodly.co/blog/steelbrick-founder-joins-as-ceo/,https://www.prodly.co/ | https://www.cbinsights.com/company/prodly,"One of the strongest founder profiles in the list. Max Rudman founded SteelBrick, which Salesforce acquired in 2015 and turned into Salesforce CPQ, and he then became VP of Salesforce CPQ before taking over Prodly as Chairman and CEO alongside co-founder and CTO Daniel Rudman. The customer list - American Express, J&J, Verizon, Snowflake, DoorDash - is exceptional for a company this size. Only headcount is unverified."
7,A,86,Revela,revela.co,https://revela.co,https://www.linkedin.com/company/revela-inc.,Grant Drzyzga,Grant,Drzyzga,Founder & CEO,https://www.linkedin.com/in/grant-drzyzga-5a017047/,"Detroit, MI","Detroit, MI, United States",US-based (High confidence),29 (Jul 2026),11-50,1M-5M (vendor estimate),$9M+,active,Confirmed B2B SaaS,"High confidence: Confirmed B2B SaaS. Property management platform automating operations, accounting, payment processing, maintenance tracking and customer relations for real estate managers.",Confirmed: $9M Series A led by FirstMark Capital; property management companies on recurring platform contracts with payment processing attached,"Property management operations, real estate accounting, payment processing, vertical SaaS",Unknown - profile URL confirmed but activity not inspectable from this environment,"Unknown - profile confirmed, cadence requires verification","A decade building a vertical SaaS company in Detroit before a FirstMark Series A is a genuinely unusual arc - most PropTech narratives are coastal and fast. Combined with operational data across single family, multifamily, affordable and commercial portfolios, there are two strong positions: the long-haul vertical SaaS story, and what actually breaks in property management operations at scale.",Series A round,"Grant spent nearly a decade building Revela in Detroit before FirstMark led a $9M Series A - the opposite of the PropTech story everyone tells. That long-haul arc, plus what he sees break across affordable-housing and multifamily portfolios, is founder material the company blog never touches.","TAM: Confirmed; Vertical SaaS / PropTech (property management) sold to Real estate management companies across single family, multifamily, affordable housing, commercial, retail and industrial; also academic institutions. Size: 11-50 (confidence High). HQ: Detroit, MI, United States (High). Ability to pay: Confirmed. Buyer: Founder & CEO, Founder-CEO, operational.","LinkedIn posting activity could not be inspected from the research environment, so content-gap fields are inference not observation",research confidence High; LinkedIn activity unverified; founder profile URL captured,2026-09-14,https://www.linkedin.com/in/grant-drzyzga-5a017047/,https://www.dbusiness.com/hustle-muscle/revela-inc/ | https://www.remtimes.com/blogs/news/detroit-company-revela-raises-9-million.php | https://tracxn.com/d/companies/revela/__bxMpmX7ZbjiYCiSGcJ0jvmY9DR5ZsxO5KUgbGNXjrgg#founders-and-board-of-directors,"Clean qualification: 29 employees confirmed, founder-CEO Grant Drzyzga still leading since founding in 2014, tier-one Series A, and a verified founder LinkedIn URL - one of the few leads so far where the founder profile URL is directly evidenced rather than unverified."
8,A,86,SafeGuard Privacy,safeguardprivacy.com,https://safeguardprivacy.com,https://www.linkedin.com/company/safeguardprivacy,Richy Glassberg,Richy,Glassberg,Founder & CEO,https://www.linkedin.com/in/richy-glassberg-49a915/,"New York, NY","New York, NY, United States",US-based (High confidence),~24 (Jun 2026),11-50,1M-5M (vendor estimate),$11.4M over 3 rounds,active,Confirmed B2B SaaS,High confidence: Confirmed B2B SaaS. Privacy compliance management and collaboration platform automating assessment of a company's and its vendors' adherence to privacy laws.,Confirmed: $11.4M raised including a 2024 round; adtech and enterprise buyers on recurring compliance-platform contracts,"Data privacy law compliance, adtech and media ecosystem, vendor risk assessment",Unknown - profile URL evidenced but activity not inspectable,"Unknown - profile confirmed, cadence requires verification","Every new US state privacy law sets off a compliance scramble, which gives a founder in this category a permanent supply of genuinely useful, time-sensitive subject matter. The company already argues that privacy complexity can be a competitive advantage rather than a cost - a contrarian framing that belongs in a founder's voice, aimed at the adtech and media buyers who feel the pain first.",$3.6M round and Adweek coverage,"Every new state privacy law starts a scramble, and Richy's company already argues that complexity is an advantage rather than a cost. That contrarian framing, aimed at adtech buyers who feel each law first, is a founder position with a permanent news hook - and it currently lives on the company blog.","TAM: Confirmed; Compliance technology (privacy compliance) sold to Companies and their vendor networks managing privacy-law compliance, with strong adtech and media adoption. Size: 11-50 (confidence High). HQ: New York, NY, United States (High). Ability to pay: Confirmed. Buyer: Founder & CEO, Founder-CEO, operational.","LinkedIn posting activity could not be inspected from the research environment, so content-gap fields are inference not observation",research confidence High; LinkedIn activity unverified; founder profile URL captured,2026-09-14,https://www.linkedin.com/in/richy-glassberg-49a915/,https://safeguardprivacy.com/safeguard-privacy-closes-a-new-3-6-million-funding-round/ | https://tracxn.com/d/companies/safeguardprivacy/__N2n5kxMY0cXPWbztby2cw0-E6AURQXBFZma1gil9Em0 | https://www.adweek.com/programmatic/check-out-the-pitch-deck-firm-safeguard-privacy-used-to-raise-36-million/,"24 employees, founder-CEO in post, $11.4M raised with a 2024 round, and a partial LinkedIn handle evidenced for the founder. Timing is excellent: US state privacy laws keep multiplying and every new one creates a compliance scramble, so the founder's subject is permanently newsworthy without needing manufactured hooks."
9,A,86,Xevant,xevant.com,https://xevant.com,https://www.linkedin.com/company/xevant,Brandon Newman,Brandon,Newman,Co-Founder & CEO,unverified,"Lehi, UT","Lehi, UT, United States",US-based (High confidence),34 (Jun 2026),11-50,1M-5M (vendor estimate),$17.2M across 3 rounds from 5 investors,active,Confirmed B2B SaaS,"High confidence: Confirmed B2B SaaS. Real-time PBM data analytics platform - ScripLogic, ClinicalLogic, BidLogic and FinanceLogic - covering contract variance, plan review and trend management.",Confirmed: $17.2M raised with a Series A in Feb 2024; enterprise PBM and health-plan buyers on high-value analytics contracts,"Pharmacy benefit management, drug pricing analytics, healthcare cost containment",Unknown - LinkedIn not inspectable,Unknown - requires LinkedIn verification,"PBM transparency is one of the most politically contested subjects in US healthcare, and almost nobody arguing about it has live claims data. A founder-CEO whose platform runs contract variance and trend analysis across benefit plans can make specific, evidenced arguments where the public debate runs on anecdote and lobbying talking points.",Series A funding round and a major platform enhancement launch (2024-02-08),PBM transparency is being legislated by people without claims data. Brandon has it. A founder-led point of view on what contract variance actually shows would land in a debate currently starved of evidence - and Xevant's own channels only talk product features.,"TAM: Confirmed; Healthcare software / analytics (PBM data analytics) sold to Pharmacy benefit managers, health plans, employers and pharmacy benefit organisations. Size: 11-50 (confidence High). HQ: Lehi, UT, United States (High). Ability to pay: Confirmed. Buyer: Co-Founder & CEO, Founder-CEO, operational.","founder LinkedIn URL not captured; LinkedIn posting activity could not be inspected from the research environment, so content-gap fields are inference not observation",research confidence Medium; LinkedIn activity unverified; founder profile URL unverified,2026-09-14,https://www.xevant.com/leadership/,https://tracxn.com/d/companies/xevant/__UvEjJn6EgmdQgQ6U2R6rz0gds-lfOQv7-8WbVHJw5tA | https://www.xevant.com/news/xevant-unveils-newly-enhanced-platform-with-dynamic-solutions-for-the-healthcare-market/,"34 employees squarely in band, founder-CEO operational, recent institutional funding. Pharmacy benefit cost and PBM transparency are live regulatory and political topics, which makes the founder-brand timing unusually good."
10,A,85,Eraser,eraser.io,https://eraser.io,https://www.linkedin.com/company/eraser,Shin Kim,Shin,Kim,Founder,unverified,"San Francisco, CA","San Francisco, CA, United States",US-based (High confidence),29 (Apr 2026),11-50,$2.8M ARR (GetLatka 2025),$4M seed,active,Confirmed B2B SaaS,"High confidence: Confirmed B2B SaaS. Collaborative whiteboard and diagram-as-code tool for engineers, with AI diagram generation (DiagramGPT) for technical documentation.","Confirmed: $2.8M ARR clears the $1M threshold, $4M seed raised, 29 employees and over 1 million users from five-person startups to the largest global tech companies","Developer tooling, technical documentation, diagram-as-code, product-led growth; previously Chief of Staff to investor Elad Gil",Unknown - LinkedIn not inspectable,Unknown - requires LinkedIn verification,"Two exceptional and independent threads. Working as Chief of Staff to Elad Gil gives an inside view of how one of tech's most prolific investors evaluates companies - a subject founders read compulsively and almost nobody can write first-hand. Separately, reaching a million users on a $4M seed is a PLG case study with real numbers behind it. Neither is published.",AI diagramming adoption,"Shin was Chief of Staff to Elad Gil before building Eraser to a million users on a $4M seed. Either half is content founders would follow - how one of tech's most prolific investors actually evaluates companies, and PLG that genuinely worked. Neither has been written.","TAM: Confirmed; Developer tools (technical diagramming and documentation) sold to Engineering and technical teams producing architecture diagrams and technical documentation. Size: 11-50 (confidence High). HQ: San Francisco, CA, United States (High). Ability to pay: Confirmed. Buyer: Founder, Founder, operational.","founder LinkedIn URL not captured; LinkedIn posting activity could not be inspected from the research environment, so content-gap fields are inference not observation",research confidence High; LinkedIn activity unverified; founder profile URL unverified,2026-09-14,https://techcrunch.com/2021/11/09/eraser-a-new-collaboration-startup-for-technical-teams-has-4-million-in-seed-funding-and-some-traction/,https://getlatka.com/companies/eraser.io | https://tracxn.com/d/companies/eraser/__nzfpUQZquBXsth1MXznpZG7u_G-7L-B05Tf4fsoUjls,"29 employees, founder still leading, $2.8M ARR on only $4M raised, over a million users. The founder background is unusually strong for content: Shin Kim was Chief of Staff to investor Elad Gil before founding Eraser, which means a rare inside view of how a prolific investor evaluates companies - a subject founders read compulsively."
11,A,85,Rill Data,rilldata.com,https://rilldata.com,https://www.linkedin.com/company/rilldata,Michael Driscoll,Michael,Driscoll,Co-Founder & CEO,unverified,"San Francisco, CA","San Francisco, CA, United States",US-based (High confidence),35 (Jun 2026),11-50,"$3.6M (2023, GetLatka)",$12M-$13.8M (sources conflict),active,Confirmed B2B SaaS,"High confidence: Confirmed B2B SaaS. Operational BI platform combining last-mile ETL, an in-memory database and fast operational dashboards.",Confirmed: $3.6M revenue on a 35-person team with $12M+ raised; operational BI sold to data teams on recurring contracts,"Real-time analytics, operational BI, open-source data infrastructure; co-built the database at Metamarkets that became Apache Druid",Unknown - LinkedIn not inspectable,Unknown - requires LinkedIn verification,"Having helped create Apache Druid gives him standing to make arguments about analytics architecture that vendors cannot buy. The specific thesis - that BI dashboards are slow because the data stack is assembled wrong, not because dashboards are hard - is contrarian in a crowded modern-data-stack conversation, and the audience of data engineers is large, opinionated and highly active online.",Seed round and product launch coverage,"Michael helped build the database that became Apache Druid. That gives him standing on analytics architecture that no vendor can buy, and his actual thesis - dashboards are slow because the stack is assembled wrong, not because dashboards are hard - is a contrarian position in a very crowded data-engineering conversation.","TAM: Confirmed; Data infrastructure / analytics (operational BI) sold to Data and analytics teams needing fast operational dashboards. Size: 11-50 (confidence High). HQ: San Francisco, CA, United States (High). Ability to pay: Confirmed. Buyer: Co-Founder & CEO, Founder-CEO, operational.","penalties applied: funding figures conflict (-5); founder LinkedIn URL not captured; LinkedIn posting activity could not be inspected from the research environment, so content-gap fields are inference not observation",research confidence High; LinkedIn activity unverified; founder profile URL unverified,2026-09-14,https://www.rilldata.com/team,https://techcrunch.com/2022/08/04/rill-wants-to-rethink-bi-dashboards-with-embedded-database-and-instant-ux | https://getlatka.com/companies/rilldata.com | https://tracxn.com/d/companies/rill/__CnrOG8Tyf_JcPV6bDiakgicSqZKgZcoMEbSZfpRe1CY,"35 employees, both co-founders operational, San Francisco. The founder credential is exceptional for a data-infrastructure company: at their previous company Metamarkets, Driscoll and Bangarwa built the database that was open-sourced as Apache Druid, which is now a widely deployed analytics engine. Founding an open-source project that the industry adopted is close to the strongest possible authority in this category."
12,A,85,UrbanBound,urbanbound.com,https://urbanbound.com,https://www.linkedin.com/company/urbanbound,Michael Krasman,Michael,Krasman,Co-Founder & CEO,unverified,"Chicago, IL","Chicago, IL, United States",US-based (High confidence),44,11-50,"$10.5M (2024, GetLatka)",$17.5M over 6 rounds from 5 investors incl. StarVest Partners,active,Confirmed B2B SaaS,"High confidence: Confirmed B2B SaaS. Relocation management software for employee moves, plus candidate-experience tooling for recruiting.","Confirmed: $10.5M revenue on a 44-person team, $17.5M raised, established since 2011 with corporate HR buyers","Serial entrepreneurship (25+ years), HR technology, employee mobility, company building",Unknown - LinkedIn not inspectable,Likely ideal - a four-time founder whose company blog talks about relocation logistics while his own operating lessons go untold,"Krasman has founded five companies across two decades and sits on Hireology's board. The pattern-recognition from that - what repeats, what he stopped doing, why he built UrbanBound after Hireology - is genuinely scarce founder material. The company blog covers relocation topics; none of it is his story.",Candidate-experience product launch,"Michael has founded five companies and still sits on Hireology's board, but UrbanBound's content is all relocation how-to. The serial-founder pattern recognition - what he does differently on company five than company one - is the asset, and it is entirely unpublished.","TAM: Confirmed; HR technology (relocation management) sold to Corporate HR, talent acquisition and mobility teams at mid-market and enterprise employers. Size: 11-50 (confidence High). HQ: Chicago, IL, United States (High). Ability to pay: Confirmed. Buyer: Co-Founder & CEO, Founder-CEO, operational.","penalties applied: probable internal content support (-5 partial); founder LinkedIn URL not captured; LinkedIn posting activity could not be inspected from the research environment, so content-gap fields are inference not observation",research confidence Medium; LinkedIn activity unverified; founder profile URL unverified,2026-09-14,https://www.urbanbound.com/blog/behind-the-scenes-at-urbanbound,https://getlatka.com/companies/urbanbound | https://starvestpartners.com/urbanbound/ | https://www.urbanbound.com/about-urbanbound,"44 employees confirmed by third-party data, squarely in band. Revenue near $10.5M puts it in the most attractive affordability bracket. Co-founder Michael Krasman is a serial entrepreneur with 25+ years building companies, which is unusually rich founder-brand raw material."
13,A,85,Zuub,zuub.com,https://zuub.com,https://www.linkedin.com/company/zuub,Luka Sklizovic,Luka,Sklizovic,Co-Founder & CEO,unverified,"Santa Monica, CA","Santa Monica, CA, United States",US-based (High confidence),33,11-50,"$1.5M (2023, GetLatka)",$9M+,active,Confirmed B2B SaaS,"High confidence: Confirmed B2B SaaS. AI-powered dental revenue cycle automation: real-time insurance verification, eligibility and benefits data, treatment planning and billing.",Confirmed: $9M Series A in mid-2024 plus an active product sold to DSOs; funding of this size with an operating product clears the affordability bar independently of revenue,"Dental revenue cycle management, insurance verification automation, DSO operations",Unknown - LinkedIn not inspectable,Unknown - requires LinkedIn verification,"Dental is consolidating fast into DSOs and insurance verification is the friction point every practice complains about but nobody quantifies. A founder automating that step has the numbers behind an argument the trade press only tells anecdotally, plus a fresh Series A that justifies a visibility push now.",$9M Series A led by Vertical Venture Partners (2024-06),"Zuub raised $9M in mid-2024 and dental is consolidating into DSOs, but the category's public conversation is still trade-press anecdote. Luka has verification data across practices - the founder who can actually quantify the admin burden everyone complains about.","TAM: Confirmed; Healthcare software / vertical SaaS (dental RCM) sold to Dental practices and Dental Service Organizations (DSOs). Size: 11-50 (confidence High). HQ: Santa Monica, CA, United States (High). Ability to pay: Confirmed. Buyer: Co-Founder & CEO, Founder-CEO, operational.","founder LinkedIn URL not captured; LinkedIn posting activity could not be inspected from the research environment, so content-gap fields are inference not observation",research confidence Medium; LinkedIn activity unverified; founder profile URL unverified,2026-09-14,https://www.citybiz.co/article/571479/zuub-raises-9m-series-a/,https://getlatka.com/companies/zuub | https://www.zoominfo.com/c/zuub/474138449,"33 employees, founded 2017, four co-founders still in operating roles, and a recent Series A. Revenue estimate of $1.5M (2023) sits below the preferred band but the $9M round plus an operating product satisfies the brief's funding-based affordability test, so no revenue penalty is applied."
14,B,84,Ratio,ratiotech.com,https://ratiotech.com,https://www.linkedin.com/company/ratio-tech,Ashish Srimal,Ashish,Srimal,Co-Founder & CEO,unverified,"San Francisco, CA","San Francisco, CA, United States",US-based (High confidence),10 as of Sep 2022 (stale); dataset reports 41,"11-50 (unverified, evidence is stale)",5M-10M (vendor estimate),$411M announced at emergence ($11M venture plus a $400M credit facility); a further $15.8M venture and $100M debt in April 2026,active,Confirmed B2B SaaS,"High confidence: Confirmed B2B SaaS. Combines payments, financing and pricing in one platform for SaaS companies, letting vendors offer flexible subscription terms while being paid upfront.","Confirmed: Substantial venture equity plus a $400M credit facility; the business itself finances SaaS receivables, so capital access is the product","SaaS pricing and monetisation, subscription payments and financing; executive roles at SAP and Medallia; previously founder and CEO of SmarterMe",Unknown - LinkedIn not inspectable,Unknown - requires LinkedIn verification,"Ratio's customers are B2B SaaS founders and CFOs deciding how to price and get paid - the single most-searched operational topic in SaaS, and one where the founder has both executive experience at SAP and Medallia and transaction data across customers. The audience for this content and the audience for the product are the same people, which is the most efficient possible fit.","$15.8M venture and $100M debt, April 2026","Ratio's buyers are SaaS founders and CFOs deciding how to price and how to get paid - the most-searched operational question in SaaS. Ashish has SAP and Medallia executive experience plus transaction data across customers, so his audience and his market are literally the same people. That fit is currently going unused.","TAM: Confirmed; Fintech software / revenue operations (SaaS payments and financing) sold to B2B SaaS and technology companies structuring subscription payments, pricing and financing. Size: 11-50 (unverified, evidence is stale) (confidence Low). HQ: San Francisco, CA, United States (High). Ability to pay: Confirmed. Buyer: Co-Founder & CEO, Founder-CEO, operational.","penalties applied: employee evidence stale and unverified (-10); employee count not independently verified; founder LinkedIn URL not captured; LinkedIn posting activity could not be inspected from the research environment, so content-gap fields are inference not observation",research confidence Medium; LinkedIn activity unverified; founder profile URL unverified,2026-09-14,https://techcrunch.com/2022/09/15/ratio-saas-subscription-payment/,https://www.ratiotech.com/about | https://www.preqin.com/data/profile/asset/ratio-technologies--inc-/508343,"Headcount is the weak point: the only public figure is 10 employees as of September 2022, which predates two funding rounds, while the dataset reports 41. Recorded at Low confidence and penalised accordingly. The founder bench is exceptional: Ashish Srimal (CEO) held executive roles at SAP and Medallia and previously founded and led SmarterMe; Mason Blake (CTO) co-founded UpCounsel, served as its CTO and then CEO, and exited the company to LinkedIn. Ratio's own buyers are B2B SaaS founders and CFOs, which makes founder-led content unusually well targeted here."
15,B,84,SalesScreen,salesscreen.com,https://salesscreen.com,https://www.linkedin.com/company/salesscreen,Sindre Haaland,Sindre,Haaland,Founder & CEO,unverified,"Brooklyn, New York","New York, NY, United States",US-based (Medium confidence),40,11-50,"$10.7M (2024, GetLatka) across 350 customers",$4M from 2 institutional investors,active,Confirmed B2B SaaS,"High confidence: Confirmed B2B SaaS. Sales gamification and data-visualisation platform turning sales data into leaderboards, competitions and achievements to drive rep performance.",Confirmed: $10.7M revenue across 350 customers on only $4M raised - a capital-efficient business with revenue squarely in the most attractive band,"Sales motivation and gamification, bootstrapped SaaS growth, scaling from Norway into the US market",Moderate - has published a long-form founder story; LinkedIn cadence not inspectable,"Ideal - an exceptional, already-articulated founder story that exists as a single third-party article rather than a body of work","Started a company at 22 in Norway and reached $10M ARR on $4M raised, then moved to Brooklyn to take it into the US. That combination - young founder, capital efficiency, European-to-US expansion - hits three separate audiences that rarely get honest first-hand accounts, and he has already proven he can tell it. The Starter Story piece is a finished asset sitting on someone else's site.",G2 category leadership recognition,"Sindre started SalesScreen at 22 in Norway, took it to roughly $10M ARR on $4M raised, and moved to Brooklyn to crack the US. He has already told that story once - in full - on Starter Story, where it sits doing nothing for him. Capital-efficient growth and European-to-US expansion are two audiences starved of honest first-hand accounts.","TAM: Confirmed; Sales technology (gamification and performance visualisation) sold to Sales organisations motivating and tracking distributed sales teams. Size: 11-50 (confidence High). HQ: New York, NY, United States (Medium). Ability to pay: Confirmed. Buyer: Founder & CEO, Founder-CEO, operational.","penalties applied: Norwegian origin - HQ recorded at Medium confidence (-5); founder LinkedIn URL not captured; LinkedIn posting activity could not be inspected from the research environment, so content-gap fields are inference not observation",research confidence Medium; LinkedIn activity unverified; founder profile URL unverified,2026-09-14,https://www.starterstory.com/stories/salesscreen,https://getlatka.com/companies/salesscreen | https://www.salesscreen.com/about | https://salestechstar.com/sales-dialer/salesscreen-named-a-sales-gamification-industry-leader-according-to-g2s-2022-spring-grid-reports/,"$10.7M revenue on $4M raised with 40 employees is the most capital-efficient profile found so far and lands in the brief's most attractive revenue band. HQ needs a note: the company was founded in Norway in 2011 and carries Norwegian origins, but is now listed as headquartered in New York and founder-CEO Sindre Haaland lives in Brooklyn - recorded as United States at Medium confidence rather than High. Haaland has already told the founding story in a long-form Starter Story piece, which is ready-made raw material."
16,B,84,Thena,thena.ai,https://thena.ai,https://www.linkedin.com/company/thena-platform,Ankit Saxena,Ankit,Saxena,Co-Founder & CEO,unverified,"Palo Alto, CA","Palo Alto, CA, United States",US-based (High confidence),21-40,11-50,1M-5M (vendor estimate),$7.8M over 3 rounds from 5 investors incl. Lightspeed India and First Round Capital,active,Confirmed B2B SaaS,"High confidence: Confirmed B2B SaaS. AI customer support and engagement layer for B2B teams operating in Slack, Teams, email and chat, connecting those channels to Zendesk and Salesforce.","Confirmed: $7.8M raised from tier-one investors (First Round Capital, Lightspeed) with an operating B2B product and enterprise integrations","B2B customer support, AI agents, Slack-native workflows",Moderate content gap - authors company articles and holds a Forbes Technology Council profile; LinkedIn cadence not inspectable,"Moderate - proven willingness to write, but the output sits on the company domain and under a product frame","Saxena already writes and already has Forbes Technology Council standing, so the hard part is done. The unclaimed position is the argument that B2B support has permanently moved into shared Slack channels and ticketing is the legacy layer - a category thesis currently expressed as product copy.",Forbes Technology Council membership and authored articles,"Ankit is already writing - company author page, Forbes council - but it all reads as Thena's marketing rather than his argument. The thesis that B2B support has moved into shared Slack channels for good is his to own, and repurposing what he has already written is the fastest route to it.","TAM: Confirmed; Customer-success software / enterprise collaboration sold to B2B companies servicing customers in shared Slack and Teams channels. Size: 11-50 (confidence Medium). HQ: Palo Alto, CA, United States (High). Ability to pay: Confirmed. Buyer: Co-Founder & CEO, Founder-CEO, operational.","founder LinkedIn URL not captured; LinkedIn posting activity could not be inspected from the research environment, so content-gap fields are inference not observation",research confidence Medium; LinkedIn activity unverified; founder profile URL unverified,2026-09-14,https://councils.forbes.com/profile/Ankit-Saxena-Founder-CEO-Thena/9c835ea7-dcf7-4624-a215-504f02843bfc,https://www.thena.ai/author/ankit-saxena | https://tracxn.com/d/companies/thena/__hV_LmKvPmjFAui5uAqzgDuMcqfC5SLL-ctDSyN2vVSA | https://www.thena.ai/about-us,"Four co-founders: Ankit Saxena (CEO), Mike Molinet, Govind Kavaturi, Unmukt Raizada. HQ Palo Alto with team in Mountain View, NYC and Bangalore - US HQ is well evidenced. Notably the CEO already has an author page on the company site and a Forbes Technology Council profile, so willingness to publish is proven; the gap is that it is company-hosted rather than a personal position."
17,B,84,uStudio,ustudio.com,https://ustudio.com,https://www.linkedin.com/company/ustudio,Jen Grogono,Jen,Grogono,"Co-Founder, President & CEO",https://www.linkedin.com/in/jengrogono/,"Austin, TX","Austin, TX, United States",US-based (High confidence),~33 (Mar 2026); 30 per another source,11-50,$3.1M-$4.2M,$10M (last round 2014 - funding is old),active,Confirmed B2B SaaS,"High confidence: Confirmed B2B SaaS. Secure enterprise audio, video and private podcasting platform for sales enablement, training and C-suite communications, integrated into Microsoft 365.","Confirmed: $3.1M-$4.2M revenue on a 33-person team, operating since 2010 with enterprise customers and a Microsoft 365 integration","Enterprise communications, executive comms, private podcasting, enterprise video; holds patents through the company",Unknown - profile URL evidenced but activity not inspectable,"Unknown - profile confirmed, cadence requires verification","There is an unusually direct fit: uStudio exists to help executives communicate with their own organisations, which makes the founder's own public voice both the product demonstration and the sales argument. Layer on fifteen years running the same company and recognition as a leading Austin female founder, and there are three credible threads - executive communication, long-haul company building, and women founders in Texas tech.",Profiles in Power listing and Microsoft 365 integration,uStudio's entire product is about helping executives communicate with their own organisations - which makes Jen's own under-used public voice the most persuasive demo the company could run. Fifteen years leading the same company gives her plenty to say; none of it is being said in her name.,"TAM: Confirmed; Enterprise collaboration / productivity software (enterprise podcasting) sold to Large enterprises using private audio and video for sales enablement, training and executive communications. Size: 11-50 (confidence High). HQ: Austin, TX, United States (High). Ability to pay: Confirmed. Buyer: Co-Founder, President & CEO, Founder-CEO, operational.","penalties applied: funding is over a decade old (-5); LinkedIn posting activity could not be inspected from the research environment, so content-gap fields are inference not observation",research confidence High; LinkedIn activity unverified; founder profile URL captured,2026-09-14,https://www.linkedin.com/in/jengrogono/,https://getlatka.com/companies/ustudio | https://www.statesman.com/news/20170612/austins-ustudio-making-waves-in-enterprise-video-sector | https://ustudio.com/press/ustudio-integrates-enterprise-podcasting-into-microsoft-365/ | https://ustudio.com/blog/news-events/ustudio-ceo-jen-grogono-named-profiles-power-list/,"33 employees, Austin, revenue in the $3-4M range, and co-founder Jen Grogono still President and CEO since 2010 alongside co-founder CTO Josh Marshall. Founder LinkedIn URL is directly evidenced. There is a neat strategic fit worth noting: uStudio sells enterprise podcasting for executive communications, so its own founder's under-used public voice is the exact problem its product addresses for customers."
18,B,83,Assembly,copilot.app,https://copilot.app,https://www.linkedin.com/company/assemblycom,Marlon Misra,Marlon,Misra,Co-Founder & CEO,unverified,"New York, NY","New York, NY, United States",US-based (High confidence),11-50 band reported,11-50,1M-5M (vendor estimate),$13M to date,active,Confirmed B2B SaaS,"High confidence: Confirmed B2B SaaS. Platform for service businesses to give clients a unified, branded client portal covering messaging, files, billing and apps.",Confirmed: $13M raised with a $100M post-money valuation; hundreds of tech-enabled service businesses on recurring platform subscriptions,"Client experience for service businesses, product-led growth, productised services",Unknown - LinkedIn not inspectable,Unknown - requires LinkedIn verification,"Copilot's customers are agencies and service businesses productising what they sell - and that audience is unusually active on LinkedIn and hungry for operational guidance. A founder with visibility into hundreds of those businesses can say what separates the ones that scale from the ones that stall, which is both differentiated and exactly what his own buyers read.",Apple Developer spotlight,"Copilot's buyers are agency and service-business owners - one of the most active audiences on LinkedIn. Marlon can see across hundreds of them which ones productise successfully and which stall. That is content his exact buyers would follow, and it does not exist.","TAM: Confirmed; Workflow automation / customer-success software (client portals) sold to Tech-enabled service businesses in technology, marketing and financial services. Size: 11-50 (confidence Medium). HQ: New York, NY, United States (High). Ability to pay: Confirmed. Buyer: Co-Founder & CEO, Founder-CEO, operational.","founder LinkedIn URL not captured; LinkedIn posting activity could not be inspected from the research environment, so content-gap fields are inference not observation",research confidence Medium; LinkedIn activity unverified; founder profile URL unverified,2026-09-14,https://techcrunch.com/2023/01/19/copilot-lands-10m-to-help-service-businesses-build-digital-customer-experiences,https://tracxn.com/d/companies/copilot/__aj6HvPQbYLhnYTElhvfu93o9Er78XZd_alVI0D7Zt9g | https://developer.apple.com/news/?id=m1mmw99d,"SOURCE NAME/DOMAIN MISMATCH: the dataset row pairs the company name 'Assembly' with the domain copilot.app. Research is pinned to the domain, which the audit established as the reliable identity key, and copilot.app resolves to Marlon Misra and Neil Raina's client-portal company. A separate, unrelated employee-recognition company also trades as Assembly at joinassembly.com (Los Angeles, founded 2017 by Saravana Vijay Kumar and Jonathan Fields, $5.67M raised); it is not this row and may appear elsewhere in the queue under its own domain. Co-founded in early 2020 by Marlon Misra (CEO) and Neil Raina; New York; 11-50 employees; $13M raised with YC Continuity and Lachy Groom backing at a $100M post-money valuation. Identity note: search results also surfaced an unrelated 'CoPilot AI' and Microsoft's Copilot, so the record here is pinned to copilot.app and the TechCrunch coverage of the service-business client-portal product."
19,B,83,Syncari,syncari.com,https://syncari.com,https://www.linkedin.com/company/syncari,Nick Bonfiglio,Nick,Bonfiglio,Founder & CEO,unverified,"Newark, CA","Newark, CA, United States",US-based (High confidence),conflicting: 19 to 130 across sources,11-50 (unresolved conflict),"$1.8M ARR (GetLatka 2024, likely stale given 2025 Series B)",$44M across 4 rounds,active,Confirmed B2B SaaS,High confidence: Confirmed B2B SaaS. Real-time source-side agentic master data platform powering automation and context-sharing across multi-agent systems with AI-ready data.,Confirmed: $44M raised including a $20M Series B in September 2025; well capitalised with an operating enterprise data platform,"Master data management, GTM data architecture, enterprise product leadership; ex-EVP Global Product at Marketo; founder of Aptrinsic (sold to Gainsight 2018)",Writes company-blog CEO letters; LinkedIn cadence not inspectable,"Moderate to ideal - clearly willing to write, but publishing on the company blog at funding moments rather than building a sustained personal position","Bonfiglio already writes CEO letters, which proves willingness and voice - they are just episodic and hosted on the company blog where they die. He has the strongest available credential for the 'agents fail on bad data' argument (Marketo product leadership, one exit, now a $20M Series B), and that thesis is the hottest unclaimed position in enterprise AI right now.","$20M Series B, September 2025","Nick already writes the CEO letters, so the voice exists - it just only appears at funding moments and lives on the company blog. A repeat founder with a Marketo background and a fresh Series B has the credential to own 'AI agents fail on untrusted data' as a sustained position, not a periodic announcement.","TAM: Confirmed; Data infrastructure (agentic master data management) sold to Enterprise revenue and data teams unifying data across GTM systems and AI agents. Size: 11-50 (unresolved conflict) (confidence Low). HQ: Newark, CA, United States (High). Ability to pay: Confirmed. Buyer: Founder & CEO, Founder-CEO, operational.","penalties applied: unresolved employee conflict (-10); employee count not independently verified; founder LinkedIn URL not captured; LinkedIn posting activity could not be inspected from the research environment, so content-gap fields are inference not observation",research confidence Medium; LinkedIn activity unverified; founder profile URL unverified,2026-09-14,https://syncari.com/blog/letter-from-the-ceo-announcing-our-series-a-funding-round/,https://pitchbook.com/profiles/company/343369-54 | https://getlatka.com/companies/syncari | https://www.owler.com/company/syncari,"Employee estimates range from 19 to 130 depending on source and date - a material conflict recorded rather than resolved, and the reason the structural-fit score is not full. Held as Qualified because the dataset band, the lower public estimates and a $20M Series B are all consistent with a company in the 11-50 range recently, but headcount must be confirmed before outreach. Founder-CEO Nick Bonfiglio is a repeat founder with a prior exit (Aptrinsic to Gainsight, 2018) and was EVP of Global Product at Marketo."
20,B,83,Taqtile,taqtile.com,https://taqtile.com,https://www.linkedin.com/company/taqtile,Dirck T. Schou Jr.,Dirck,Jr.,CEO & Co-Founder,unverified,"Seattle, WA","Seattle, WA, United States",US-based (High confidence),41 (Jun 2026),11-50,1M-5M (vendor estimate),$21M over 4 rounds,active,Confirmed B2B SaaS,"High confidence: Confirmed B2B SaaS. Manifest platform using augmented reality, spatial computing and 3D visualisation to guide deskless workers through complex tasks more efficiently and safely.",Confirmed: $21M raised across 4 rounds; industrial and defence-adjacent enterprise customers on deployment contracts,"Augmented and mixed reality, spatial computing, deskless workforce enablement, industrial training",Unknown - LinkedIn not inspectable,Unknown - requires LinkedIn verification,"AR has burned through a decade of hype and industrial deployment is where it quietly works. A founder with real deployments can write the honest version - what AR actually delivers on a factory floor versus what the headsets promised - which is a credibility play available precisely because the category overpromised for so long. The skills-transfer angle as experienced industrial workers retire is a second, urgent thread.",Scout Ventures investment,"AR spent a decade overpromising and Dirck has the deployments to say plainly what it does and does not deliver on an industrial floor. That honest-operator position is unusually valuable in a category this discredited, and the retiring-workforce skills-transfer problem gives it real urgency.","TAM: Confirmed; Artificial intelligence / industry-specific B2B software (spatial computing for deskless work) sold to Industrial enterprises with deskless workforces performing complex maintenance and assembly tasks. Size: 11-50 (confidence High). HQ: Seattle, WA, United States (High). Ability to pay: Confirmed. Buyer: CEO & Co-Founder, Founder-CEO, operational.","founder LinkedIn URL not captured; LinkedIn posting activity could not be inspected from the research environment, so content-gap fields are inference not observation",research confidence Medium; LinkedIn activity unverified; founder profile URL unverified,2026-09-14,https://www.geekwire.com/2022/taqtile-raises-5m-a-startup-that-sells-ar-enabled-job-training-tech/,https://www.finsmes.com/2024/01/taqtile-receives-investment-from-scout-ventures.html | https://tracxn.com/d/companies/taqtile/__KeaJN1rVYil5_LF-6h374vKdx5amo1Av2PtGFymgMo4 | https://wearable-technologies.com/news/seattle-based-ar-startup-taqtile-raises-3-million-partners-with-magic-leap,"41 employees, down from a reported 55 in 2022, so the company has contracted into the target band rather than grown through it - worth noting but not disqualifying. CEO and co-founder Dirck Schou still leads. Partnerships with Magic Leap and Downer Group give real enterprise proof."
21,B,82,Rali,getrali.com,https://getrali.com,https://www.linkedin.com/company/raliplatform,Rich Cannon,Rich,Cannon,Chief Executive Officer,unverified,"Alpharetta, GA","Alpharetta, GA, United States",US-based (High confidence),49,11-50,1M-5M (vendor estimate),$27.1M,active,Confirmed B2B SaaS,"High confidence: Confirmed B2B SaaS. AI-powered Change Experience Platform combining a change methodology with expert-led journeys on a Learn, Do, Inspire model to drive behavioural change across teams and leadership.",Confirmed: $27.1M raised with 49 employees and enterprise transformation programmes - substantial contract values,"Enterprise change management, learning technology commercialisation",Unknown - LinkedIn not inspectable,Unknown - requires LinkedIn verification,"Most change-management content is consultancy boilerplate. A CEO with delivery data across enterprise transformation programmes could say which change initiatives actually stick and which quietly fail - a specific, uncomfortable and therefore memorable argument.",Partnered with Trevelino/Keller to drive growth through a refreshed website and integrated marketing (2024-11-20),"Change-management content is almost entirely consultancy boilerplate. Rich has delivery data on which transformation programmes actually stick - naming why most quietly fail is the kind of uncomfortable, specific argument that gets read.","TAM: Confirmed; HR technology / productivity software (change and learning) sold to Enterprises running behavioural change, leadership and transformation programmes. Size: 11-50 (confidence High). HQ: Alpharetta, GA, United States (High). Ability to pay: Confirmed. Buyer: Chief Executive Officer, Non-founder CEO.","penalties applied: engaged external marketing agency, so some content support exists (-5); founder LinkedIn URL not captured; LinkedIn posting activity could not be inspected from the research environment, so content-gap fields are inference not observation",research confidence Medium; LinkedIn activity unverified; founder profile URL unverified,2026-09-14,https://brandonhall.com/ralis-ai-powered-platform-helps-organizations-achieve-transformational-change/,https://www.zoominfo.com/c/rali-solutions-llc/397585814 | https://www.businesswire.com/news/home/20241120148414/en/Rali-Partners-With-TrevelinoKeller-to-Drive-Growth-Through-Refreshed-Website-and-Integrated-Marketing | https://pitchbook.com/profiles/company/416505-07,"49 employees - right at the top of the band, so confirm before outreach. Buyer structure is split: Larry Mohl founded the company in 2016 and Rich Cannon is CEO. Cannon is recorded as primary on buying authority, but Mohl is by far the stronger content subject - he was Chief Learning Officer at both American Express and Children's Healthcare of Atlanta, which is close to ideal authority for a company selling behavioural change to enterprises. Confirm Mohl's current involvement. Note also that Rali engaged Trevelino/Keller for integrated marketing, so external content support exists - a partial negative signal, though agency marketing is not the same as founder ghostwriting."
22,B,82,Valer,valer.health,https://valer.health,https://www.linkedin.com/company/valer-health,Steve S. Kim,Steve,Kim,CEO & Co-Founder,unverified,"Huntington Beach, CA","Huntington Beach, CA, United States",US-based (High confidence),24 (Apr 2026),11-50,1M-5M (vendor estimate),Bootstrapped - no funding rounds raised,active,Confirmed B2B SaaS,"High confidence: Confirmed B2B SaaS. Prior authorization and referral management platform automating submissions, status checking, verification, reporting and EHR synchronisation across settings, specialties and payers.",Probable: Bootstrapped and operating since 2012 with health-system customers on recurring contracts; sustained 13-year operation without outside capital indicates real revenue,"Prior authorization, payer-provider workflow, healthcare revenue cycle; holds a doctorate and is presented as Dr. Steve Kim",Unknown - LinkedIn not inspectable,Unknown - requires LinkedIn verification,"Prior authorization is one of the most hated processes in US healthcare and is under active regulatory reform, so the audience is primed and angry. A clinician-founder who has spent thirteen years automating it, without VC money, can speak to both the policy argument and the operational reality - and the bootstrapped-for-13-years story is itself rare in healthtech.",Company rebrand to Valer,Prior auth is being reformed by regulators right now and Steve has spent thirteen bootstrapped years automating it. A clinician-founder who took no VC money and stayed on one problem that long has standing in that debate no funded newcomer can match - and the rebrand to Valer is the natural moment to claim it.,"TAM: Confirmed; Healthcare software / compliance technology (prior authorization) sold to Health systems, hospitals and specialty practices across all payers and settings. Size: 11-50 (confidence High). HQ: Huntington Beach, CA, United States (High). Ability to pay: Probable. Buyer: CEO & Co-Founder, Founder-CEO, operational.","founder LinkedIn URL not captured; LinkedIn posting activity could not be inspected from the research environment, so content-gap fields are inference not observation",research confidence High; LinkedIn activity unverified; founder profile URL unverified,2026-09-14,https://valer.health/leadership/dr-steve-kim/,https://www.businesswire.com/news/home/20240116934528/en/Prior-Authorization-Leader-Voluware-Unveils-New-Company-Brand-Valer | https://tracxn.com/d/companies/valer/__q7_65gBBtIDVM9zIDiywH6pcX2eLG8guGMIt7OS5f5s | https://valer.health/about-us/,"24 employees, both founders still in post, operating since 2012 entirely bootstrapped, and a category-repositioning rebrand from Voluware to Valer in January 2024. Prior authorization is under active regulatory reform in the US, which makes the timing strong. Bootstrapped status here is a positive buying signal: no investor communications machine, and discretionary spend funded by revenue."
23,B,82,Voltaiq,voltaiq.com,https://voltaiq.com,https://www.linkedin.com/company/voltaiq,Tal Sholklapper,Tal,Sholklapper,CEO & Co-Founder,unverified,"Berkeley, CA / New York, NY","Berkeley, CA, United States",US-based (High confidence),32,11-50,5M-10M (vendor estimate),$12M,active,Confirmed B2B SaaS,"High confidence: Confirmed B2B SaaS. Enterprise battery intelligence platform: battery-specific data model, analytics and AI agents for developing, producing and optimising batteries and battery-powered products.","Confirmed: $12M raised, Fortune 500 and OEM customers, enterprise demo-led platform, est. revenue 5M-10M",Battery materials science; PhD Materials Science UC Berkeley; ex-ARPA-E lead engineer at CUNY Energy Institute; previously co-founded Point Source Power,Unknown - LinkedIn not inspectable from this environment,Unknown - requires LinkedIn verification,"Voltaiq coined 'Battery Intelligence' in 2012 and has just repositioned around AI agents for battery engineering. That category-creation-to-AI-pivot arc, plus a decade of Fortune 500 battery programme war stories and an unusually credentialled technical founder story, is strong founder-led raw material that is not visible as founder content.",Company AI repositioning,"Voltaiq coined the term 'Battery Intelligence' in 2012 and has now rebuilt the platform around AI agents for battery engineers - a category-creator making a second category bet. That is a point of view only Tal can credibly hold, and it is currently living in product copy rather than in his own feed.","TAM: Confirmed; Data infrastructure / analytics (battery intelligence) sold to Enterprise and mid-market battery, EV, consumer electronics and energy storage manufacturers. Size: 11-50 (confidence Medium). HQ: Berkeley, CA, United States (High). Ability to pay: Confirmed. Buyer: CEO & Co-Founder, Co-founder, operational.","founder LinkedIn URL not captured; LinkedIn posting activity could not be inspected from the research environment, so content-gap fields are inference not observation",research confidence Medium; LinkedIn activity unverified; founder profile URL unverified,2026-09-14,https://www.voltaiq.com/about,https://sjfventures.com/sjf-invests-in-6-6-million-series-a-for-voltaiq/ | https://tracxn.com/d/companies/voltaiq/__og8wGgAjLZiqi1k4vMdYJxtIPN27TO00BzFj4Tf3XqQ | https://www.voltaiq.com/,"Primary buyer: founder-CEO with purchasing authority and public spokesperson role. || Founded 2012 in New York City; press release datelined Berkeley CA and Brooklyn NY, so HQ is dual-sited - Berkeley recorded as primary. Founder LinkedIn activity could not be inspected (LinkedIn is not reachable from this environment), so founder activity fields are unverified and scored conservatively."
24,B,81,Gray Matter Analytics,graymatteranalytics.com,https://graymatteranalytics.com,https://www.linkedin.com/company/graymatteranalytics,Sheila Talton,Sheila,Talton,Founder & CEO,https://www.linkedin.com/in/sheila-talton-8b295/,"Chicago, IL","Chicago, IL, United States",US-based (High confidence),not established; dataset 11-50,11-50 (unverified),1M-5M (vendor estimate),unverified,active,Confirmed B2B SaaS,"High confidence: Confirmed B2B SaaS. CoreTechs platform delivering Analytics as a Service for value-based care - predictive and prescriptive analytics to monitor performance, manage value-based contracts and reduce cost.","Probable: Operating since 2013 with payer and provider clients on recurring analytics contracts, and a newly announced collaboration with EY - a strong third-party credibility signal","Healthcare analytics, value-based care contracts, payer-provider performance; founded and has led the company since 2013",Moderate - has given a Female Founders interview; LinkedIn cadence not inspectable,Moderate - an interview exists and is hosted on the company site rather than built on personally,"Value-based care is a decade-old promise that most health systems still cannot make work financially, and the people with contract-performance data rarely speak publicly. A founder who has spent thirteen years on exactly that, and has just been validated by an EY collaboration, can say what actually separates value-based contracts that pay from ones that do not. Her Female Founders interview also indicates real appetite for the personal narrative thread.",EY collaboration announcement,"Value-based care is a decade-old promise most health systems still cannot make pay, and the people holding contract-performance data almost never speak. Sheila has thirteen years of it and a fresh EY collaboration as the hook - and her one existing interview sits on the company's own press page.","TAM: Confirmed; Healthcare software / analytics (value-based care) sold to Healthcare payers and providers managing value-based contracts. Size: 11-50 (unverified) (confidence Low). HQ: Chicago, IL, United States (High). Ability to pay: Probable. Buyer: Founder & CEO, Founder-CEO, operational.","penalties applied: employee count unverified (-10); employee count not independently verified; LinkedIn posting activity could not be inspected from the research environment, so content-gap fields are inference not observation",research confidence Medium; LinkedIn activity unverified; founder profile URL captured,2026-09-14,https://www.linkedin.com/in/sheila-talton-8b295/,https://www.prnewswire.com/news-releases/gray-matter-analytics-and-ey-announce-collaboration-to-advance-value-based-care-302584406.html | https://www.graymatteranalytics.com/aboutus | https://www.graymatteranalytics.com/press_news/female-founders-sheila-talton-of-gray-matter-analytics-on-the-five-things-you-need-to-thrive-and-succeed-as-a-woman-founder/,"Founded 2013 in Chicago by Sheila Talton, who remains CEO, with a directly evidenced founder LinkedIn URL. Headcount could not be established. The timing signal is strong: a newly announced EY collaboration is exactly the kind of credibility milestone that justifies a founder visibility push. Talton has already given a Female Founders interview, which the company hosts on its own site - the material exists, it is just not hers."
25,B,81,Kickfin,kickfin.com,https://kickfin.com,https://www.linkedin.com/company/kickfin,Brian Hassan,Brian,Hassan,Co-Founder & Co-CEO,unverified,"Austin, TX","Austin, TX, United States",US-based (High confidence),dataset 11-50; not contradicted by public sources,11-50,1M-5M (vendor estimate),~$11M,active,Confirmed B2B SaaS,"High confidence: Confirmed B2B SaaS. Instant tip payout platform: auto-calculates tip pools from POS data and sends payouts straight to employees' bank accounts, removing cash from tip distribution.","Confirmed: $11M raised; $2B+ in tips processed for 250,000+ hospitality workers; thousands of operators as paying customers","Hospitality payments, digital tipping, tip-pooling compliance, repeat entrepreneurship",Unknown on LinkedIn; demonstrably active on podcasts,Moderate - appears on other people's podcasts but that material is not visibly repurposed into his own founder content,"Kickfin has paid out over $2B in tips to 250,000+ hospitality workers. That dataset supports a genuinely authoritative point of view on tipping, wage compliance and restaurant labour economics - a live, contested public debate where an operator-facing founder has standing that commentators do not.",Podcast appearances and FSTEC tip-management forum,"Brian is already doing the hard part - he shows up on Restaurant Strategy and Cali BBQ to talk about the future of tipping - but none of it is being repurposed into his own feed. A founder sitting on $2B of tip payout data has the only defensible position in the tipping debate, and it currently lives in other people's podcast archives.","TAM: Confirmed; Fintech software / vertical SaaS (hospitality payments) sold to Restaurant, bar and hospitality operators - multi-unit and enterprise groups. Size: 11-50 (confidence Medium). HQ: Austin, TX, United States (High). Ability to pay: Confirmed. Buyer: Co-Founder & Co-CEO, Co-founder, operational.","penalties applied: probable internal content support (-5 partial); founder LinkedIn URL not captured; LinkedIn posting activity could not be inspected from the research environment, so content-gap fields are inference not observation",research confidence Medium; LinkedIn activity unverified; founder profile URL unverified,2026-09-14,https://www.pymnts.com/restaurant-innovation/2023/kickfin-ceo-says-digital-tipping-and-instant-payouts-help-restaurants-fight-economic-headwinds/,https://content.calibbq.media/justin-roberts-and-brian-hassan-on-kickfins-mission-to-modernize-hospitality-tip-payments/ | https://restaurant-strategy-1.castos.com/episodes/the-future-of-tipping-with-kickfin-co-founder-brian-hassan | https://kickfin.com/success-stories/ | https://www.g2.com/products/kickfin/reviews,"Founded 2017 in Austin by best friends and repeat entrepreneurs Brian Hassan and Justin Roberts, who run the company as Co-CEOs. Both already appear on hospitality podcasts, which is a strong signal of willingness to do founder-led content and of existing raw material that is not being repurposed."
26,B,81,ReadyWorks,readyworks.com,https://readyworks.com,https://www.linkedin.com/company/readyworks-software,Andrew Sweeney,Andrew,Sweeney,Founder & CEO,unverified,"White Plains, NY","White Plains, NY, United States",US-based (High confidence),23,11-50,$2.7M (GetLatka),$8M,active,Confirmed B2B SaaS,"High confidence: Confirmed B2B SaaS. Agentic ITOps platform for hybrid IT: unifies infrastructure observability, automates VMware migration and endpoint/server/storage lifecycle tasks, and orchestrates governed change.",Confirmed: $8M raised and ~$2.7M revenue on a 23-person team; Gartner-recognised enterprise ITOps platform with large-account contracts,"IT transformation, infrastructure migration, orchestration and automation, hybrid IT operations",Unknown - LinkedIn not inspectable,Unknown - requires LinkedIn verification,"Every large IT organisation is being forced through VMware migration decisions on a deadline, and ReadyWorks automates that work. A founder with migration data across enterprises can publish the practical playbook that IT leaders are actively searching for right now - the rare case where the content need and the buying trigger are the same event.",Agentic AI repositioning and VMware migration demand (2026),"VMware migration is a forced, budgeted, deadline-driven project at nearly every large IT shop right now, and ReadyWorks automates it. Andrew has migration data across enterprises - the practical playbook IT leaders are searching for today, which currently exists only as company blog posts rather than his own argument.","TAM: Confirmed; Workflow automation / IT operations (digital platform conductor) sold to Enterprise IT teams and IT service providers running hybrid infrastructure. Size: 11-50 (confidence High). HQ: White Plains, NY, United States (High). Ability to pay: Confirmed. Buyer: Founder & CEO, Founder-CEO, operational.","founder LinkedIn URL not captured; LinkedIn posting activity could not be inspected from the research environment, so content-gap fields are inference not observation",research confidence Medium; LinkedIn activity unverified; founder profile URL unverified,2026-09-14,https://getlatka.com/companies/readyworks,https://www.zoominfo.com/c/readyworks/476776790 | https://www.gartner.com/reviews/market/service-orchestration-and-automation-platforms/vendor/readyworks/product/readyworks | https://www.readyworks.com/,"23 employees, founder-CEO Andrew Sweeney still leading, Gartner recognition as a digital platform conductor. Timing is unusually favourable: enterprise VMware migration is a forced, budgeted, deadline-driven project across the market right now and ReadyWorks automates exactly that."
27,B,81,Zoneomics,zoneomics.com,https://zoneomics.com,https://www.linkedin.com/company/zoneomics,Matthew Player,Matthew,Player,CEO & Co-Founder,unverified,United States,"not established precisely, United States",US-based (Medium confidence),25 (Jun 2026),11-50,1M-5M (vendor estimate),$3M over 1 round,active,Confirmed B2B SaaS,"High confidence: Confirmed B2B SaaS. Zoning and land-use intelligence platform covering 20,000 US municipalities, delivered as a map web platform, zoning reports, a zoning data API and bulk data; recently launched Bassett.ai as an AI operating system for zoning.","Probable: 25 employees with blue-chip clients (Cushman & Wakefield, Stanford University, Crexi, Sidewalk Labs) and API/bulk data contracts at enterprise scale; 1M bulk API calls delivered in 2025","Zoning and land-use planning, real estate data, proptech; serial proptech entrepreneur with 13 years in real estate",Moderate - appears on the PropTech VC Podcast; LinkedIn cadence not inspectable,Moderate - podcast appearances exist but are not repurposed into a personal position,"Zoning is at the centre of the US housing supply debate and Zoneomics holds structured data on 20,000 municipalities - the only dataset that can turn that argument from ideology into evidence. A founder who can show what zoning actually permits, at national scale, has a genuinely scarce and highly topical position, and right now it surfaces only when a podcast host invites him on.",Bassett.ai launch and Crexi partnership,"Zoning sits at the centre of the US housing debate and almost all of that argument is ideological, because nobody has the data. Matthew has structured zoning for 20,000 municipalities. He can turn that debate into evidence - and today it only comes out when a podcast host asks.","TAM: Confirmed; Data infrastructure / PropTech (zoning intelligence) sold to Commercial real estate investors, developers, brokerages and proptech platforms. Size: 11-50 (confidence High). HQ: not established precisely, United States (Medium). Ability to pay: Probable. Buyer: CEO & Co-Founder, Founder-CEO, operational.","penalties applied: exact HQ city not established (-5); founder LinkedIn URL not captured; LinkedIn posting activity could not be inspected from the research environment, so content-gap fields are inference not observation",research confidence Medium; LinkedIn activity unverified; founder profile URL unverified,2026-09-14,https://www.zoneomics.com/about,https://www.zoneomics.com/blog/2025-recap-zoneomics-advancing-zoning-intelligence | https://proptechvc.podbean.com/e/how-technology-helps-to-capture-zoning-and-land-use-information-in-real-estate/ | https://tracxn.com/d/companies/zoneomics/__19L6IAZeuJlPEoDhMkKH1QsfQbpmGIaO8UMaL6e2Vms,"HQ recorded as United States at Medium confidence: the precise city could not be pinned down from search, but the product covers 20,000 US municipalities exclusively and the client base is US institutional (Cushman & Wakefield, Stanford, Crexi, Sidewalk Labs), which is strong circumstantial evidence of US operation. 25 employees confirmed. Founder-CEO Matthew Player already appears on the PropTech VC Podcast, so existing raw material is available to repurpose."
28,B,80,FundMiner,fundminer.com,https://fundminer.com,https://www.linkedin.com/company/fundminer,Chelsea Lamego,Chelsea,Lamego,Co-Founder & CEO,unverified,"El Paso, TX","El Paso, TX, United States",US-based (High confidence),29,11-50,1M-5M (vendor estimate),$4.22M from 7 investors,active,Confirmed B2B SaaS,High confidence: Confirmed B2B SaaS. Platform automating management and stewardship of restricted philanthropic funds for large fundraising organisations.,Probable: $4.22M raised across 7 investors with 29 employees; universities and community foundations are slow but high-value recurring customers,"Philanthropic fund management, higher education advancement, restricted-fund stewardship",Moderate - a founding-story post exists on the company hub; LinkedIn cadence not inspectable,Moderate - the founding story is published under the company hub rather than in her own voice,"Restricted fund stewardship is a subject university advancement teams worry about constantly - donors asking whether their gift was used as promised - and nobody writes about it credibly. A female founder-CEO building for that in El Paso, rather than a coastal hub, has two distinct threads and an audience that is small, identifiable and reachable.",Seed round,"University advancement teams live in fear of a donor asking whether their gift was actually used as promised, and nobody writes credibly about restricted-fund stewardship. Chelsea already wrote the founding story for the company hub - moving that voice to her own feed would put her in front of a small, precisely identifiable buying audience.","TAM: Confirmed; Vertical SaaS / financial operations (philanthropic fund management) sold to Higher education institutions and community foundations managing restricted philanthropic funds. Size: 11-50 (confidence High). HQ: El Paso, TX, United States (High). Ability to pay: Probable. Buyer: Co-Founder & CEO, Founder-CEO, operational.","founder LinkedIn URL not captured; LinkedIn posting activity could not be inspected from the research environment, so content-gap fields are inference not observation",research confidence High; LinkedIn activity unverified; founder profile URL unverified,2026-09-14,https://hub.fundminer.com/fundminer-blog/why-we-started-fundminer,https://www.crunchbase.com/organization/fundminer | https://www.zoominfo.com/c/fundminer/566154566,"FundMiner sells to universities and foundations but is itself a for-profit private software company, so the nonprofit and educational exclusions do not apply - they cover the company's own status, not its customers. 29 employees, co-founder Chelsea Lamego is CEO, El Paso base. The company has already published a 'Why We Started FundMiner' piece, so the founding story is written and available to build on."
29,B,80,Peachjar,peachjar.com,https://peachjar.com,https://www.linkedin.com/company/peachjar,Mike Durham,Mike,Durham,Founder & CEO,unverified,"San Diego, CA","San Diego, CA, United States",US-based (High confidence),31 (Apr 2026),11-50,10M-25M (vendor estimate),$6.9M,active,Confirmed B2B SaaS,"High confidence: Confirmed B2B SaaS. Digital flyer distribution platform connecting schools with parents, replacing paper backpack flyers with targeted digital delivery.",Confirmed: $6.9M raised with school-district contracts and a two-sided model charging community organisations for flyer distribution; 31 staff on an established platform,"K-12 school communications, parent engagement, two-sided marketplace economics, EdTech district sales",Unknown - LinkedIn not inspectable,Unknown - requires LinkedIn verification,"Selling into K-12 districts is notoriously slow and political, and almost nobody writes honestly about how that buying process works. Durham has done it at national scale and also runs a two-sided model where districts pay nothing - two specific, hard-won operator lessons with a real audience among EdTech founders and district administrators.",Named a 'Cool Company' by San Diego Venture Group,Mike has sold into K-12 districts at national scale with a model where the district pays nothing - the two hardest problems in EdTech solved in one business. District buying and two-sided pricing are things founders actively search for and nobody credible writes about.,"TAM: Confirmed; EdTech / vertical SaaS (school-to-home communications) sold to K-12 school districts and the community organisations that want to reach their families. Size: 11-50 (confidence High). HQ: San Diego, CA, United States (High). Ability to pay: Confirmed. Buyer: Founder & CEO, Founder-CEO, operational.","founder LinkedIn URL not captured; LinkedIn posting activity could not be inspected from the research environment, so content-gap fields are inference not observation",research confidence Medium; LinkedIn activity unverified; founder profile URL unverified,2026-09-14,https://www.zoominfo.com/pic/peachjar-inc/357131148,https://tracxn.com/d/companies/peachjar/__Bzf1bjY0l1NwX4ABR2Yqxc9Umu18t94gcLdyIeS8Bdc | https://ms.peachjar.com/about-us,"Peachjar sells to school districts but is itself a for-profit private software company, so the educational-institution exclusion does not apply - the exclusion covers the company being a school, not selling to them. 31 employees, founder-CEO Mike Durham still leading, San Diego HQ confirmed."
30,B,80,Worthix,worthix.com,https://worthix.com,https://www.linkedin.com/company/worthix,Guilherme Cerqueira,Guilherme,Cerqueira,Founder & CEO,https://www.linkedin.com/in/guicerqueira (slug evidenced via post URL; profile not inspectable),"Atlanta, GA","Atlanta, GA, United States",US-based (Medium confidence),33,11-50,1M-5M (vendor estimate),$21.7M over 3 rounds from 3 investors,active,Confirmed B2B SaaS,"High confidence: Confirmed B2B SaaS. Self-adaptive AI survey that measures the reasons behind purchase, loyalty and churn decisions, generating questions in real time from what customers actually want to discuss instead of a fixed questionnaire.",Confirmed: $21.7M raised through Series B; enterprise CX and market-research buyers on recurring platform contracts,"Marketing research (19+ years), customer experience measurement, AI survey design; serial entrepreneur; 500 Startups, ATDC, ESOMAR and Endeavor member",Moderate - a LinkedIn post is evidenced and he has given long-form interviews; cadence not inspectable,"Moderate to ideal - clear expertise and existing interview material, no sustained personal publishing","NPS and traditional survey methodology are widely disliked and rarely challenged by anyone with the credentials to do it. Cerqueira has 19 years in marketing research and built a company on the premise that fixed surveys are the wrong instrument - a genuinely contrarian, defensible position that is currently expressed only as product positioning.",AI customer-insight capability launch,Everyone complains about NPS and fixed surveys; almost nobody with 19 years in research methodology says plainly why they are the wrong instrument. Guilherme built a company on that argument and it currently lives in product copy and a single Authority Magazine interview.,"TAM: Confirmed; Analytics / customer-success software (voice of customer) sold to Enterprise customer-experience and insights teams. Size: 11-50 (confidence Medium). HQ: Atlanta, GA, United States (Medium). Ability to pay: Confirmed. Buyer: Founder & CEO, Founder-CEO, operational.","penalties applied: dual-location HQ unresolved (-5); LinkedIn posting activity could not be inspected from the research environment, so content-gap fields are inference not observation",research confidence Medium; LinkedIn activity unverified; founder profile URL captured,2026-09-14,https://www.crunchbase.com/person/guilherme-cerqueira,https://medium.com/authority-magazine/the-future-is-now-guilherme-cerqueira-of-worthix-on-how-their-technological-innovation-wil-l-shake-b131cbbcf38b | https://tracxn.com/d/companies/worthix/__CChcKN2HpAlkwC3S1Rgue5Stwq_roZCh_AVBkdwERig | https://hypepotamus.com/companies/worthix/,"Silicon Valley born, Atlanta based - sources describe both San Francisco and Atlanta, so the primary site is recorded as Atlanta at Medium confidence. Founded 2015 by brothers Guilherme and Gustavo Cerqueira; 33 employees; Series B. Guilherme's LinkedIn slug is evidenced via a post URL (guicerqueira), one of the few founder handles recovered so far, and he has given a long-form Authority Magazine interview."
31,B,79,SchedulePop,schedulepop.com,https://schedulepop.com,https://www.linkedin.com/company/schedulepop,Ben Wingrove,Ben,Wingrove,Founder,unverified,"Raleigh, NC","Raleigh, NC, United States",US-based (High confidence),~14 (2026),11-50,"$1.5M ARR (2025, GetLatka); disclosed valuation $4.6M",Bootstrapped - self-funded with no outside investment,active,Confirmed B2B SaaS,"High confidence: Confirmed B2B SaaS. End-to-end staff scheduling and communication platform serving shift-based industries, with accessibility features including support for blind staff.","Confirmed: $1.5M ARR clears the $1M threshold, bootstrapped since 2014 with consistent revenue growth, so spend is discretionary and revenue-funded","Shift scheduling, hospitality operations, accessible software design, bootstrapped SaaS",Unknown - LinkedIn not inspectable,Likely ideal - a 14-person bootstrapped company has no content function and the founder has a strong untold story,"Two distinct threads, both rare. First, building accessible scheduling software that blind staff can actually use - a specific, principled engineering choice almost nobody in shift software makes or talks about. Second, reaching $1.5M ARR self-funded from a venue-owner's own operating pain, which is the founder story the bootstrapped audience reads constantly and rarely gets first-hand.",unverified,"Ben built SchedulePop because he and his wife were remotely running a music venue and restaurant and the scheduling was breaking them. He then made it work for blind staff - a deliberate engineering choice nobody else in shift software makes. Two strong, specific stories and neither is anywhere public.","TAM: Confirmed; Workflow automation / HR technology (staff scheduling) sold to Restaurants, venues, nursing homes, hospitals, festivals, country clubs and emergency departments. Size: 11-50 (confidence High). HQ: Raleigh, NC, United States (High). Ability to pay: Confirmed. Buyer: Founder, Founder, operational.","founder LinkedIn URL not captured; LinkedIn posting activity could not be inspected from the research environment, so content-gap fields are inference not observation",research confidence Medium; LinkedIn activity unverified; founder profile URL unverified,2026-09-14,https://www.schedulepop.com/company,https://getlatka.com/companies/schedulepop.com | https://grepbeat.com/2019/11/07/schedulepop-makes-scheduling-staff-easier-including-for-the-blind/ | https://tracxn.com/d/companies/schedulepop/__RSl3Zlb9twrS3nJ03ObE9mEeovvUoJT5OiW0auaQNb4,"14 employees, bootstrapped since 2014, $1.5M ARR. On a team this size there is almost certainly no internal content function, which is the ideal condition for this service. Founder story is unusually good: Ben Wingrove and his wife owned and remotely operated a music venue and restaurant in Richmond VA and built the product out of that operating pain, and the platform has a documented accessibility angle for blind staff."
32,B,79,Swell,swellcx.com,https://swellcx.com,https://www.linkedin.com/company/swell-cx,Zeke Kuch,Zeke,Kuch,Chief Executive Officer,unverified,"Salt Lake City, UT","Salt Lake City, UT, United States",US-based (High confidence),48,11-50,$5.7M ARR (GetLatka 2024),$19.74M (Crunchbase) - conflicts with a GetLatka 'bootstrapped' label,active,Confirmed B2B SaaS,"High confidence: Confirmed B2B SaaS. AI healthcare reputation management and patient experience platform generating reviews, capturing feedback and surfacing real-time operational insight across multiple locations.","Confirmed: $5.7M ARR sits in the most attractive revenue band, with $19.74M raised and 48 employees","Patient experience, healthcare reputation management, multi-location service operations",Unknown - LinkedIn not inspectable,Unknown - requires LinkedIn verification,"Healthcare reputation is a subject practices worry about constantly and discuss badly - most advice is generic SEO commentary. A CEO with review and feedback data across healthcare and dental groups can say what actually moves patient acquisition, which is specific, evidenced and directly useful to the buyer.",Series A-II following triple-digit growth (2022-08-26),"Swell has review and feedback data across healthcare and dental groups, so Zeke can say what actually moves patient acquisition instead of the generic reputation-management advice practices are drowning in. That evidence-backed version does not exist anywhere.","TAM: Confirmed; Healthcare software / customer-success software (reputation and patient experience) sold to Healthcare organisations, dental practices and multi-location local service businesses. Size: 11-50 (confidence High). HQ: Salt Lake City, UT, United States (High). Ability to pay: Confirmed. Buyer: Chief Executive Officer, CEO; founder status not established.","penalties applied: founder status of the CEO unverified (-5); funding sources conflict (-5); founder LinkedIn URL not captured; LinkedIn posting activity could not be inspected from the research environment, so content-gap fields are inference not observation",research confidence Medium; LinkedIn activity unverified; founder profile URL unverified,2026-09-14,https://www.swellcx.com/resources/swell-raises-8m-series-a-after-experiencing-triple-digit-growth-in-2020,https://www.crunchbase.com/organization/swell-cx | https://getlatka.com/companies/swell | https://www.swellcx.com/,"Confirm whether Zeke Kuch is a founder and whether any founder remains operational before outreach. || 48 employees, $5.7M ARR - the most attractive revenue band - and a Salt Lake City base. Two caveats recorded rather than resolved. First, whether CEO Zeke Kuch is a founder is not established; he is recorded as the buyer under the brief's non-founder-CEO provision and the founder question is flagged. Second, funding evidence conflicts: Crunchbase reports $19.74M raised while GetLatka labels the company bootstrapped, which cannot both be true. Neither caveat affects TAM or affordability."
33,B,79,Tactic,gettactic.com,https://gettactic.com,https://www.linkedin.com/company/gettactic,Reid Hiatt,Reid,Hiatt,Co-Founder & CEO,unverified,"Lehi, UT","Lehi, UT, United States",US-based (High confidence),not established by search; dataset 11-50,11-50 (unverified),1M-5M (vendor estimate),$30.0M across 4 rounds,active,Confirmed B2B SaaS,"High confidence: Confirmed B2B SaaS. Hybrid workplace management platform: desk and room reservation, visitor management, workplace requests, space-utilisation analytics and an AI assistant (Tessa), integrated with Outlook, Slack and HRIS systems.","Confirmed: $30M raised from an unusually strong investor list (Founders Fund, Lux Capital, Elad Gil, Dylan Field, Ramp) with an operating enterprise workplace platform","Hybrid work, workplace operations, space utilisation, workplace AI",Unknown - LinkedIn not inspectable,Unknown - requires LinkedIn verification,"Return-to-office is one of the most argued-about topics in business and almost all of it is opinion. Tactic holds actual space-utilisation data across enterprise customers, so Hiatt can settle questions others speculate about - what attendance mandates really do to occupancy. That is a data-backed contrarian position in a debate saturated with anecdote.",AI assistant 'Tessa' added to the platform (2026),"Everyone argues about return-to-office from anecdote; Tactic has the occupancy data. Reid can publish what attendance mandates actually do to office usage - the one evidence-backed position available in that debate, and it is sitting unused inside the product.","TAM: Confirmed; Workflow automation / enterprise collaboration (hybrid workplace) sold to Enterprises and distributed teams managing hybrid offices. Size: 11-50 (unverified) (confidence Low). HQ: Lehi, UT, United States (High). Ability to pay: Confirmed. Buyer: Co-Founder & CEO, Founder-CEO, operational.","penalties applied: employee count unverified (-10); employee count not independently verified; founder LinkedIn URL not captured; LinkedIn posting activity could not be inspected from the research environment, so content-gap fields are inference not observation",research confidence Medium; LinkedIn activity unverified; founder profile URL unverified,2026-09-14,https://utahbusiness.com/tactic-raises-money-for-hybrid-office-solutions,https://www.crunchbase.com/organization/tactic-24fb | https://www.gettactic.com/,"Founded 2020 in Lehi, Utah by three friends - Reid Hiatt (CEO), Christopher Barcus (CFO), Austin Hale (COO) - all still in post. The investor list is exceptional for a company this size and is itself a strong ability-to-pay signal. Headcount not established publicly."
34,B,79,Worklio,worklio.com,https://worklio.com,https://www.linkedin.com/company/worklio,Robert Osterlund,Robert,Osterlund,Founder & CEO,unverified,"Miami, FL","Miami, FL, United States",US-based (Medium confidence),47,11-50,10M-25M (vendor estimate),unverified,active,Confirmed B2B SaaS,"High confidence: Confirmed B2B SaaS. Embedded, white-label, multi-tenant payroll and HCM stack with tax operations, filings, payments and benefits, sold to platforms and PEOs.","Confirmed: Over $30 billion in payroll and taxes processed; embedded multi-tenant payroll platform sold to PEOs and software platforms, a high-contract-value motion","Embedded payroll, PEO operations, payroll tax compliance, multi-tenant platform architecture",Unknown - LinkedIn not inspectable,Unknown - requires LinkedIn verification,"Embedded fintech is a loud category but embedded payroll is the hardest and least-discussed corner of it, because tax filing is where most platforms fail. A founder who has run $30B through that plumbing can make the definitive build-vs-buy argument to every platform CEO currently underestimating payroll tax.",PEO platform launch and executive hiring,"Every platform considering embedded payroll underestimates tax filing, and Robert has $30B of evidence for why. That build-vs-buy argument aimed at platform CEOs is a category-defining post he is uniquely placed to make, and Worklio's marketing currently addresses PEO buyers instead.","TAM: Confirmed; HR technology / fintech software (embedded payroll) sold to PEOs, software platforms, marketplaces and service providers embedding payroll. Size: 11-50 (confidence Medium). HQ: Miami, FL, United States (Medium). Ability to pay: Confirmed. Buyer: Founder & CEO, Founder-CEO, operational.","penalties applied: funding unknown; founder LinkedIn URL not captured; LinkedIn posting activity could not be inspected from the research environment, so content-gap fields are inference not observation",research confidence Medium; LinkedIn activity unverified; founder profile URL unverified,2026-09-14,https://www.worklio.com/,https://rocketreach.co/worklio-the-1-embedded-payroll-peo-platform-management_b55bb4d7f63791d3 | https://www.prnewswire.com/news-releases/kusko-hired-as-vp-customer-success-as-worklio-launches-its-peo-platform-300655971.html,"47 employees puts Worklio squarely in band. Operating since 2017 with $30B+ in payroll processed - strong ability-to-pay evidence without any funding data, which is exactly the case the brief says not to reject on missing funding. Leadership: Robert Osterlund (Founder), Azadeh Banai (President), Radek Voltr (CTO)."
35,B,78,Provus Inc,provusinc.com,https://provusinc.com,https://www.linkedin.com/company/provusinc,Mahesh B.,Mahesh,B.,CEO & Co-Founder,unverified,"San Jose, CA","San Jose, CA, United States",US-based (High confidence),not established; dataset 11-50,11-50 (unverified),1M-5M (vendor estimate),"Backed by Norwest, Accel and Storm Ventures",active,Confirmed B2B SaaS,"High confidence: Confirmed B2B SaaS. Agentic AI services quoting platform built natively on Salesforce, covering estimation, pricing, collaboration, approvals and SOW generation.","Confirmed: Tier-one investors (Norwest, Accel, Storm Ventures); enterprise customers Thoughtworks, Trace3 and GlobalLogic on Salesforce-native platform contracts","CPQ - built and sold the first CPQ products on the market; services quoting, professional services operations, Salesforce ecosystem",Unknown - LinkedIn not inspectable,Unknown - requires LinkedIn verification,"Having built the original CPQ category and come back to rebuild it for services with agentic AI is a rare two-era arc. The specific, defensible argument - that product CPQ never worked for services and why - has quantified proof behind it from Thoughtworks, Trace3 and GlobalLogic, and no competitor can claim the same history.",Agentic AI platform launch,"Mahesh helped build the first CPQ products ever sold and has come back twenty years later to argue product CPQ never worked for services. That is a category-defining position with Thoughtworks and GlobalLogic numbers behind it, and right now it reads as a press release rather than a founder's argument.","TAM: Confirmed; Sales technology / revenue operations (services CPQ) sold to Professional services and systems integrator sales teams quoting complex engagements. Size: 11-50 (unverified) (confidence Low). HQ: San Jose, CA, United States (High). Ability to pay: Confirmed. Buyer: CEO & Co-Founder, Founder-CEO, operational.","penalties applied: employee count unverified (-10); employee count not independently verified; founder LinkedIn URL not captured; LinkedIn posting activity could not be inspected from the research environment, so content-gap fields are inference not observation",research confidence Medium; LinkedIn activity unverified; founder profile URL unverified,2026-09-14,https://provus.ai/company/,https://provus.ai/provus-launches-first-of-its-kind-agentic-ai-platform-for-intelligence-driven-services-quoting/ | https://www.provusinc.com/ | https://appexchange.salesforce.com/appxListingDetail?listingId=a0N4V00000Fz2VEUAZ,Surname abbreviated to 'B.' in public sources - confirm full name before outreach. || Founded 2021 in San Jose. The founding team built and sold the first CPQ products on the market and previously led sales and professional services organisations at large technology companies - unusually deep category credibility. Named enterprise customers with quantified outcomes. Headcount not established publicly.
36,B,78,Rali,getrali.com,https://getrali.com,https://www.linkedin.com/company/raliplatform,Larry Mohl,Larry,Mohl,Founder,unverified,"Alpharetta, GA","Alpharetta, GA, United States",US-based (High confidence),49,11-50,1M-5M (vendor estimate),$27.1M,active,Confirmed B2B SaaS,"High confidence: Confirmed B2B SaaS. AI-powered Change Experience Platform combining a change methodology with expert-led journeys on a Learn, Do, Inspire model to drive behavioural change across teams and leadership.",Confirmed: $27.1M raised with 49 employees and enterprise transformation programmes - substantial contract values,Corporate learning at scale - former Chief Learning Officer at American Express and at Children's Healthcare of Atlanta,Unknown,unverified,"Having been Chief Learning Officer at American Express and Children's Healthcare of Atlanta before founding a company to fix corporate learning is about as strong a credential as this category offers. He is the practitioner who ran the function and then built the alternative - the most persuasive possible position, and it is not being used.",Partnered with Trevelino/Keller to drive growth through a refreshed website and integrated marketing (2024-11-20),"Larry ran learning at American Express and Children's Healthcare of Atlanta, then built a company because corporate training so rarely changes behaviour. The practitioner who ran the function and then built the alternative is the most credible voice this category can produce - and he is silent.","TAM: Confirmed; HR technology / productivity software (change and learning) sold to Enterprises running behavioural change, leadership and transformation programmes. Size: 11-50 (confidence High). HQ: Alpharetta, GA, United States (High). Ability to pay: Confirmed. Buyer: Founder, Founder; current operational role to confirm.","penalties applied: engaged external marketing agency, so some content support exists (-5); founder's current operational role not confirmed; founder LinkedIn URL not captured; LinkedIn posting activity could not be inspected from the research environment, so content-gap fields are inference not observation",research confidence Medium; LinkedIn activity unverified; founder profile URL unverified,2026-09-14,https://brandonhall.com/ralis-ai-powered-platform-helps-organizations-achieve-transformational-change/,https://www.zoominfo.com/c/rali-solutions-llc/397585814 | https://www.businesswire.com/news/home/20241120148414/en/Rali-Partners-With-TrevelinoKeller-to-Drive-Growth-Through-Refreshed-Website-and-Integrated-Marketing | https://pitchbook.com/profiles/company/416505-07,"Confirm whether Larry Mohl remains operationally involved; if so he is the stronger content subject of the two. || 49 employees - right at the top of the band, so confirm before outreach. Buyer structure is split: Larry Mohl founded the company in 2016 and Rich Cannon is CEO. Cannon is recorded as primary on buying authority, but Mohl is by far the stronger content subject - he was Chief Learning Officer at both American Express and Children's Healthcare of Atlanta, which is close to ideal authority for a company selling behavioural change to enterprises. Confirm Mohl's current involvement. Note also that Rali engaged Trevelino/Keller for integrated marketing, so external content support exists - a partial negative signal, though agency marketing is not the same as founder ghostwriting."
37,B,78,Software.com,software.com,https://software.com,https://www.linkedin.com/company/softwaredotcom,Brett Stevens,Brett,Stevens,Founder (CEO per one source; conflicting),unverified,"San Francisco, CA","San Francisco, CA, United States",US-based (High confidence),27 (May 2026) to 30,11-50,"$3M (2024, GetLatka), up from $2.5M in 2023",$22M,active,Confirmed B2B SaaS,High confidence: Confirmed B2B SaaS. Cloud platform collecting and analysing development data across the software stack to give engineering teams automated delivery and productivity metrics.,"Confirmed: $22M raised against a 27-30 person team, $3M revenue growing year on year, 150K developer customers","Developer productivity measurement, engineering analytics, software delivery metrics",Unknown - LinkedIn not inspectable,Unknown - requires LinkedIn verification,"Measuring developer productivity is one of the most actively argued topics in engineering leadership, and the loudest objection - that measurement becomes surveillance - is exactly the objection a founder with data across 150K developers is best placed to answer. That is a genuine contrarian position with evidence behind it, and it is currently absent from the public debate.",Revenue growth from $2.5M to $3M year on year (2024),Engineering leaders argue constantly about whether developer productivity can be measured without turning into surveillance. Brett has data across 150K developers and is the one person who could answer that with evidence rather than opinion - and he is not in the conversation at all.,"TAM: Confirmed; Developer tools (engineering analytics) sold to Engineering leaders and software teams measuring delivery and developer productivity. Size: 11-50 (confidence High). HQ: San Francisco, CA, United States (High). Ability to pay: Confirmed. Buyer: Founder (CEO per one source; conflicting), Founder, operational status to confirm.","penalties applied: leadership conflict unresolved (-5); founder's current operational role not confirmed; founder LinkedIn URL not captured; LinkedIn posting activity could not be inspected from the research environment, so content-gap fields are inference not observation",research confidence Medium; LinkedIn activity unverified; founder profile URL unverified,2026-09-14,https://getlatka.com/companies/softwarecom,https://tracxn.com/d/companies/software/__J5Z4VeJ_5i0RfoVCV-ITzCkf2JT9AkLo_V6iABc4MyU | https://www.crunchbase.com/organization/softwaredotcom,"Confirm whether Brett Stevens or Zsolt Torok is the current CEO before outreach. || Founded 2017, San Francisco, 27-30 employees, $22M raised. One unresolved point: sources disagree on the current chief executive - Brett Stevens is consistently named as founder and is named CEO by one source, while another names Zsolt Torok. Recorded with Stevens as primary buyer on founder grounds, flagged for confirmation. Developer productivity measurement is a contested topic (DORA, SPACE, the 'you cannot measure developers' argument), which is unusually fertile ground for a founder point of view."
38,B,78,Stax.ai,stax.ai,https://stax.ai,https://www.linkedin.com/company/staxai,Naru Muraleedharan,Naru,Muraleedharan,Founder & CEO,unverified,"Scottsdale, AZ","Scottsdale, AZ, United States",US-based (High confidence),not established; dataset 11-50,11-50 (unverified),1M-5M (vendor estimate),$11.65M,active,Confirmed B2B SaaS,"High confidence: Confirmed B2B SaaS. AI workflow automation for retirement plan TPAs: trust accounting automation, white-label client portal, payroll and census data integrations, plus a CX suite with CRM, project management, document storage and reporting.",Confirmed: $11.65M raised including a $7M round led by Neotribe; retirement plan TPAs on recurring platform contracts,"Retirement plan administration, trust accounting automation, AI workflow for regulated back offices",Unknown - LinkedIn not inspectable,Unknown - requires LinkedIn verification,"Retirement plan third-party administration is an ageing, consolidating industry running on manual trust accounting, and almost nothing is written about it by anyone technical. A founder automating that back office has a wide-open category to define, and the audience - TPA owners - is small, identifiable and reachable, which makes founder-led content unusually efficient here.",$7M round led by Neotribe,"Retirement plan TPAs are consolidating and still run on manual trust accounting, and nobody technical writes about it. Naru could own that category outright - and because TPA owners are a small, identifiable audience, founder-led content there compounds unusually fast.","TAM: Confirmed; Fintech software / workflow automation (retirement plan administration) sold to Retirement plan Third-Party Administrators (TPAs). Size: 11-50 (unverified) (confidence Low). HQ: Scottsdale, AZ, United States (High). Ability to pay: Confirmed. Buyer: Founder & CEO, Founder-CEO, operational.","penalties applied: employee count unverified (-10); employee count not independently verified; founder LinkedIn URL not captured; LinkedIn posting activity could not be inspected from the research environment, so content-gap fields are inference not observation",research confidence Medium; LinkedIn activity unverified; founder profile URL unverified,2026-09-14,https://www.crunchbase.com/person/naru-muraleedharan,https://www.crunchbase.com/organization/stax-ai | https://www.zoominfo.com/c/staxai-llc/546885289,Founder-CEO Naru Muraleedharan still leading; Scottsdale AZ; $11.65M raised across a Neotribe-led $7M and an AZ-VC-led 2023 seed. Headcount could not be established - aggregators show only executive profiles. Note on identity: an initial query mistakenly framed Stax.ai as self-storage software; the search corrected this and the company is confirmed as retirement plan TPA automation. Recorded because the brief warns against assuming the first framing of an ambiguous name is right.
39,B,78,Valcre,valcre.com,https://valcre.com,https://www.linkedin.com/company/valcre,Lucas Rotter,Lucas,Rotter,Founder & CEO,unverified,"San Diego, CA","San Diego, CA, United States",US-based (High confidence),not established by search; dataset 11-50,11-50 (unverified),1M-5M (vendor estimate),$12.7M Series A,active,Confirmed B2B SaaS,"High confidence: Confirmed B2B SaaS. Commercial real estate appraisal platform replacing spreadsheet-based valuation workflows, with a mobile app and Cherre GraphQL data integration.","Confirmed: $12.7M Series A, 300+ valuation firms as clients including national CRE and accounting brands","Commercial real estate valuation, appraisal workflow, PropTech",Unknown - LinkedIn not inspectable,unverified,"Commercial real estate is entering a revaluation surge and appraisers are the people who have to price the correction. A founder who sees valuation data across 300+ firms holds a genuinely scarce read on where CRE values are actually landing - a market-insight position, not a product position.",Launched mobile app; CRE revaluation surge creating market demand (2026),Valcre sits on appraisal data from 300+ valuation firms right as commercial real estate goes through a revaluation surge. Lucas can say something about where CRE values are actually settling that no analyst can - and right now that read exists only inside the product.,"TAM: Confirmed; Vertical SaaS / PropTech (CRE appraisal) sold to Commercial real estate valuation and appraisal firms, from boutiques to national practices. Size: 11-50 (unverified) (confidence Low). HQ: San Diego, CA, United States (High). Ability to pay: Confirmed. Buyer: Founder & CEO, Founder-CEO, operational.","penalties applied: employee count unverified (-10); employee count not independently verified; founder LinkedIn URL not captured; LinkedIn posting activity could not be inspected from the research environment, so content-gap fields are inference not observation",research confidence Medium; LinkedIn activity unverified; founder profile URL unverified,2026-09-14,https://www.valcre.com/press/valcre-raises-12-7-million/,https://www.businesswire.com/news/home/20221115005752/en/Valcre-Commercial-Real-Estates-Premier-Appraisal-Software-Raises-$12.7-Million-in-Series-A-Funding-Round | https://www.valcre.com/press/valcre-modern-appraisal-mobile-app/ | https://propmodo.com/bracing-for-commercial-real-estates-revaluation-surge/,"Founded 2016 by technologists and valuation professionals. Employee count could not be established from public search and rests on the dataset band alone - flagged as low confidence but not disqualifying. Strong timing: commercial real estate is in a revaluation cycle, which is precisely when appraisal software demand spikes."
40,B,77,Vero Technologies,vero-technologies.com,https://vero-technologies.com,https://www.linkedin.com/company/vero-technologies,John Mizzi,John,Mizzi,Founder & CEO,unverified,"New York, NY","New York, NY, United States",US-based (High confidence),not established by search; dataset 11-50,11-50 (unverified),1M-5M (vendor estimate),$12.6M,active,Confirmed B2B SaaS,"High confidence: Confirmed B2B SaaS. AI-native operating system for asset-backed lending: end-to-end inventory loan management with real-time inventory and financial analytics, risk management and lending-as-a-service for dealers.","Confirmed: $12.6M raised; partnerships with OEMs, banks and specialty finance companies; lending-as-a-service contracts carry high value","Asset-backed and floorplan lending, credit underwriting, embedded lending partnerships with OEMs and banks",Moderate - has given a long-form written interview; LinkedIn cadence not inspectable,Moderate - a substantial interview exists but is hosted elsewhere and not built on,"Floorplan lending is invisible infrastructure that nobody writes about well, which makes it wide open. Mizzi has already articulated a credit-underwriting point of view in a long-form interview; turning that into a sustained position would make him the default voice in a category with no incumbent commentator.",Floorplan financing programme launches with Land Pride and Community Investment Management,"John has already done a long-form interview on underwriting credit in dealer finance - the thinking is done, it is just parked on someone else's Substack. Floorplan lending has no default public voice, which makes it one of the few categories a founder can still own outright.","TAM: Confirmed; Fintech software (asset-backed and floorplan lending) sold to Financial institutions, OEMs, wholesalers and dealers managing inventory and floorplan loans. Size: 11-50 (unverified) (confidence Low). HQ: New York, NY, United States (High). Ability to pay: Confirmed. Buyer: Founder & CEO, Founder-CEO, operational.","penalties applied: employee count unverified (-10); employee count not independently verified; founder LinkedIn URL not captured; LinkedIn posting activity could not be inspected from the research environment, so content-gap fields are inference not observation",research confidence Medium; LinkedIn activity unverified; founder profile URL unverified,2026-09-14,https://davidpaul.substack.com/p/john-mizzi-of-vero-technologies-on,https://www.businesswire.com/news/home/20240730763118/en/Vero-Finance-and-Land-Pride-Announce-Partnership-to-Enhance-Dealer-Support-with-Floor-Plan-Financing-Program | https://www.crunchbase.com/organization/vero-technologies | https://www.vero-technologies.com/,"Founded 2020, HQ 287 Park Avenue South, New York. Founder-CEO John Mizzi has already done a long-form written interview on fintech lending and credit underwriting, which is unusually good raw material. Headcount not established publicly."
41,B,76,Repool,repool.com,https://repool.com,https://www.linkedin.com/company/repool,Kevin Fu,Kevin,Fu,Co-Founder & CEO,https://www.linkedin.com/in/kevinfu93/,"San Francisco, CA","San Francisco, CA, United States",US-based (Medium confidence),dataset 15; expanded with senior hires from Northern Trust and State Street,11-50,5M-10M (vendor estimate),$3.7M+ seed,active,Confirmed B2B SaaS,"High confidence: Confirmed B2B SaaS. Hedge fund launch and administration platform - 'fund-in-a-box' formation plus ongoing fund administration, taking on incumbent fund administrators.","Probable: YC S21 with a $3.7M seed from Canaan, Matrix and Global Founders Capital; fund administration carries recurring per-fund fees and the company has hired senior fund-admin leadership","Hedge fund formation and administration, fund operations, emerging manager economics",Moderate - multiple podcast appearances; LinkedIn cadence not inspectable,"Moderate - already does interviews, but the material lives on other people's shows","Repool sees the actual economics of launching a hedge fund across many emerging managers - what it costs, what breaks, which launches survive. Aspiring managers are an identifiable, high-value audience searching for exactly that information, and they will not find it from incumbents whose business depends on opacity. Two podcast appearances prove he can tell it; none of it is on his own feed.",Industry-first platform launch and senior fund-administration hires,Kevin sees what launching a hedge fund actually costs and which launches survive - information incumbent administrators have every reason to keep opaque. Aspiring managers search for exactly that. He has already told parts of it on two podcasts; none of it is on his own feed.,"TAM: Confirmed; Fintech software / vertical SaaS (hedge fund administration) sold to Emerging hedge fund managers and existing investment firms launching and administering funds. Size: 11-50 (confidence Low). HQ: San Francisco, CA, United States (Medium). Ability to pay: Probable. Buyer: Co-Founder & CEO, Founder-CEO, operational.","penalties applied: employee count unverified (-10); dual-site SF and NY (-5); employee count not independently verified; LinkedIn posting activity could not be inspected from the research environment, so content-gap fields are inference not observation",research confidence Medium; LinkedIn activity unverified; founder profile URL captured,2026-09-14,https://www.linkedin.com/in/kevinfu93/,https://www.prnewswire.com/news-releases/repool-takes-on-incumbent-fund-administrators-with-seasoned-hires-and-industry-first-platform-302214397.html | https://www.workatastartup.com/companies/repool | https://borninsiliconvalley.podbean.com/e/modernizing-hedge-funds-a-conversation-with-kevin-fu-of-repool-1719250227/,"Y Combinator S21, founded 2021, offices in San Francisco and New York so the primary site is recorded at Medium confidence. Headcount not established publicly. Founder LinkedIn URL is directly evidenced and Kevin Fu already appears on multiple podcasts, so willingness to talk publicly is proven."
42,B,76,Tenovos,tenovos.com,https://tenovos.com,https://www.linkedin.com/company/tenovos,D. Scott Bowen,D.,Bowen,Chief Executive Officer,unverified,"New York, NY","New York, NY, United States",US-based (High confidence),38 (Jun 2026),11-50,1M-5M (vendor estimate),$25.2M over 3 rounds,active,Confirmed B2B SaaS,High confidence: Confirmed B2B SaaS. Data-first digital asset management platform for enterprise brands.,Confirmed: $25.2M raised including a $10M Series B; enterprise DAM sold to large brands on substantial annual contracts,"Digital asset management - co-founded Artesia Technologies, an early DAM market leader acquired by OpenText; leadership roles at OpenText, Vistaprint and ICX Media",Unknown - LinkedIn not inspectable,Unknown - requires LinkedIn verification,"Bowen helped create the DAM category in the 1990s, sold that company to OpenText, and is now building a second DAM company two decades later. A 25-year arc across one category is exceptionally rare founder material and directly supports a 'what DAM got wrong the first time' position that no competitor can claim.",unverified,"Scott helped create the DAM category, sold Artesia to OpenText, and has come back to build a second DAM company 20 years on. 'What we got wrong the first time' is a post only he can write, and it is nowhere in Tenovos's marketing.","TAM: Confirmed; Enterprise collaboration / data infrastructure (digital asset management) sold to Large enterprise brands managing digital assets at scale. Size: 11-50 (confidence High). HQ: New York, NY, United States (High). Ability to pay: Confirmed. Buyer: Chief Executive Officer, Non-founder CEO; founding strategic advisor to Tenovos; founder of Artesia Technologies.","penalties applied: buyer is a non-founder CEO (-5); founder LinkedIn URL not captured; LinkedIn posting activity could not be inspected from the research environment, so content-gap fields are inference not observation",research confidence Medium; LinkedIn activity unverified; founder profile URL unverified,2026-09-14,https://tenovos.com/press/tenovos-appoints-scott-bowen-ceo/,https://tenovos.com/press/series-a1-funding/ | https://tracxn.com/d/companies/tenovos/__PzG9_PoI30Zch3vuSA1yf5tb3-CBqiuK1zJ7zNr2Bl8 | https://tenovos.com/about/,"Founded 2018 by Sal Hakimi and Matt Corodimas; D. Scott Bowen was appointed CEO in November 2019. Bowen is recorded as the primary buyer under the brief's rule 6 (non-founder CEO acceptable where no operational founder is evidenced and the CEO is a strong personal-branding prospect) - he was a founding strategic advisor to Tenovos, co-founded Artesia Technologies which OpenText acquired, and held leadership roles at OpenText and Vistaprint, which is a genuinely strong personal-brand base. Whether Hakimi or Corodimas remain operational is not established and should be checked."
43,B,76,Tiled,tiled.co,https://tiled.co,https://www.linkedin.com/company/tiled,Darrell Swain,Darrell,Swain,Founder & CEO,unverified,"San Diego, CA","San Diego, CA, United States",US-based (High confidence),estimated 25-100 - conflicting,11-50 (unresolved conflict),1M-5M (vendor estimate),$24.6M,active,Confirmed B2B SaaS,"High confidence: Confirmed B2B SaaS. No-code platform turning existing creative assets into interactive microapps, integrating with the creative and work tools enterprises already use.",Confirmed: $24.6M raised; strategic partnerships with Seismic and Adobe; enterprise content teams on platform contracts,"Product-led growth, interactive content, no-code tooling; co-founded Lucidchart and led its growth from beta to hundreds of thousands of active users",Unknown - LinkedIn not inspectable,Unknown - requires LinkedIn verification,"A Lucidchart co-founder building a second company is a credential most founders would trade a lot for, and it is not being used. The PLG playbook he actually ran at Lucidchart - and what he chose to do differently the second time - is among the most sought-after content in B2B SaaS, and none of it is published.",Award wins and engagement growth,"Darrell co-founded Lucidchart and scaled it from beta to hundreds of thousands of users. Founders would queue up for that PLG playbook and what he changed on company two - and as far as the public record shows, he has never written it down.","TAM: Confirmed; Marketing technology / sales technology (interactive content) sold to Enterprise sales and marketing teams building interactive content. Size: 11-50 (unresolved conflict) (confidence Low). HQ: San Diego, CA, United States (High). Ability to pay: Confirmed. Buyer: Founder & CEO, Founder-CEO, operational.","penalties applied: unresolved employee conflict (-10); employee count not independently verified; founder LinkedIn URL not captured; LinkedIn posting activity could not be inspected from the research environment, so content-gap fields are inference not observation",research confidence Medium; LinkedIn activity unverified; founder profile URL unverified,2026-09-14,https://www.tiled.co/newsroom/tiled-closes-13-7-million-series-a-funding-round,https://www.crunchbase.com/organization/tiled | https://www.businesswire.com/news/home/20200915005343/en/Tiled-Expands-Partner-Ecosystem-to-Further-Unleash-Creative-Storytelling-With-Interactive-Content | https://www.owler.com/company/tiled,"Employee estimate spans 25-100, which straddles the ceiling - recorded as an unresolved conflict and penalised rather than resolved. Founded 2016 in San Diego by Darrell Swain with James Gentry, Jeremiah Simpson and Matthew Simpson. Swain's prior role as a Lucidchart co-founder who scaled it from beta to hundreds of thousands of users is exceptional founder-brand raw material."
44,B,75,Ratio,ratiotech.com,https://ratiotech.com,https://www.linkedin.com/company/ratio-tech,Mason Blake,Mason,Blake,Co-Founder & CTO,unverified,"San Francisco, CA","San Francisco, CA, United States",US-based (High confidence),10 as of Sep 2022 (stale); dataset reports 41,"11-50 (unverified, evidence is stale)",5M-10M (vendor estimate),$411M announced at emergence ($11M venture plus a $400M credit facility); a further $15.8M venture and $100M debt in April 2026,active,Confirmed B2B SaaS,"High confidence: Confirmed B2B SaaS. Combines payments, financing and pricing in one platform for SaaS companies, letting vendors offer flexible subscription terms while being paid upfront.","Confirmed: Substantial venture equity plus a $400M credit facility; the business itself finances SaaS receivables, so capital access is the product","Marketplace and B2B platform engineering; co-founded UpCounsel, served as CTO then CEO, and exited the company to LinkedIn",Unknown,unverified,A technical co-founder who became CEO and then sold the company to LinkedIn has a genuinely rare arc - the CTO-to-CEO transition is something engineers ask about constantly and almost nobody who has done it writes about.,$15.8M venture and $100M debt raised in April 2026 (2026-04),"Mason went from CTO to CEO at UpCounsel and then sold it to LinkedIn. Engineers ask constantly what that transition actually requires, and almost nobody who has made it writes about it. That is his alone.","TAM: Confirmed; Fintech software / revenue operations (SaaS payments and financing) sold to B2B SaaS and technology companies structuring subscription payments, pricing and financing. Size: 11-50 (unverified, evidence is stale) (confidence Low). HQ: San Francisco, CA, United States (High). Ability to pay: Confirmed. Buyer: Co-Founder & CTO, Co-founder, operational.","penalties applied: employee evidence stale and unverified (-10); employee count not independently verified; founder LinkedIn URL not captured; LinkedIn posting activity could not be inspected from the research environment, so content-gap fields are inference not observation",research confidence Medium; LinkedIn activity unverified; founder profile URL unverified,2026-09-14,https://techcrunch.com/2022/09/15/ratio-saas-subscription-payment/,https://www.ratiotech.com/about | https://www.preqin.com/data/profile/asset/ratio-technologies--inc-/508343,"Headcount is the weak point: the only public figure is 10 employees as of September 2022, which predates two funding rounds, while the dataset reports 41. Recorded at Low confidence and penalised accordingly. The founder bench is exceptional: Ashish Srimal (CEO) held executive roles at SAP and Medallia and previously founded and led SmarterMe; Mason Blake (CTO) co-founded UpCounsel, served as its CTO and then CEO, and exited the company to LinkedIn. Ratio's own buyers are B2B SaaS founders and CFOs, which makes founder-led content unusually well targeted here."
45,B,75,Treasury4,treasury4.com,https://treasury4.com,https://www.linkedin.com/company/treasury4,Ed Barrie,Ed,Barrie,"Co-Founder, Chief Product Officer & Treasurer",unverified,"Spokane, WA","Spokane, WA, United States",US-based (High confidence),41 (Jun 2026),11-50,1M-5M (vendor estimate),$25.98M,active,Confirmed B2B SaaS,"High confidence: Confirmed B2B SaaS. Cloud treasury data and analytics platform for corporate treasury operations - entity, cash, debt and investment data management.",Confirmed: $25.98M raised including a $20M Series A led by WestCap; corporate treasury departments on enterprise contracts,unverified,Unknown,unverified,"A practising treasurer building treasury software - he is simultaneously the buyer and the builder, which is an unusually credible position in this category.",$20M Series A led by WestCap (2023-09-12),Ed is both Chief Product Officer and the company's own Treasurer - he uses what he builds. Practitioner-builders are the most trusted voices in finance software and almost none of them post.,"TAM: Confirmed; Financial operations (corporate treasury management) sold to Corporate treasury and finance teams. Size: 11-50 (confidence High). HQ: Spokane, WA, United States (High). Ability to pay: Confirmed. Buyer: Co-Founder, Chief Product Officer & Treasurer, Co-founder, operational.","founder LinkedIn URL not captured; LinkedIn posting activity could not be inspected from the research environment, so content-gap fields are inference not observation",research confidence High; LinkedIn activity unverified; founder profile URL unverified,2026-09-14,https://www.businesswire.com/news/home/20230912157405/en/Treasury4-Raises-%2420-Million-in-Series-A-Funding-Led-by-WestCap,https://www.treasury4.com/company/about-treasury4/ | https://tracxn.com/d/companies/treasury4/__UBpH12QCrui4E5W9lsUq4o0zwlPW2ywtr3nPAk3XNMM | https://www.linkedin.com/pulse/treasury4-story-treasury4,"41 employees, three founders all in operating roles, $20M Series A from WestCap, and a Spokane rather than coastal base. Notably the company already publishes 'The Treasury4 Story' as a multi-part series including on LinkedIn, so appetite for narrative content is proven - it is just company-voiced rather than founder-voiced."
46,B,75,Videate,videate.io,https://videate.io,https://www.linkedin.com/company/videate,Ryan Arnett,Ryan,Arnett,Chief Executive Officer,https://www.linkedin.com/in/ryan-arnett-37b9196/,"Austin, TX","Austin, TX, United States",US-based (High confidence),dataset 11-50; not contradicted,11-50,1M-5M (vendor estimate),"Venture-backed by S3 Ventures, Tensility Venture Partners, Firebrand Ventures, Wavemaker Group, AI Sprouts VC",active,Confirmed B2B SaaS,"High confidence: Confirmed B2B SaaS. Turns documentation and scripts into software videos using AI, robotic process automation and text-to-speech, with videos auto-updated each release and localised into multiple languages.",Probable: Multiple institutional investors including S3 Ventures; enterprise SaaS customers using video automation at scale,"SaaS go-to-market and customer success; prior leadership at OpenGov, DocSend, TOPO Research and Advisory, and Meltwater",Moderate content gap - writes bylined company-blog pieces; LinkedIn cadence not inspectable,"Moderate - writes, but under the company banner and on product themes","Arnett's background at TOPO and DocSend gives him unusual standing on SaaS go-to-market research, and he now runs a company automating the content layer of customer success. The argument that documentation is becoming video by default is a category thesis he can own personally rather than as company marketing.",Generative AI video editor launch,"Ryan already writes for the Videate blog and carries TOPO and DocSend on his record, but the posts read as product marketing. Taking over from a retiring founder-CEO and betting the company on generative video is a personal story with a category thesis attached - neither is being told.","TAM: Confirmed; Artificial intelligence / productivity software (video automation) sold to SaaS companies producing product and customer-success video at scale. Size: 11-50 (confidence Low). HQ: Austin, TX, United States (High). Ability to pay: Probable. Buyer: Chief Executive Officer, Non-founder CEO.","penalties applied: employee count low confidence (-10); CEO is not a founder (-5); employee count not independently verified; LinkedIn posting activity could not be inspected from the research environment, so content-gap fields are inference not observation",research confidence Medium; LinkedIn activity unverified; founder profile URL captured,2026-09-14,https://www.videate.io/about,https://blog.videate.io/how-video-transforms-customer-success-in-saas-ryan-arnett-videate-ceo | https://www.s3vc.com/videate | https://www.prnewswire.com/news-releases/videate-surges-ahead-with-strong-momentum-accelerating-growth-and-innovation-in-generative-ai-302153068.html,"Founded 2019 in Austin. Co-founder CEO Mark Hellinger retired and now chairs the board; Ryan Arnett was appointed CEO. Co-founder Dave Gullo, inventor of the technology and previously co-founder/CTO of VideoAmp, remains. Both Arnett and Gullo are credible buyers - Arnett already publishes bylined pieces on the company blog."
47,B,74,Ambassador Software,getambassador.com,https://getambassador.com,https://www.linkedin.com/company/getambassador,Jeff Epstein,Jeff,Epstein,CEO,unverified,"Seattle, WA","Seattle, WA, United States",US-based (High confidence),"39 (Datanyze) vs ~51 (LeadIQ, Jul 2025)",11-50 (conflicting sources),$4.3M ARR (GetLatka),Bootstrapped (GetLatka),active,Confirmed B2B SaaS,"High confidence: Confirmed B2B SaaS. Enterprise referral marketing platform automating referral tracking, attribution, reward fulfilment and fraud prevention.",Confirmed: Bootstrapped and profitable-shaped at ~$4.3M ARR with 225+ enterprise brands and 375 customers; enterprise referral platform with real contract values,"Referral and advocacy marketing, enterprise growth",Unknown - LinkedIn not inspectable,Unknown - requires LinkedIn verification,"Ambassador is bootstrapped in a category where competitors are venture-funded and loud. The economics of building an enterprise martech product without VC, and what 225 brands reveal about why referral programmes fail, are both differentiated and unclaimed positions.",AI-powered repositioning of the referral platform (2026),"Ambassador reached roughly $4.3M ARR bootstrapped in a category full of funded competitors - a contrarian operating story that the company's own marketing never tells, because the site sells the product rather than the point of view behind it.","TAM: Confirmed; Marketing technology (referral marketing) sold to Enterprise and mid-market B2C/B2B brands running referral and advocacy programmes. Size: 11-50 (conflicting sources) (confidence Medium). HQ: Seattle, WA, United States (High). Ability to pay: Confirmed. Buyer: CEO, CEO (founder status not confirmed).","penalties applied: employee conflict unresolved (-10); founder LinkedIn URL not captured; LinkedIn posting activity could not be inspected from the research environment, so content-gap fields are inference not observation",research confidence Medium; LinkedIn activity unverified; founder profile URL unverified,2026-09-14,https://getlatka.com/companies/getambassador.com,https://www.zoominfo.com/c/ambassador-software/371651843 | https://getambassador.com/referralmarketing | https://www.linkedin.com/company/getambassador,"Founder status needs confirmation - sources identify Jeff Epstein as CEO and Chase Lee as co-founder & CTO. || Employee count conflicts across aggregators: Datanyze 39, LeadIQ ~51 as of Jul 2025. Kept as Qualified because the lower estimate sits inside the band and the upper is marginal, but flagged. Bootstrapped status is a positive ability-to-pay signal here rather than a negative: no investor content machine, revenue funds discretionary spend."
48,B,74,Giftpack,giftpack.ai,https://giftpack.ai,https://www.linkedin.com/company/giftpack,Archer Chiang,Archer,Chiang,Founder & CEO,unverified,"New York, NY","New York, NY, United States",US-based (Medium confidence),not established; dataset 11-50,11-50 (unverified),1M-5M (vendor estimate),$4.3M,active,Confirmed B2B SaaS,"High confidence: Confirmed B2B SaaS. AI-powered corporate gifting platform using a personality-driven matching model to select gifts from a 3.2M SKU catalogue, shipping across 220 countries.","Probable: $4.3M raised with enterprise customers including Google, J.P. Morgan Chase, Meta and Zappos; corporate gifting spend flows through the platform at scale","Corporate gifting, AI personalisation, cross-border commerce, employee retention",Moderate content gap - publishes Forbes Business Council posts; LinkedIn cadence not inspectable,"Moderate - already writing for Forbes, but the output is generic council-style content rather than a distinctive founder argument","Chiang already writes Forbes council pieces, so voice and willingness exist - they are just generic. The sharper material is sitting unused: what gifting data across Google, JPMorgan and Meta reveals about employee retention, and the immigrant founder story of building a cross-border company through COVID.",Forbes Business Council publication and seed round,"Archer already writes for Forbes but it reads like every other council post. He is sitting on gifting data from Google, JPMorgan and Meta - what actually moves employee retention - which is a specific, defensible argument that generic thought-leadership format is wasting.","TAM: Confirmed; HR technology / marketing technology (corporate gifting) sold to Enterprise HR, customer success and sales teams sending gifts to employees and clients. Size: 11-50 (unverified) (confidence Low). HQ: New York, NY, United States (Medium). Ability to pay: Probable. Buyer: Founder & CEO, Founder-CEO, operational.","penalties applied: employee count unverified (-10); employee count not independently verified; founder LinkedIn URL not captured; LinkedIn posting activity could not be inspected from the research environment, so content-gap fields are inference not observation",research confidence Medium; LinkedIn activity unverified; founder profile URL unverified,2026-09-14,https://councils.forbes.com/profile/Archer-Chiang-Founder-CEO-Giftpack/fcf01d67-464a-41fc-8a79-54b47d4f7ba9,https://www.alleywatch.com/2023/09/giftpack-corporate-gifting-platform-ai-client-employee-archer-chiang/ | https://vendordirectory.shrm.org/company/921049/news/3267945/revolutionizing-corporate-gifting-use-of-ai-technology-sets-giftpack-apart-from-competitors,"Founded 2016 by Archer Chiang, originally in Silicon Valley and now based in New York. Enterprise logos are unusually strong for the funding level. Headcount could not be established - CB Insights reports only executives. Chiang already publishes through the Forbes Business Council, which proves willingness to write."
49,B,74,Kickfin,kickfin.com,https://kickfin.com,https://www.linkedin.com/company/kickfin,Justin Roberts,Justin,Roberts,Co-Founder & Co-CEO,unverified,"Austin, TX","Austin, TX, United States",US-based (High confidence),dataset 11-50; not contradicted by public sources,11-50,1M-5M (vendor estimate),~$11M,active,Confirmed B2B SaaS,"High confidence: Confirmed B2B SaaS. Instant tip payout platform: auto-calculates tip pools from POS data and sends payouts straight to employees' bank accounts, removing cash from tip distribution.","Confirmed: $11M raised; $2B+ in tips processed for 250,000+ hospitality workers; thousands of operators as paying customers","Hospitality fintech, payments operations",Unknown on LinkedIn; appeared in Cali BBQ Media interview,Moderate,"The co-CEO structure is itself unusual and rarely explained well; paired with the operational story of moving $2B in real-time payouts, it is strong founder material.","Shipped RPOWER POS and Union POS integrations in 2025, the latter aimed at bars and nightclubs (2025)","Justin has spoken alongside Brian about modernising hospitality tip payments, but shares a single interview footprint with his co-CEO. A distinct operational point of view - what running real-time payouts at scale actually demands - would separate the two voices.","TAM: Confirmed; Fintech software / vertical SaaS (hospitality payments) sold to Restaurant, bar and hospitality operators - multi-unit and enterprise groups. Size: 11-50 (confidence Medium). HQ: Austin, TX, United States (High). Ability to pay: Confirmed. Buyer: Co-Founder & Co-CEO, Co-founder, operational.","penalties applied: probable internal content support (-5 partial); founder LinkedIn URL not captured; LinkedIn posting activity could not be inspected from the research environment, so content-gap fields are inference not observation",research confidence Medium; LinkedIn activity unverified; founder profile URL unverified,2026-09-14,https://www.pymnts.com/restaurant-innovation/2023/kickfin-ceo-says-digital-tipping-and-instant-payouts-help-restaurants-fight-economic-headwinds/,https://content.calibbq.media/justin-roberts-and-brian-hassan-on-kickfins-mission-to-modernize-hospitality-tip-payments/ | https://restaurant-strategy-1.castos.com/episodes/the-future-of-tipping-with-kickfin-co-founder-brian-hassan | https://kickfin.com/success-stories/ | https://www.g2.com/products/kickfin/reviews,"Founded 2017 in Austin by best friends and repeat entrepreneurs Brian Hassan and Justin Roberts, who run the company as Co-CEOs. Both already appear on hospitality podcasts, which is a strong signal of willingness to do founder-led content and of existing raw material that is not being repurposed."
50,B,74,Rill Data,rilldata.com,https://rilldata.com,https://www.linkedin.com/company/rilldata,Nishant Bangarwa,Nishant,Bangarwa,Co-Founder & Head of Engineering,unverified,"San Francisco, CA","San Francisco, CA, United States",US-based (High confidence),35 (Jun 2026),11-50,"$3.6M (2023, GetLatka)",$12M-$13.8M (sources conflict),active,Confirmed B2B SaaS,"High confidence: Confirmed B2B SaaS. Operational BI platform combining last-mile ETL, an in-memory database and fast operational dashboards.",Confirmed: $3.6M revenue on a 35-person team with $12M+ raised; operational BI sold to data teams on recurring contracts,Distributed analytics databases; co-built the Metamarkets database open-sourced as Apache Druid,Unknown,unverified,Deep technical authority on real-time OLAP internals from an Apache Druid contributor - a small but highly engaged engineering audience with very few senior voices.,unverified,"Nishant's authority is Druid internals and real-time OLAP. That audience is small but intensely engaged, and it has almost no senior practitioners publishing.","TAM: Confirmed; Data infrastructure / analytics (operational BI) sold to Data and analytics teams needing fast operational dashboards. Size: 11-50 (confidence High). HQ: San Francisco, CA, United States (High). Ability to pay: Confirmed. Buyer: Co-Founder & Head of Engineering, Co-founder, operational.","penalties applied: funding figures conflict (-5); founder LinkedIn URL not captured; LinkedIn posting activity could not be inspected from the research environment, so content-gap fields are inference not observation",research confidence High; LinkedIn activity unverified; founder profile URL unverified,2026-09-14,https://www.rilldata.com/team,https://techcrunch.com/2022/08/04/rill-wants-to-rethink-bi-dashboards-with-embedded-database-and-instant-ux | https://getlatka.com/companies/rilldata.com | https://tracxn.com/d/companies/rill/__CnrOG8Tyf_JcPV6bDiakgicSqZKgZcoMEbSZfpRe1CY,"35 employees, both co-founders operational, San Francisco. The founder credential is exceptional for a data-infrastructure company: at their previous company Metamarkets, Driscoll and Bangarwa built the database that was open-sourced as Apache Druid, which is now a widely deployed analytics engine. Founding an open-source project that the industry adopted is close to the strongest possible authority in this category."
51,B,74,VERITUITY,verituity.com,https://verituity.com,https://www.linkedin.com/company/verituity,Chris Smith,Chris,Smith,Co-Founder & COO,unverified,"McLean, VA","McLean, VA, United States",US-based (High confidence),27 (May 2026),11-50,5M-10M (vendor estimate),$30.0M across 2 rounds,active,Confirmed B2B SaaS,"High confidence: Confirmed B2B SaaS. Payout platform delivering verified B2B and B2C payments for banks and enterprises, with confidence-based verification at the point of payout to cut fraud risk and optimise payout economics.",Confirmed: $30M raised from institutional fintech and security investors; banks and enterprises on payout-platform contracts with per-transaction economics,"Data and security product operations; Verisign, Interos and Iron Mountain background",Unknown,unverified,"Operational view of running verification infrastructure that banks depend on - uptime, accuracy and the cost of being wrong, which is a different and more concrete story than the category thesis.",Advanced confidence-based verification at the point of payout (March 2026) (2026-03-11),"Chris runs the operations behind verification banks actually depend on. What it costs to be wrong once, at scale, is a concrete operator story distinct from the CEO's category argument.","TAM: Confirmed; Fintech software (verified payouts) sold to Banks and enterprises issuing B2B and B2C payouts. Size: 11-50 (confidence High). HQ: McLean, VA, United States (High). Ability to pay: Confirmed. Buyer: Co-Founder & COO, Co-founder, operational.","founder LinkedIn URL not captured; LinkedIn posting activity could not be inspected from the research environment, so content-gap fields are inference not observation",research confidence High; LinkedIn activity unverified; founder profile URL unverified,2026-09-14,https://www.businesswire.com/news/home/20260311039649/en/Verituity-Advances-Confidence-Based-Verification-at-the-Point-of-Payout,https://forgepointcap.com/perspectives/verituity-transforming-protecting-and-accelerating-digital-payouts/ | https://tracxn.com/d/companies/verituity/__VPaFydAukmZ26RN5fSxRkhakZFKUpfikFREECtWQdHg | https://verituity.com/verituitys-founder-and-ceo-ben-turner-on-building-an-intelligent-payouts-solution-with-code-story/,"27 employees, both co-founders operational, $30M raised, McLean VA. Founders are security and data veterans from Verisign, Interos and Iron Mountain who commercialised products for Fortune 500 customers - credible authority in a category (payment fraud) where the subject matter is permanently newsworthy. Ben Turner has already done a Code Story long-form interview, so the raw material exists."
52,B,74,Voltaiq,voltaiq.com,https://voltaiq.com,https://www.linkedin.com/company/voltaiq,Eli Leland,Eli,Leland,CTO & Co-Founder,unverified,United States,"Berkeley, CA, United States",US-based (High confidence),32,11-50,5M-10M (vendor estimate),$12M,active,Confirmed B2B SaaS,"High confidence: Confirmed B2B SaaS. Enterprise battery intelligence platform: battery-specific data model, analytics and AI agents for developing, producing and optimising batteries and battery-powered products.","Confirmed: $12M raised, Fortune 500 and OEM customers, enterprise demo-led platform, est. revenue 5M-10M",Mechanical engineering PhD UC Berkeley; previously deployed large-scale enterprise software at Trilogy Software,Unknown - LinkedIn not inspectable,unverified,"Technical-founder angle on making battery data AI-ready - a concrete engineering problem with an opinionated answer, and a rare combination of enterprise-software delivery experience and battery research.",Repositioned to an AI platform - 'Virtual battery engineers' AI agents and MaximaOS-style AI acceleration now lead the homepage (2026),Eli owns the battery-specific data model that makes Voltaiq's AI claims defensible. The 'why generic AI fails on battery data' argument is his to make and nobody at the company is making it publicly.,"TAM: Confirmed; Data infrastructure / analytics (battery intelligence) sold to Enterprise and mid-market battery, EV, consumer electronics and energy storage manufacturers. Size: 11-50 (confidence Medium). HQ: Berkeley, CA, United States (High). Ability to pay: Confirmed. Buyer: CTO & Co-Founder, Co-founder, operational.","founder LinkedIn URL not captured; LinkedIn posting activity could not be inspected from the research environment, so content-gap fields are inference not observation",research confidence Medium; LinkedIn activity unverified; founder profile URL unverified,2026-09-14,https://www.voltaiq.com/about,https://sjfventures.com/sjf-invests-in-6-6-million-series-a-for-voltaiq/ | https://tracxn.com/d/companies/voltaiq/__og8wGgAjLZiqi1k4vMdYJxtIPN27TO00BzFj4Tf3XqQ | https://www.voltaiq.com/,"Secondary buyer - technical co-founder, less commercially visible than the CEO. || Founded 2012 in New York City; press release datelined Berkeley CA and Brooklyn NY, so HQ is dual-sited - Berkeley recorded as primary. Founder LinkedIn activity could not be inspected (LinkedIn is not reachable from this environment), so founder activity fields are unverified and scored conservatively."
53,B,73,Maven Machines,mavenmachines.com,https://mavenmachines.com,https://www.linkedin.com/company/maven-machines,Avishai Geller,Avishai,Geller,Founder & CEO,unverified,"Pittsburgh, PA","Pittsburgh, PA, United States",US-based (High confidence),not established by search; dataset 11-50,11-50 (unverified),10M-25M (vendor estimate),$7M+,active,Confirmed B2B SaaS,"High confidence: Confirmed B2B SaaS. Trucking operations platform: dispatch, route planning and optimisation, fleet management, ELD/telematics and workflow tools.",Confirmed: $7M Series A from institutional investors; enterprise fleet customers such as PITT OHIO; ELD/telematics contracts carry meaningful value,"Fleet telematics, trucking operations, ELD compliance, route optimisation",Unknown - LinkedIn not inspectable,Unknown - requires LinkedIn verification,"Trucking is mid-cycle through an operations-software shift driven by ELD mandates, driver shortages and freight-rate volatility. A founder whose platform runs dispatch and telematics for carriers like PITT OHIO has concrete operating data behind opinions that the freight-media commentary layer does not.",PITT OHIO deployment as P&D and ELD/telematics platform,"Maven runs dispatch and telematics for real carriers, so Avi can settle freight-industry arguments with operating data rather than opinion - particularly on driver workflow and retention, where trucking media runs on anecdote. None of that data-backed point of view is public.","TAM: Confirmed; Logistics technology / supply-chain software sold to Trucking fleets and transport operators - mid-market to enterprise. Size: 11-50 (unverified) (confidence Low). HQ: Pittsburgh, PA, United States (High). Ability to pay: Confirmed. Buyer: Founder & CEO, Founder-CEO, operational.","penalties applied: employee count unverified (-10); funding round is older (2020); employee count not independently verified; founder LinkedIn URL not captured; LinkedIn posting activity could not be inspected from the research environment, so content-gap fields are inference not observation",research confidence Medium; LinkedIn activity unverified; founder profile URL unverified,2026-09-14,https://www.businesswire.com/news/home/20200205005047/en/Maven-Machines-Raises-7-Million-Series-Funding,https://pittohio.com/myPittOhio/Contents/Item/Display/43527 | https://mavenmachines.com/,"Founded 2014 in Pittsburgh by Avishai (Avi) Geller, who remains founder-CEO. Headcount could not be established from public search and rests on the dataset band. Series A dates to 2020, so funding momentum is older - timing scored accordingly."
54,B,73,Prodly,prodly.co,https://prodly.co,https://www.linkedin.com/company/prodly,Daniel Rudman,Daniel,Rudman,Co-Founder & CTO,unverified,"Palo Alto, CA","Palo Alto, CA, United States",US-based (High confidence),dataset 11-50; not contradicted,11-50,1M-5M (vendor estimate),$13.5M,active,Confirmed B2B SaaS,"High confidence: Confirmed B2B SaaS. End-to-end Salesforce DevOps platform for change management, automated deployment, data migration, sandbox seeding and SOX compliance.","Confirmed: $13.5M raised; Fortune 100 customer base including American Express, Johnson & Johnson, Verizon and Snowflake on enterprise DevOps contracts",unverified,Unknown,unverified,"Engineering view of automating change management in the least glamorous, highest-risk corner of Salesforce - config, data migration and sandbox seeding, where enterprise deployments actually break.",Series A and continued Fortune 100 expansion (2021-10),"Daniel owns the part of Salesforce nobody writes about: config change, data migration and sandbox seeding, where enterprise deployments genuinely break. There is a technical audience for that and no senior voice serving it.","TAM: Confirmed; Developer tools / revenue operations (Salesforce DevOps) sold to Salesforce admins, citizen developers and enterprise RevOps teams. Size: 11-50 (confidence Low). HQ: Palo Alto, CA, United States (High). Ability to pay: Confirmed. Buyer: Co-Founder & CTO, Co-founder, operational.","penalties applied: employee count unverified (-10); employee count not independently verified; founder LinkedIn URL not captured; LinkedIn posting activity could not be inspected from the research environment, so content-gap fields are inference not observation",research confidence Medium; LinkedIn activity unverified; founder profile URL unverified,2026-09-14,https://www.prodly.co/blog/steelbrick-founder-joins-as-ceo/,https://www.prodly.co/ | https://www.cbinsights.com/company/prodly,"One of the strongest founder profiles in the list. Max Rudman founded SteelBrick, which Salesforce acquired in 2015 and turned into Salesforce CPQ, and he then became VP of Salesforce CPQ before taking over Prodly as Chairman and CEO alongside co-founder and CTO Daniel Rudman. The customer list - American Express, J&J, Verizon, Snowflake, DoorDash - is exceptional for a company this size. Only headcount is unverified."
55,B,73,Truss,trusspayments.com,https://trusspayments.com,https://www.linkedin.com/company/trusspayments,Matthew Smith,Matthew,Smith,Co-Founder & CEO,unverified,"San Francisco, CA","San Francisco, CA, United States",US-based (High confidence),15 (declining 21% year on year),11-50,5M-10M (vendor estimate),"conflicting: $8M across 7 rounds per one source, $24M across 5 per another",active,Confirmed B2B SaaS,"High confidence: Confirmed B2B SaaS. All-in-one banking and payment automation platform for construction businesses covering bill payments, receivables and corporate cards.","Probable: Institutional backing from General Catalyst, American Express Ventures and Balderton; construction payments carry transaction volume, though headcount is shrinking","Construction payments and banking, contractor cash flow, vertical fintech",Moderate - appears on industry podcasts; LinkedIn cadence not inspectable,"Moderate - industry podcast presence, no personal platform",Slow payment is the defining complaint of the construction trades and it is discussed almost entirely as grievance rather than analysis. A founder who moves money between contractors and subs can show where cash actually gets stuck and what changes it - and construction is an industry whose operators are notably active and underserved on LinkedIn.,Thread Bank partnership,"Slow payment is the defining grievance of the construction trades and nobody analyses it with data. Matthew moves the money between contractors and subs, so he can show exactly where cash gets stuck - to an industry whose operators are unusually active and badly served on LinkedIn.","TAM: Confirmed; Fintech software / vertical SaaS (construction payments) sold to General contractors, subcontractors and suppliers in construction. Size: 11-50 (confidence Medium). HQ: San Francisco, CA, United States (High). Ability to pay: Probable. Buyer: Co-Founder & CEO, Founder-CEO, operational.","penalties applied: headcount shrinking 21% year on year (-5); funding figures conflict (-5); founder LinkedIn URL not captured; LinkedIn posting activity could not be inspected from the research environment, so content-gap fields are inference not observation",research confidence Medium; LinkedIn activity unverified; founder profile URL unverified,2026-09-14,https://trusspayments.com/blog-posts/truss-partners-with-thread-bank-to-enhance-banking-solutions-for-construction-companies,https://profiles.crustdata.com/company/mazumago-inc | https://www.sliceofconstruction.com/p/19-matthew-smith-ceo-truss-payments | https://tracxn.com/d/companies/truss/__BCW8_XC7S6wncWbZH0TZGMOIl7UalcqWdCERb9U_Nxs,"15 employees puts Truss in band but the trend is down 21% year on year, which is recorded as a penalty rather than ignored - a shrinking team can mean either efficiency or trouble, and it should be understood before outreach. Funding evidence conflicts badly ($8M across 7 rounds versus $24M across 5), so both figures are recorded rather than one chosen. Founded 2021 (originally DivDot) by Matthew Smith (CEO) and Nick Addison; Smith already appears on the Slice of Construction podcast."
56,B,73,Ubiq Security,ubiqsecurity.com,https://ubiqsecurity.com,https://www.linkedin.com/company/ubiqsecurity,Wias Issa,Wias,Issa,Chief Executive Officer,unverified,"San Diego, CA","San Diego, CA, United States",US-based (High confidence),11-50 band reported,11-50,1M-5M (vendor estimate),$6.4M seed,active,Confirmed B2B SaaS,High confidence: Confirmed B2B SaaS. Identity-driven data security platform reducing application-layer encryption and key management to two API calls and three lines of code.,"Probable: $6.4M seed with an exceptional early customer list - US Army, Department of Homeland Security, Verizon and Hitachi - implying substantial contract values","Data security, encryption and key management, federal and enterprise security sales",Unknown - LinkedIn not inspectable,Unknown - requires LinkedIn verification,"Encryption is the security control developers most often skip because the tooling is hostile, and Ubiq's whole thesis is that it should take three lines of code. That is a clear, opinionated developer-experience argument in security - a field where most marketing is fear-based - and the US Army and DHS as early customers give it unusual weight.",API-based encryption platform launch for application developers (2020-10-23),"Developers skip encryption because the tooling is hostile, and Ubiq's bet is that it should be three lines of code. That is a sharp developer-experience argument in a category that sells on fear - and with the US Army and DHS as early customers, Wias has the standing to make it.","TAM: Confirmed; Cybersecurity / developer tools (encryption API) sold to Engineering, security and compliance teams embedding encryption into applications and data platforms. Size: 11-50 (confidence Medium). HQ: San Diego, CA, United States (High). Ability to pay: Probable. Buyer: Chief Executive Officer, CEO; founder status not established.","penalties applied: founder identity not established (-10); founder LinkedIn URL not captured; LinkedIn posting activity could not be inspected from the research environment, so content-gap fields are inference not observation",research confidence Medium; LinkedIn activity unverified; founder profile URL unverified,2026-09-14,https://www.ubiqsecurity.com/ubiq-launches-api-based-encryption-platform-for-application-developers/,https://www.ubiqsecurity.com/ubiq-closes-6-4-million-seed-round-to-grow-api-encryption-platform/ | https://www.linkedin.com/company/ubiqsecurity,"Founder identity for Ubiq could not be established from public sources - confirm whether Wias Issa is a founder and whether any founder remains operational. || Strong company on every dimension except one: founded 2013, San Diego, 11-50 employees, and a first-customer list of the US Army, DHS, Verizon and Hitachi that most seed-stage security companies would envy. The gap is the buyer - Wias Issa is clearly named as CEO but no founder is identified in public sources and his own founder status is unestablished. Recorded with Issa as the buyer under the non-founder-CEO provision, with founder identity flagged for verification."
57,B,73,Zuub,zuub.com,https://zuub.com,https://www.linkedin.com/company/zuub,Zareh Shabani,Zareh,Shabani,Co-Founder & COO,unverified,"Santa Monica, CA","Santa Monica, CA, United States",US-based (High confidence),33,11-50,"$1.5M (2023, GetLatka)",$9M+,active,Confirmed B2B SaaS,"High confidence: Confirmed B2B SaaS. AI-powered dental revenue cycle automation: real-time insurance verification, eligibility and benefits data, treatment planning and billing.",Confirmed: $9M Series A in mid-2024 plus an active product sold to DSOs; funding of this size with an operating product clears the affordability bar independently of revenue,unverified,Unknown,unverified,Operational view of scaling verification automation across DSO groups - the implementation reality behind the product promise.,$9M Series A led by Vertical Venture Partners (2024-06),"Zareh owns the operational side of rolling verification automation into DSO groups, which is where these deals actually succeed or fail. That implementation story is distinct from the CEO's category narrative.","TAM: Confirmed; Healthcare software / vertical SaaS (dental RCM) sold to Dental practices and Dental Service Organizations (DSOs). Size: 11-50 (confidence High). HQ: Santa Monica, CA, United States (High). Ability to pay: Confirmed. Buyer: Co-Founder & COO, Co-founder, operational.","founder LinkedIn URL not captured; LinkedIn posting activity could not be inspected from the research environment, so content-gap fields are inference not observation",research confidence Medium; LinkedIn activity unverified; founder profile URL unverified,2026-09-14,https://www.citybiz.co/article/571479/zuub-raises-9m-series-a/,https://getlatka.com/companies/zuub | https://www.zoominfo.com/c/zuub/474138449,"33 employees, founded 2017, four co-founders still in operating roles, and a recent Series A. Revenue estimate of $1.5M (2023) sits below the preferred band but the $9M round plus an operating product satisfies the brief's funding-based affordability test, so no revenue penalty is applied."
58,B,72,Pointivo,pointivo.com,https://pointivo.com,https://www.linkedin.com/company/pointivo,Dan Ciprari,Dan,Ciprari,Co-Founder & CEO,unverified,"Atlanta, GA","Atlanta, GA, United States",US-based (High confidence),~24-35 (2019 reporting - likely stale),11-50,1M-5M (vendor estimate),$8.38M over 7 rounds from 10 investors,active,Confirmed B2B SaaS,High confidence: Confirmed B2B SaaS. 3D Intelligence Platform using AI and computer vision to automate inspection and assessment of physical assets from drone and aerial imagery.,"Probable: $8.38M raised with institutional backing; enterprise buyers in insurance, telecom, solar and energy on inspection contracts",Serial entrepreneurship; commercialising deep-tech research; computer vision applied to physical asset inspection,Unknown - LinkedIn not inspectable,Unknown - requires LinkedIn verification,"The research-to-company translation story is genuinely distinctive: a business founder who partnered with an academic to commercialise a PhD. That is a repeatable narrative for the deep-tech audience, and separately he can speak to AI inspection replacing physical site visits across insurance and energy.",Series A led by BIP Capital,Pointivo exists because a serial entrepreneur read a PhD thesis and saw a company in it. That research-commercialisation partnership is a story deep-tech founders actively look for and Dan has lived it - none of it is published.,"TAM: Confirmed; Artificial intelligence / computer vision analytics sold to Insurance, roofing, solar, telecom and energy companies inspecting physical assets. Size: 11-50 (confidence Low). HQ: Atlanta, GA, United States (High). Ability to pay: Probable. Buyer: Co-Founder & CEO, Founder-CEO, operational.","penalties applied: employee count stale/low confidence (-10); employee count not independently verified; founder LinkedIn URL not captured; LinkedIn posting activity could not be inspected from the research environment, so content-gap fields are inference not observation",research confidence Medium; LinkedIn activity unverified; founder profile URL unverified,2026-09-14,https://hypepotamus.com/news/pointivo-raises-series-a/,https://www.techcompanynews.com/pointivo-is-powering-deeper-understanding-of-physical-assets-through-ai-computer-vision/ | https://www.bipventures.vc/portfolio/pointivo,"Founded 2014 in Atlanta to commercialise computer-vision research from Dr Habib Fathi's PhD; serial entrepreneur Dan Ciprari joined as CEO to build the business around it. Headcount evidence dates to 2019 (two dozen, expected to reach ~35), so the current figure is unverified - recorded as low confidence. Funding date not established, so timing is scored conservatively."
59,B,72,QuantConnect,quantconnect.com,https://quantconnect.com,https://www.linkedin.com/company/quantconnect,Jared Broad,Jared,Broad,Founder & CEO,https://www.linkedin.com/in/jaredbroad/,"Seattle, WA","Seattle, WA, United States",US-based (High confidence),24 (Jun 2026),11-50,5M-10M (vendor estimate),$2.46M across 3 rounds,active,Confirmed B2B SaaS,"Medium confidence: Confirmed B2B SaaS. Open-source, cloud-based algorithmic trading platform covering equities, FX, futures, options, derivatives and crypto, built on the LEAN engine.",Probable: Operating since 2011 with a large paying user base and institutional tier; capital-efficient at only $2.46M raised against an estimated 5M-10M revenue band,"Algorithmic trading infrastructure, open-source community building, quantitative finance",Moderate - gives long-form interviews; LinkedIn cadence not inspectable,"Moderate - clearly willing to talk at length, but on other people's platforms","Two threads with real audiences. Running an open-source business for fifteen years on $2.46M is a commercial-open-source case study founders actively look for, and it is rare to find one told honestly. Separately, a platform that sees thousands of backtested strategies has a genuinely evidenced view on why most retail quant strategies fail - a subject with a large, engaged audience and almost no credible voices.",Interactive Brokers interview series,"Jared has run an open-source trading platform for fifteen years on $2.46M raised, and sits on aggregate data about why most quant strategies actually fail. Both are subjects with large engaged audiences and no credible voices - and his thinking currently only surfaces in other people's interview series.","TAM: Confirmed; Fintech software / developer tools (algorithmic trading infrastructure) sold to Quantitative traders, trading firms and institutions; mixed individual and institutional base. Size: 11-50 (confidence High). HQ: Seattle, WA, United States (High). Ability to pay: Probable. Buyer: Founder & CEO, Founder-CEO, operational.","penalties applied: mixed individual and institutional customer base rather than pure B2B (-5); LinkedIn posting activity could not be inspected from the research environment, so content-gap fields are inference not observation",research confidence Medium; LinkedIn activity unverified; founder profile URL captured,2026-09-14,https://www.linkedin.com/in/jaredbroad/,https://en.wikipedia.org/wiki/QuantConnect | https://tracxn.com/d/companies/quantconnect/__X-_PUMMB8LyXboltIbbW5RKhfgcxGnHbP1h-HnuCoac | https://www.interactivebrokers.com/campus/ibkr-quant-news/interview-with-jared-broad-ceo-quantconnect-part-i/,"24 employees, founder-CEO Jared Broad still leading since 2011, Seattle. Customer-quality score is held down deliberately: QuantConnect serves individual quant developers alongside institutional users, so it is not a pure enterprise B2B motion and the brief's sales-quality points are scored accordingly. Founder LinkedIn URL is directly evidenced. Broad already gives long-form interviews (Interactive Brokers), so raw material exists."
60,B,72,Syncari,syncari.com,https://syncari.com,https://www.linkedin.com/company/syncari,Neelesh,Neelesh,unverified,Co-Founder & CTO,unverified,"Newark, CA","Newark, CA, United States",US-based (High confidence),conflicting: 19 to 130 across sources,11-50 (unresolved conflict),"$1.8M ARR (GetLatka 2024, likely stale given 2025 Series B)",$44M across 4 rounds,active,Confirmed B2B SaaS,High confidence: Confirmed B2B SaaS. Real-time source-side agentic master data platform powering automation and context-sharing across multi-agent systems with AI-ready data.,Confirmed: $44M raised including a $20M Series B in September 2025; well capitalised with an operating enterprise data platform,Data and platform architecture; former Tech Fellow at Adobe; led infrastructure at Marketo,Unknown,unverified,Technical authority on real-time source-side data architecture from an Adobe Tech Fellow and Marketo infrastructure lead - deep credibility for an engineering-audience position.,$20M Series B closed September 2025 (2025-09),An Adobe Tech Fellow who led Marketo's infrastructure is the right person to explain why source-side beats warehouse-side for agent data - a technical argument with real stakes that currently has no public advocate.,"TAM: Confirmed; Data infrastructure (agentic master data management) sold to Enterprise revenue and data teams unifying data across GTM systems and AI agents. Size: 11-50 (unresolved conflict) (confidence Low). HQ: Newark, CA, United States (High). Ability to pay: Confirmed. Buyer: Co-Founder & CTO, Co-founder, operational.","penalties applied: unresolved employee conflict (-10); employee count not independently verified; founder LinkedIn URL not captured; LinkedIn posting activity could not be inspected from the research environment, so content-gap fields are inference not observation",research confidence Medium; LinkedIn activity unverified; founder profile URL unverified,2026-09-14,https://syncari.com/blog/letter-from-the-ceo-announcing-our-series-a-funding-round/,https://pitchbook.com/profiles/company/343369-54 | https://getlatka.com/companies/syncari | https://www.owler.com/company/syncari,"Surname not established from public sources - confirm full name before outreach. || Employee estimates range from 19 to 130 depending on source and date - a material conflict recorded rather than resolved, and the reason the structural-fit score is not full. Held as Qualified because the dataset band, the lower public estimates and a $20M Series B are all consistent with a company in the 11-50 range recently, but headcount must be confirmed before outreach. Founder-CEO Nick Bonfiglio is a repeat founder with a prior exit (Aptrinsic to Gainsight, 2018) and was EVP of Global Product at Marketo."
61,B,72,Treasury4,treasury4.com,https://treasury4.com,https://www.linkedin.com/company/treasury4,Nathan Brown,Nathan,Brown,Co-Founder & Chief Analytics Officer,unverified,"Spokane, WA","Spokane, WA, United States",US-based (High confidence),41 (Jun 2026),11-50,1M-5M (vendor estimate),$25.98M,active,Confirmed B2B SaaS,"High confidence: Confirmed B2B SaaS. Cloud treasury data and analytics platform for corporate treasury operations - entity, cash, debt and investment data management.",Confirmed: $25.98M raised including a $20M Series A led by WestCap; corporate treasury departments on enterprise contracts,unverified,Unknown,unverified,Analytics-side view of what corporate cash data actually reveals - a data-led angle distinct from the CEO's category argument.,$20M Series A led by WestCap (2023-09-12),Nathan sees what corporate cash data actually shows across clients. A data-led read on liquidity behaviour is a different lane from the CEO's category pitch and is genuinely scarce.,"TAM: Confirmed; Financial operations (corporate treasury management) sold to Corporate treasury and finance teams. Size: 11-50 (confidence High). HQ: Spokane, WA, United States (High). Ability to pay: Confirmed. Buyer: Co-Founder & Chief Analytics Officer, Co-founder, operational.","founder LinkedIn URL not captured; LinkedIn posting activity could not be inspected from the research environment, so content-gap fields are inference not observation",research confidence High; LinkedIn activity unverified; founder profile URL unverified,2026-09-14,https://www.businesswire.com/news/home/20230912157405/en/Treasury4-Raises-%2420-Million-in-Series-A-Funding-Led-by-WestCap,https://www.treasury4.com/company/about-treasury4/ | https://tracxn.com/d/companies/treasury4/__UBpH12QCrui4E5W9lsUq4o0zwlPW2ywtr3nPAk3XNMM | https://www.linkedin.com/pulse/treasury4-story-treasury4,"41 employees, three founders all in operating roles, $20M Series A from WestCap, and a Spokane rather than coastal base. Notably the company already publishes 'The Treasury4 Story' as a multi-part series including on LinkedIn, so appetite for narrative content is proven - it is just company-voiced rather than founder-voiced."
62,B,72,Visible.vc,visible.vc,https://visible.vc,https://www.linkedin.com/company/visible-vc,Mike Preuss,Mike,Preuss,Co-Founder & CEO,unverified,"Chicago, IL","Chicago, IL, United States",US-based (Medium confidence),small distributed team across ten cities and three continents; dataset 11-50,11-50,1M-5M (vendor estimate),Capital-efficient - grew 80% in a year without burning capital,active,Confirmed B2B SaaS,"High confidence: Confirmed B2B SaaS. Stakeholder management and reporting platform: investor updates, fundraising pipelines, data rooms and metric tracking for startups, plus portfolio monitoring for VCs.","Probable: 2,000+ paying businesses, documented 80% growth in one year without burning capital, established product since 2014","Investor relations, startup fundraising, VC portfolio monitoring, capital-efficient SaaS growth",Unknown - LinkedIn not inspectable,"Likely ideal - sits on both sides of the founder/investor relationship but the public voice is the product's, not his","Visible sees investor updates from 2,000+ startups and portfolio monitoring from the fund side simultaneously. That is a rare two-sided view of what actually gets founders funded. Combined with running a Chicago company that grew 80% without burning capital, there are two distinct, contrarian positions available: what good investor communication looks like, and why capital efficiency beats the coastal playbook.",Documented 80% year-on-year growth achieved without burning capital,"Visible has the template library every founder uses for investor updates, and Mike sees which updates actually precede a raise - from both sides of the table. That is a genuinely scarce read on fundraising, and it currently exists as product templates rather than as his own argument.","TAM: Confirmed; Vertical SaaS / fintech software (investor reporting) sold to Startup founders and VC funds - portfolio monitoring and investor reporting. Size: 11-50 (confidence Low). HQ: Chicago, IL, United States (Medium). Ability to pay: Probable. Buyer: Co-Founder & CEO, Founder-CEO, operational.","penalties applied: employee count low confidence (-10); employee count not independently verified; founder LinkedIn URL not captured; LinkedIn posting activity could not be inspected from the research environment, so content-gap fields are inference not observation",research confidence Medium; LinkedIn activity unverified; founder profile URL unverified,2026-09-14,https://visible.vc/about/,https://pipe.com/resources/articles/visible-saas-case-study | https://visible.vc/,"Founded 2014 in Chicago by Mike Preuss, who remains co-founder and CEO. Team is distributed across ten cities and three continents, so the Chicago HQ is the registered base rather than a single office - recorded as Medium confidence. Headcount could not be verified beyond the dataset band."
63,B,72,Zuub,zuub.com,https://zuub.com,https://www.linkedin.com/company/zuub,Robert Kim,Robert,Kim,Co-Founder & Chief Business Officer,unverified,"Santa Monica, CA","Santa Monica, CA, United States",US-based (High confidence),33,11-50,"$1.5M (2023, GetLatka)",$9M+,active,Confirmed B2B SaaS,"High confidence: Confirmed B2B SaaS. AI-powered dental revenue cycle automation: real-time insurance verification, eligibility and benefits data, treatment planning and billing.",Confirmed: $9M Series A in mid-2024 plus an active product sold to DSOs; funding of this size with an operating product clears the affordability bar independently of revenue,unverified,Unknown,unverified,Commercial co-founder selling into dental groups - a buyer-facing voice on how DSO purchasing actually works.,$9M Series A led by Vertical Venture Partners (2024-06),"Robert runs the commercial side into DSOs, so he sees how dental groups actually buy. That sales-motion insight is the most directly useful content for the category and nobody publishes it.","TAM: Confirmed; Healthcare software / vertical SaaS (dental RCM) sold to Dental practices and Dental Service Organizations (DSOs). Size: 11-50 (confidence High). HQ: Santa Monica, CA, United States (High). Ability to pay: Confirmed. Buyer: Co-Founder & Chief Business Officer, Co-founder, operational.","founder LinkedIn URL not captured; LinkedIn posting activity could not be inspected from the research environment, so content-gap fields are inference not observation",research confidence Medium; LinkedIn activity unverified; founder profile URL unverified,2026-09-14,https://www.citybiz.co/article/571479/zuub-raises-9m-series-a/,https://getlatka.com/companies/zuub | https://www.zoominfo.com/c/zuub/474138449,"33 employees, founded 2017, four co-founders still in operating roles, and a recent Series A. Revenue estimate of $1.5M (2023) sits below the preferred band but the $9M round plus an operating product satisfies the brief's funding-based affordability test, so no revenue penalty is applied."
64,B,71,Assembly,copilot.app,https://copilot.app,https://www.linkedin.com/company/assemblycom,Neil Raina,Neil,Raina,Co-Founder,unverified,"New York, NY","New York, NY, United States",US-based (High confidence),11-50 band reported,11-50,1M-5M (vendor estimate),$13M to date,active,Confirmed B2B SaaS,"High confidence: Confirmed B2B SaaS. Platform for service businesses to give clients a unified, branded client portal covering messaging, files, billing and apps.",Confirmed: $13M raised with a $100M post-money valuation; hundreds of tech-enabled service businesses on recurring platform subscriptions,unverified,Unknown,unverified,Building-side perspective on a platform that has to feel like the customer's own brand - a product and design problem with real opinions attached.,Apple Developer spotlight feature,"Neil's lane is the product problem Copilot actually solves: making a platform disappear into someone else's brand. White-labelling done properly is a design argument, not a feature list.","TAM: Confirmed; Workflow automation / customer-success software (client portals) sold to Tech-enabled service businesses in technology, marketing and financial services. Size: 11-50 (confidence Medium). HQ: New York, NY, United States (High). Ability to pay: Confirmed. Buyer: Co-Founder, Co-founder, operational.","founder LinkedIn URL not captured; LinkedIn posting activity could not be inspected from the research environment, so content-gap fields are inference not observation",research confidence Medium; LinkedIn activity unverified; founder profile URL unverified,2026-09-14,https://techcrunch.com/2023/01/19/copilot-lands-10m-to-help-service-businesses-build-digital-customer-experiences,https://tracxn.com/d/companies/copilot/__aj6HvPQbYLhnYTElhvfu93o9Er78XZd_alVI0D7Zt9g | https://developer.apple.com/news/?id=m1mmw99d,"SOURCE NAME/DOMAIN MISMATCH: the dataset row pairs the company name 'Assembly' with the domain copilot.app. Research is pinned to the domain, which the audit established as the reliable identity key, and copilot.app resolves to Marlon Misra and Neil Raina's client-portal company. A separate, unrelated employee-recognition company also trades as Assembly at joinassembly.com (Los Angeles, founded 2017 by Saravana Vijay Kumar and Jonathan Fields, $5.67M raised); it is not this row and may appear elsewhere in the queue under its own domain. Co-founded in early 2020 by Marlon Misra (CEO) and Neil Raina; New York; 11-50 employees; $13M raised with YC Continuity and Lachy Groom backing at a $100M post-money valuation. Identity note: search results also surfaced an unrelated 'CoPilot AI' and Microsoft's Copilot, so the record here is pinned to copilot.app and the TechCrunch coverage of the service-business client-portal product."
65,B,71,Valer,valer.health,https://valer.health,https://www.linkedin.com/company/valer-health,Marty Staszak,Marty,Staszak,Co-Founder & CTO,unverified,"Huntington Beach, CA","Huntington Beach, CA, United States",US-based (High confidence),24 (Apr 2026),11-50,1M-5M (vendor estimate),Bootstrapped - no funding rounds raised,active,Confirmed B2B SaaS,"High confidence: Confirmed B2B SaaS. Prior authorization and referral management platform automating submissions, status checking, verification, reporting and EHR synchronisation across settings, specialties and payers.",Probable: Bootstrapped and operating since 2012 with health-system customers on recurring contracts; sustained 13-year operation without outside capital indicates real revenue,unverified,Unknown,unverified,Technical co-founder view on EHR synchronisation and payer integration - the least glamorous and most valuable engineering problem in healthcare software.,Rebranded from Voluware to Valer (2024-01-16),"Marty has spent thirteen years on payer integration and EHR synchronisation, the unglamorous plumbing every healthtech pitch glosses over. Engineers building in healthcare actively look for that and almost nobody senior writes it.","TAM: Confirmed; Healthcare software / compliance technology (prior authorization) sold to Health systems, hospitals and specialty practices across all payers and settings. Size: 11-50 (confidence High). HQ: Huntington Beach, CA, United States (High). Ability to pay: Probable. Buyer: Co-Founder & CTO, Co-founder, operational.","founder LinkedIn URL not captured; LinkedIn posting activity could not be inspected from the research environment, so content-gap fields are inference not observation",research confidence High; LinkedIn activity unverified; founder profile URL unverified,2026-09-14,https://valer.health/leadership/dr-steve-kim/,https://www.businesswire.com/news/home/20240116934528/en/Prior-Authorization-Leader-Voluware-Unveils-New-Company-Brand-Valer | https://tracxn.com/d/companies/valer/__q7_65gBBtIDVM9zIDiywH6pcX2eLG8guGMIt7OS5f5s | https://valer.health/about-us/,"24 employees, both founders still in post, operating since 2012 entirely bootstrapped, and a category-repositioning rebrand from Voluware to Valer in January 2024. Prior authorization is under active regulatory reform in the US, which makes the timing strong. Bootstrapped status here is a positive buying signal: no investor communications machine, and discretionary spend funded by revenue."
66,B,70,KORIO,korioclinical.com,https://korioclinical.com,https://www.linkedin.com/company/korio-inc,Chuck Harris,Chuck,Harris,Co-Founder,unverified,United States,"Doylestown, PA, United States",US-based (High confidence),36 (Jun 2026),11-50,5M-10M (vendor estimate),$12.3M across 2 rounds,active,Confirmed B2B SaaS,"High confidence: Confirmed B2B SaaS. Compliance-centric Randomization and Trial Supply Management (RTSM/IRT) platform for every phase of clinical trials, built platform-first to fix the quality and scalability problems of legacy IRT.","Confirmed: $12.3M raised across seed and Series A; pharma and CRO sponsors on per-trial RTSM contracts, which carry high six-figure values",unverified,Unknown,unverified,Build-side view of designing an RTSM platform for regulatory compliance from the ground up rather than retrofitting it - a technical argument with direct regulatory stakes.,Series A led by BIP Ventures to accelerate RTSM platform growth (2024-09),"Chuck's lane is designing for regulatory compliance from scratch rather than bolting it on afterwards - a technical argument with real audit consequences, and distinct from the CEO's category critique.","TAM: Confirmed; Healthcare software / compliance technology (clinical trial RTSM) sold to Pharmaceutical sponsors and CROs running clinical trials. Size: 11-50 (confidence High). HQ: Doylestown, PA, United States (High). Ability to pay: Confirmed. Buyer: Co-Founder, Co-founder.","founder's current operational role not confirmed; founder LinkedIn URL not captured; LinkedIn posting activity could not be inspected from the research environment, so content-gap fields are inference not observation",research confidence High; LinkedIn activity unverified; founder profile URL unverified,2026-09-14,https://www.korioclinical.com/korio-secures-series-a-funding-to-accelerate-growth-of-innovative-randomization-trial-supply-management-rtsm-platform/,https://www.finsmes.com/2023/10/korio-secures-6-8m-in-funding.html | https://tracxn.com/d/companies/korio/__S1doKRs_hb_suMwPmWYrWuYgAF2B0cb-RwYp5fGVUC0 | https://www.clinicalleader.com/doc/why-korio-took-a-platform-first-approach-to-clinical-trial-rtsm-0001 | https://www.prnewswire.com/news-releases/korio-to-launch-irt-industrys-first-compliance-centric-platform-301627503.html,"Current operational role not confirmed. || First company out of the strict queue and it validates the filter. 36 employees, founder-CEO in post, $12.3M raised including a recent Series A, Doylestown PA. The founder profile is unusually strong for this service: Ryan Keane spent ten years at Endpoint Clinical - the incumbent RTSM vendor - rising to Chief Commercial Officer, then left to build the challenger. A founder who ran the incumbent's commercial organisation and then argues publicly about what that category got wrong has standing no competitor can buy."
67,B,70,Repool,repool.com,https://repool.com,https://www.linkedin.com/company/repool,Justin Carrao,Justin,Carrao,Co-Founder & CTO,unverified,United States,"San Francisco, CA, United States",US-based (Medium confidence),dataset 15; expanded with senior hires from Northern Trust and State Street,11-50,5M-10M (vendor estimate),$3.7M+ seed,active,Confirmed B2B SaaS,"High confidence: Confirmed B2B SaaS. Hedge fund launch and administration platform - 'fund-in-a-box' formation plus ongoing fund administration, taking on incumbent fund administrators.","Probable: YC S21 with a $3.7M seed from Canaan, Matrix and Global Founders Capital; fund administration carries recurring per-fund fees and the company has hired senior fund-admin leadership",unverified,Unknown,unverified,"Engineering view of automating fund administration - reconciliation, NAV and investor accounting - work incumbents still do largely by hand.","Hired leadership with 30+ years of fund administration experience from Northern Trust and State Street, and launched an industry-first platform (2024)",Justin is automating fund accounting and NAV work that incumbents still do by hand. That engineering story has an audience in fintech and almost no one telling it.,"TAM: Confirmed; Fintech software / vertical SaaS (hedge fund administration) sold to Emerging hedge fund managers and existing investment firms launching and administering funds. Size: 11-50 (confidence Low). HQ: San Francisco, CA, United States (Medium). Ability to pay: Probable. Buyer: Co-Founder & CTO, Co-founder, operational.","penalties applied: employee count unverified (-10); dual-site SF and NY (-5); employee count not independently verified; founder LinkedIn URL not captured; LinkedIn posting activity could not be inspected from the research environment, so content-gap fields are inference not observation",research confidence Medium; LinkedIn activity unverified; founder profile URL unverified,2026-09-14,https://www.linkedin.com/in/kevinfu93/,https://www.prnewswire.com/news-releases/repool-takes-on-incumbent-fund-administrators-with-seasoned-hires-and-industry-first-platform-302214397.html | https://www.workatastartup.com/companies/repool | https://borninsiliconvalley.podbean.com/e/modernizing-hedge-funds-a-conversation-with-kevin-fu-of-repool-1719250227/,"Y Combinator S21, founded 2021, offices in San Francisco and New York so the primary site is recorded at Medium confidence. Headcount not established publicly. Founder LinkedIn URL is directly evidenced and Kevin Fu already appears on multiple podcasts, so willingness to talk publicly is proven."
68,B,70,Tactic,gettactic.com,https://gettactic.com,https://www.linkedin.com/company/gettactic,Austin Hale,Austin,Hale,Co-Founder & COO,unverified,"Lehi, UT","Lehi, UT, United States",US-based (High confidence),not established by search; dataset 11-50,11-50 (unverified),1M-5M (vendor estimate),$30.0M across 4 rounds,active,Confirmed B2B SaaS,"High confidence: Confirmed B2B SaaS. Hybrid workplace management platform: desk and room reservation, visitor management, workplace requests, space-utilisation analytics and an AI assistant (Tessa), integrated with Outlook, Slack and HRIS systems.","Confirmed: $30M raised from an unusually strong investor list (Founders Fund, Lux Capital, Elad Gil, Dylan Field, Ramp) with an operating enterprise workplace platform",unverified,Unknown,unverified,Operating view of scaling a workplace platform through the most volatile period office work has had in decades.,AI assistant 'Tessa' added to the platform (2026),Austin ran operations through a pivot from office-safety tooling to hybrid workplace management - a company that had to change shape as fast as the thing it sold to. That operational story is separate from the CEO's data-driven RTO argument.,"TAM: Confirmed; Workflow automation / enterprise collaboration (hybrid workplace) sold to Enterprises and distributed teams managing hybrid offices. Size: 11-50 (unverified) (confidence Low). HQ: Lehi, UT, United States (High). Ability to pay: Confirmed. Buyer: Co-Founder & COO, Co-founder, operational.","penalties applied: employee count unverified (-10); employee count not independently verified; founder LinkedIn URL not captured; LinkedIn posting activity could not be inspected from the research environment, so content-gap fields are inference not observation",research confidence Medium; LinkedIn activity unverified; founder profile URL unverified,2026-09-14,https://utahbusiness.com/tactic-raises-money-for-hybrid-office-solutions,https://www.crunchbase.com/organization/tactic-24fb | https://www.gettactic.com/,"Founded 2020 in Lehi, Utah by three friends - Reid Hiatt (CEO), Christopher Barcus (CFO), Austin Hale (COO) - all still in post. The investor list is exceptional for a company this size and is itself a strong ability-to-pay signal. Headcount not established publicly."
69,B,70,Thena,thena.ai,https://thena.ai,https://www.linkedin.com/company/thena-platform,Govind Kavaturi,Govind,Kavaturi,Co-Founder,unverified,United States,"Palo Alto, CA, United States",US-based (High confidence),21-40,11-50,1M-5M (vendor estimate),$7.8M over 3 rounds from 5 investors incl. Lightspeed India and First Round Capital,active,Confirmed B2B SaaS,"High confidence: Confirmed B2B SaaS. AI customer support and engagement layer for B2B teams operating in Slack, Teams, email and chat, connecting those channels to Zendesk and Salesforce.","Confirmed: $7.8M raised from tier-one investors (First Round Capital, Lightspeed) with an operating B2B product and enterprise integrations",unverified,Maintains a personal project site,unverified,"Already documents his work publicly on a personal site, which indicates appetite for building in public but no distribution.",AI repositioning of the support product (2026),"Govind already writes up his work on a personal site - the appetite is there, the distribution is not. That is the cheapest gap to close of the three.","TAM: Confirmed; Customer-success software / enterprise collaboration sold to B2B companies servicing customers in shared Slack and Teams channels. Size: 11-50 (confidence Medium). HQ: Palo Alto, CA, United States (High). Ability to pay: Confirmed. Buyer: Co-Founder, Co-founder.","founder LinkedIn URL not captured; LinkedIn posting activity could not be inspected from the research environment, so content-gap fields are inference not observation",research confidence Medium; LinkedIn activity unverified; founder profile URL unverified,2026-09-14,https://councils.forbes.com/profile/Ankit-Saxena-Founder-CEO-Thena/9c835ea7-dcf7-4624-a215-504f02843bfc,https://www.thena.ai/author/ankit-saxena | https://tracxn.com/d/companies/thena/__hV_LmKvPmjFAui5uAqzgDuMcqfC5SLL-ctDSyN2vVSA | https://www.thena.ai/about-us,"Four co-founders: Ankit Saxena (CEO), Mike Molinet, Govind Kavaturi, Unmukt Raizada. HQ Palo Alto with team in Mountain View, NYC and Bangalore - US HQ is well evidenced. Notably the CEO already has an author page on the company site and a Forbes Technology Council profile, so willingness to publish is proven; the gap is that it is company-hosted rather than a personal position."
70,B,70,Videate,videate.io,https://videate.io,https://www.linkedin.com/company/videate,Dave Gullo,Dave,Gullo,Co-Founder,unverified,"Austin, TX","Austin, TX, United States",US-based (High confidence),dataset 11-50; not contradicted,11-50,1M-5M (vendor estimate),"Venture-backed by S3 Ventures, Tensility Venture Partners, Firebrand Ventures, Wavemaker Group, AI Sprouts VC",active,Confirmed B2B SaaS,"High confidence: Confirmed B2B SaaS. Turns documentation and scripts into software videos using AI, robotic process automation and text-to-speech, with videos auto-updated each release and localised into multiple languages.",Probable: Multiple institutional investors including S3 Ventures; enterprise SaaS customers using video automation at scale,"Mass-scale browser automation, high-volume low-latency distributed systems; previously co-founder and CTO of VideoAmp",Unknown,unverified,"A second-time technical co-founder who built VideoAmp's engineering before inventing Videate's automation core - deep credibility on browser automation at scale, a topic with a real engineering audience and almost no senior voices.",Generative AI video editor launch and reported growth momentum (2024),Dave built VideoAmp's engineering and then invented the automation that makes Videate work. Mass-scale browser automation has a real engineering audience and almost no senior practitioners writing about it - that gap is his.,"TAM: Confirmed; Artificial intelligence / productivity software (video automation) sold to SaaS companies producing product and customer-success video at scale. Size: 11-50 (confidence Low). HQ: Austin, TX, United States (High). Ability to pay: Probable. Buyer: Co-Founder, Co-founder, operational; inventor of the core technology.","penalties applied: employee count low confidence (-10); CEO is not a founder (-5); employee count not independently verified; founder LinkedIn URL not captured; LinkedIn posting activity could not be inspected from the research environment, so content-gap fields are inference not observation",research confidence Medium; LinkedIn activity unverified; founder profile URL unverified,2026-09-14,https://www.videate.io/about,https://blog.videate.io/how-video-transforms-customer-success-in-saas-ryan-arnett-videate-ceo | https://www.s3vc.com/videate | https://www.prnewswire.com/news-releases/videate-surges-ahead-with-strong-momentum-accelerating-growth-and-innovation-in-generative-ai-302153068.html,"Founded 2019 in Austin. Co-founder CEO Mark Hellinger retired and now chairs the board; Ryan Arnett was appointed CEO. Co-founder Dave Gullo, inventor of the technology and previously co-founder/CTO of VideoAmp, remains. Both Arnett and Gullo are credible buyers - Arnett already publishes bylined pieces on the company blog."
71,B,70,Xevant,xevant.com,https://xevant.com,https://www.linkedin.com/company/xevant,Alan Kellogg,Alan,Kellogg,Co-Founder,unverified,Utah,"Lehi, UT, United States",US-based (High confidence),34 (Jun 2026),11-50,1M-5M (vendor estimate),$17.2M across 3 rounds from 5 investors,active,Confirmed B2B SaaS,"High confidence: Confirmed B2B SaaS. Real-time PBM data analytics platform - ScripLogic, ClinicalLogic, BidLogic and FinanceLogic - covering contract variance, plan review and trend management.",Confirmed: $17.2M raised with a Series A in Feb 2024; enterprise PBM and health-plan buyers on high-value analytics contracts,unverified,Unknown,unverified,Co-founder perspective on building healthcare data infrastructure in Utah rather than a coastal hub.,Series A funding round and a major platform enhancement launch (2024-02-08),Alan's angle is the build story - what it takes to get PBMs to trust a third-party analytics layer with their claims data - which is distinct from Brandon's policy-facing voice.,"TAM: Confirmed; Healthcare software / analytics (PBM data analytics) sold to Pharmacy benefit managers, health plans, employers and pharmacy benefit organisations. Size: 11-50 (confidence High). HQ: Lehi, UT, United States (High). Ability to pay: Confirmed. Buyer: Co-Founder, Co-founder.","founder's current operational role not confirmed; founder LinkedIn URL not captured; LinkedIn posting activity could not be inspected from the research environment, so content-gap fields are inference not observation",research confidence Medium; LinkedIn activity unverified; founder profile URL unverified,2026-09-14,https://www.xevant.com/leadership/,https://tracxn.com/d/companies/xevant/__UvEjJn6EgmdQgQ6U2R6rz0gds-lfOQv7-8WbVHJw5tA | https://www.xevant.com/news/xevant-unveils-newly-enhanced-platform-with-dynamic-solutions-for-the-healthcare-market/,"Current role not confirmed - verify before outreach. || 34 employees squarely in band, founder-CEO operational, recent institutional funding. Pharmacy benefit cost and PBM transparency are live regulatory and political topics, which makes the founder-brand timing unusually good."
72,C,68,Dropstat,dropstat.com,https://dropstat.com,https://www.linkedin.com/company/dropstat,Tara Vafaeenia,Tara,Vafaeenia,Co-Founder,unverified,"Beverly Hills, CA","Beverly Hills, CA, United States",US-based (High confidence),38 (up 6% year on year),11-50,1M-5M (vendor estimate); described as a multi-million dollar health-tech company,$6.84M across 4 rounds,active,Confirmed B2B SaaS,"High confidence: Confirmed B2B SaaS. Staffing supply chain management platform that works alongside scheduling and payroll systems, using algorithms to fill chronic and urgent shift gaps with the safest, most cost-efficient staff available.","Confirmed: $6.84M raised, 38 employees growing, healthcare facility customers on recurring staffing-platform contracts",unverified,Unknown,unverified,Co-founder perspective on building healthcare workforce software; complements rather than duplicates the clinical founder story.,Seed round close and continued headcount growth (2023-05),"Tara's distinct angle is the build-and-scale side of a healthcare workforce platform, which keeps her voice separate from Sara's clinical authority.","TAM: Confirmed; Healthcare software / HR technology (staffing supply chain) sold to Hospitals, nursing homes and healthcare facilities managing nurse staffing. Size: 11-50 (confidence High). HQ: Beverly Hills, CA, United States (High). Ability to pay: Confirmed. Buyer: Co-Founder, Co-founder.","founder's current operational role not confirmed; founder LinkedIn URL not captured; LinkedIn posting activity could not be inspected from the research environment, so content-gap fields are inference not observation",research confidence Medium; LinkedIn activity unverified; founder profile URL unverified,2026-09-14,https://dropstat.com/blog/company-news/nurse-staffing-interview/,https://www.cacheflowpodcast.com/episodes/nurse-builds-healthcare-saas-and-saves-more-lives/ | https://labusinessjournal.com/economy/jobs/dropstat-closes-seed-round/ | https://profiles.crustdata.com/company/dropstat | https://tracxn.com/d/companies/dropstat/__XbbWIjQD-Sa507hLwIC--Fkm56IOqi1GyONpTmsgHLk,"Current operational role not confirmed. || One of the strongest founder-brand profiles found so far. Sara Well is a former critical care nurse with 12 years of clinical experience who founded the company to fix the staffing problem she lived, and she is already doing podcast and interview appearances. 38 employees, squarely in band, Beverly Hills HQ, institutional backing."
73,C,68,Pointivo,pointivo.com,https://pointivo.com,https://www.linkedin.com/company/pointivo,Habib Fathi,Habib,Fathi,Co-Founder & Chief Science Officer / CTO,unverified,"Atlanta, GA","Atlanta, GA, United States",US-based (High confidence),~24-35 (2019 reporting - likely stale),11-50,1M-5M (vendor estimate),$8.38M over 7 rounds from 10 investors,active,Confirmed B2B SaaS,High confidence: Confirmed B2B SaaS. 3D Intelligence Platform using AI and computer vision to automate inspection and assessment of physical assets from drone and aerial imagery.,"Probable: $8.38M raised with institutional backing; enterprise buyers in insurance, telecom, solar and energy on inspection contracts",PhD Civil and Environmental Engineering; computer vision and 3D reconstruction research,Unknown,unverified,Academic-founder voice on what computer vision can and cannot yet do for physical asset assessment - technically credible in a category full of overclaiming.,Series A led by BIP Capital,"Habib's PhD research became the product. In a drone-AI category full of overclaiming, a founder who can precisely state the limits of computer vision has the most credible voice available.","TAM: Confirmed; Artificial intelligence / computer vision analytics sold to Insurance, roofing, solar, telecom and energy companies inspecting physical assets. Size: 11-50 (confidence Low). HQ: Atlanta, GA, United States (High). Ability to pay: Probable. Buyer: Co-Founder & Chief Science Officer / CTO, Co-founder, operational.","penalties applied: employee count stale/low confidence (-10); employee count not independently verified; founder LinkedIn URL not captured; LinkedIn posting activity could not be inspected from the research environment, so content-gap fields are inference not observation",research confidence Medium; LinkedIn activity unverified; founder profile URL unverified,2026-09-14,https://hypepotamus.com/news/pointivo-raises-series-a/,https://www.techcompanynews.com/pointivo-is-powering-deeper-understanding-of-physical-assets-through-ai-computer-vision/ | https://www.bipventures.vc/portfolio/pointivo,"Founded 2014 in Atlanta to commercialise computer-vision research from Dr Habib Fathi's PhD; serial entrepreneur Dan Ciprari joined as CEO to build the business around it. Headcount evidence dates to 2019 (two dozen, expected to reach ~35), so the current figure is unverified - recorded as low confidence. Funding date not established, so timing is scored conservatively."
74,C,68,UrbanBound,urbanbound.com,https://urbanbound.com,https://www.linkedin.com/company/urbanbound,Jeff Ellman,Jeff,Ellman,Co-Founder,unverified,"Chicago, IL","Chicago, IL, United States",US-based (High confidence),44,11-50,"$10.5M (2024, GetLatka)",$17.5M over 6 rounds from 5 investors incl. StarVest Partners,active,Confirmed B2B SaaS,"High confidence: Confirmed B2B SaaS. Relocation management software for employee moves, plus candidate-experience tooling for recruiting.","Confirmed: $10.5M revenue on a 44-person team, $17.5M raised, established since 2011 with corporate HR buyers",unverified,Unknown,unverified,Co-founded both UrbanBound and Hireology with Krasman - the repeat co-founder partnership is itself an unusual and underexplored story.,Launched new candidate-experience product,Jeff and Michael have now co-founded multiple companies together. Long-running co-founder partnerships are rare and almost never written about honestly; that is his distinct angle rather than a second version of Michael's.,"TAM: Confirmed; HR technology (relocation management) sold to Corporate HR, talent acquisition and mobility teams at mid-market and enterprise employers. Size: 11-50 (confidence High). HQ: Chicago, IL, United States (High). Ability to pay: Confirmed. Buyer: Co-Founder, Co-founder.","penalties applied: probable internal content support (-5 partial); founder's current operational role not confirmed; founder LinkedIn URL not captured; LinkedIn posting activity could not be inspected from the research environment, so content-gap fields are inference not observation",research confidence Medium; LinkedIn activity unverified; founder profile URL unverified,2026-09-14,https://www.urbanbound.com/blog/behind-the-scenes-at-urbanbound,https://getlatka.com/companies/urbanbound | https://starvestpartners.com/urbanbound/ | https://www.urbanbound.com/about-urbanbound,"Current operational involvement not confirmed - verify before outreach. || 44 employees confirmed by third-party data, squarely in band. Revenue near $10.5M puts it in the most attractive affordability bracket. Co-founder Michael Krasman is a serial entrepreneur with 25+ years building companies, which is unusually rich founder-brand raw material."
75,C,68,uStudio,ustudio.com,https://ustudio.com,https://www.linkedin.com/company/ustudio,Josh Marshall,Josh,Marshall,Co-Founder & CTO,unverified,"Austin, TX","Austin, TX, United States",US-based (High confidence),~33 (Mar 2026); 30 per another source,11-50,$3.1M-$4.2M,$10M (last round 2014 - funding is old),active,Confirmed B2B SaaS,"High confidence: Confirmed B2B SaaS. Secure enterprise audio, video and private podcasting platform for sales enablement, training and C-suite communications, integrated into Microsoft 365.","Confirmed: $3.1M-$4.2M revenue on a 33-person team, operating since 2010 with enterprise customers and a Microsoft 365 integration",unverified,Unknown,unverified,Technical co-founder view on secure enterprise media delivery - a genuinely hard distribution and security problem behind a simple-looking product.,Integrated enterprise podcasting into Microsoft 365,"Josh's lane is secure media delivery inside enterprises, a hard distribution problem hidden behind a simple product. That is distinct from the CEO's communications argument.","TAM: Confirmed; Enterprise collaboration / productivity software (enterprise podcasting) sold to Large enterprises using private audio and video for sales enablement, training and executive communications. Size: 11-50 (confidence High). HQ: Austin, TX, United States (High). Ability to pay: Confirmed. Buyer: Co-Founder & CTO, Co-founder.","penalties applied: funding is over a decade old (-5); founder's current operational role not confirmed; founder LinkedIn URL not captured; LinkedIn posting activity could not be inspected from the research environment, so content-gap fields are inference not observation",research confidence High; LinkedIn activity unverified; founder profile URL unverified,2026-09-14,https://www.linkedin.com/in/jengrogono/,https://getlatka.com/companies/ustudio | https://www.statesman.com/news/20170612/austins-ustudio-making-waves-in-enterprise-video-sector | https://ustudio.com/press/ustudio-integrates-enterprise-podcasting-into-microsoft-365/ | https://ustudio.com/blog/news-events/ustudio-ceo-jen-grogono-named-profiles-power-list/,"Current operational role not confirmed. || 33 employees, Austin, revenue in the $3-4M range, and co-founder Jen Grogono still President and CEO since 2010 alongside co-founder CTO Josh Marshall. Founder LinkedIn URL is directly evidenced. There is a neat strategic fit worth noting: uStudio sells enterprise podcasting for executive communications, so its own founder's under-used public voice is the exact problem its product addresses for customers."
76,C,67,FundMiner,fundminer.com,https://fundminer.com,https://www.linkedin.com/company/fundminer,Alejandro Stevenson-Duran,Alejandro,Stevenson-Duran,Co-Founder,unverified,"El Paso, TX","El Paso, TX, United States",US-based (High confidence),29,11-50,1M-5M (vendor estimate),$4.22M from 7 investors,active,Confirmed B2B SaaS,High confidence: Confirmed B2B SaaS. Platform automating management and stewardship of restricted philanthropic funds for large fundraising organisations.,Probable: $4.22M raised across 7 investors with 29 employees; universities and community foundations are slow but high-value recurring customers,unverified,Unknown,unverified,Co-founder view on building fund-accounting software for institutions with decades of legacy process - a technical and change-management story distinct from the CEO's category argument.,Seed round with Techstars Ventures,Alejandro's lane is getting institutions with decades of legacy fund-accounting process to change how they work. That implementation reality is a separate story from the CEO's stewardship argument.,"TAM: Confirmed; Vertical SaaS / financial operations (philanthropic fund management) sold to Higher education institutions and community foundations managing restricted philanthropic funds. Size: 11-50 (confidence High). HQ: El Paso, TX, United States (High). Ability to pay: Probable. Buyer: Co-Founder, Co-founder.","founder's current operational role not confirmed; founder LinkedIn URL not captured; LinkedIn posting activity could not be inspected from the research environment, so content-gap fields are inference not observation",research confidence High; LinkedIn activity unverified; founder profile URL unverified,2026-09-14,https://hub.fundminer.com/fundminer-blog/why-we-started-fundminer,https://www.crunchbase.com/organization/fundminer | https://www.zoominfo.com/c/fundminer/566154566,"Current operational role not confirmed. || FundMiner sells to universities and foundations but is itself a for-profit private software company, so the nonprofit and educational exclusions do not apply - they cover the company's own status, not its customers. 29 employees, co-founder Chelsea Lamego is CEO, El Paso base. The company has already published a 'Why We Started FundMiner' piece, so the founding story is written and available to build on."
77,C,67,Tactic,gettactic.com,https://gettactic.com,https://www.linkedin.com/company/gettactic,Christopher Barcus,Christopher,Barcus,Co-Founder & CFO,unverified,"Lehi, UT","Lehi, UT, United States",US-based (High confidence),not established by search; dataset 11-50,11-50 (unverified),1M-5M (vendor estimate),$30.0M across 4 rounds,active,Confirmed B2B SaaS,"High confidence: Confirmed B2B SaaS. Hybrid workplace management platform: desk and room reservation, visitor management, workplace requests, space-utilisation analytics and an AI assistant (Tessa), integrated with Outlook, Slack and HRIS systems.","Confirmed: $30M raised from an unusually strong investor list (Founders Fund, Lux Capital, Elad Gil, Dylan Field, Ramp) with an operating enterprise workplace platform",unverified,Unknown,unverified,Founder-CFO view on raising $30M from Founders Fund and Lux out of Utah - a fundraising perspective distinct from the CEO's category voice.,AI assistant 'Tessa' added to the platform (2026),Chris raised $30M from Founders Fund and Lux from Lehi rather than Menlo Park. The mechanics of running that process from outside the Bay Area is a post founders actively search for.,"TAM: Confirmed; Workflow automation / enterprise collaboration (hybrid workplace) sold to Enterprises and distributed teams managing hybrid offices. Size: 11-50 (unverified) (confidence Low). HQ: Lehi, UT, United States (High). Ability to pay: Confirmed. Buyer: Co-Founder & CFO, Co-founder, operational.","penalties applied: employee count unverified (-10); employee count not independently verified; founder LinkedIn URL not captured; LinkedIn posting activity could not be inspected from the research environment, so content-gap fields are inference not observation",research confidence Medium; LinkedIn activity unverified; founder profile URL unverified,2026-09-14,https://utahbusiness.com/tactic-raises-money-for-hybrid-office-solutions,https://www.crunchbase.com/organization/tactic-24fb | https://www.gettactic.com/,"Founded 2020 in Lehi, Utah by three friends - Reid Hiatt (CEO), Christopher Barcus (CFO), Austin Hale (COO) - all still in post. The investor list is exceptional for a company this size and is itself a strong ability-to-pay signal. Headcount not established publicly."
78,C,67,Truss,trusspayments.com,https://trusspayments.com,https://www.linkedin.com/company/trusspayments,Nick Addison,Nick,Addison,Co-Founder,unverified,"San Francisco, CA","San Francisco, CA, United States",US-based (High confidence),15 (declining 21% year on year),11-50,5M-10M (vendor estimate),"conflicting: $8M across 7 rounds per one source, $24M across 5 per another",active,Confirmed B2B SaaS,"High confidence: Confirmed B2B SaaS. All-in-one banking and payment automation platform for construction businesses covering bill payments, receivables and corporate cards.","Probable: Institutional backing from General Catalyst, American Express Ventures and Balderton; construction payments carry transaction volume, though headcount is shrinking",unverified,Unknown,unverified,Co-founder view of building banking infrastructure for an industry that still runs on paper cheques and lien waivers.,Partnership with Thread Bank to enhance banking for construction companies,Nick's angle is building modern banking rails for an industry still running on paper cheques and lien waivers - a build story separate from the cash-flow argument.,"TAM: Confirmed; Fintech software / vertical SaaS (construction payments) sold to General contractors, subcontractors and suppliers in construction. Size: 11-50 (confidence Medium). HQ: San Francisco, CA, United States (High). Ability to pay: Probable. Buyer: Co-Founder, Co-founder.","penalties applied: headcount shrinking 21% year on year (-5); funding figures conflict (-5); founder's current operational role not confirmed; founder LinkedIn URL not captured; LinkedIn posting activity could not be inspected from the research environment, so content-gap fields are inference not observation",research confidence Medium; LinkedIn activity unverified; founder profile URL unverified,2026-09-14,https://trusspayments.com/blog-posts/truss-partners-with-thread-bank-to-enhance-banking-solutions-for-construction-companies,https://profiles.crustdata.com/company/mazumago-inc | https://www.sliceofconstruction.com/p/19-matthew-smith-ceo-truss-payments | https://tracxn.com/d/companies/truss/__BCW8_XC7S6wncWbZH0TZGMOIl7UalcqWdCERb9U_Nxs,"Current operational role not confirmed. || 15 employees puts Truss in band but the trend is down 21% year on year, which is recorded as a penalty rather than ignored - a shrinking team can mean either efficiency or trouble, and it should be understood before outreach. Funding evidence conflicts badly ($8M across 7 rounds versus $24M across 5), so both figures are recorded rather than one chosen. Founded 2021 (originally DivDot) by Matthew Smith (CEO) and Nick Addison; Smith already appears on the Slice of Construction podcast."
79,C,67,Worthix,worthix.com,https://worthix.com,https://www.linkedin.com/company/worthix,Gustavo Cerqueira,Gustavo,Cerqueira,Co-Founder,unverified,United States,"Atlanta, GA, United States",US-based (Medium confidence),33,11-50,1M-5M (vendor estimate),$21.7M over 3 rounds from 3 investors,active,Confirmed B2B SaaS,"High confidence: Confirmed B2B SaaS. Self-adaptive AI survey that measures the reasons behind purchase, loyalty and churn decisions, generating questions in real time from what customers actually want to discuss instead of a fixed questionnaire.",Confirmed: $21.7M raised through Series B; enterprise CX and market-research buyers on recurring platform contracts,unverified,Unknown,unverified,Sibling co-founder dynamic plus the technical build of an adaptive survey engine - distinct from the CEO's methodology argument.,Unveiled advanced AI-based customer insight capabilities,Building a company with your brother is a story founders read; pair it with the engineering of an adaptive survey engine and Gustavo has a lane that does not overlap Guilherme's.,"TAM: Confirmed; Analytics / customer-success software (voice of customer) sold to Enterprise customer-experience and insights teams. Size: 11-50 (confidence Medium). HQ: Atlanta, GA, United States (Medium). Ability to pay: Confirmed. Buyer: Co-Founder, Co-founder.","penalties applied: dual-location HQ unresolved (-5); founder's current operational role not confirmed; founder LinkedIn URL not captured; LinkedIn posting activity could not be inspected from the research environment, so content-gap fields are inference not observation",research confidence Medium; LinkedIn activity unverified; founder profile URL unverified,2026-09-14,https://www.crunchbase.com/person/guilherme-cerqueira,https://medium.com/authority-magazine/the-future-is-now-guilherme-cerqueira-of-worthix-on-how-their-technological-innovation-wil-l-shake-b131cbbcf38b | https://tracxn.com/d/companies/worthix/__CChcKN2HpAlkwC3S1Rgue5Stwq_roZCh_AVBkdwERig | https://hypepotamus.com/companies/worthix/,"Current role not confirmed. || Silicon Valley born, Atlanta based - sources describe both San Francisco and Atlanta, so the primary site is recorded as Atlanta at Medium confidence. Founded 2015 by brothers Guilherme and Gustavo Cerqueira; 33 employees; Series B. Guilherme's LinkedIn slug is evidenced via a post URL (guicerqueira), one of the few founder handles recovered so far, and he has given a long-form Authority Magazine interview."
80,C,66,Ambassador Software,getambassador.com,https://getambassador.com,https://www.linkedin.com/company/getambassador,Chase Lee,Chase,Lee,Co-founder & CTO,unverified,United States,"Seattle, WA, United States",US-based (High confidence),"39 (Datanyze) vs ~51 (LeadIQ, Jul 2025)",11-50 (conflicting sources),$4.3M ARR (GetLatka),Bootstrapped (GetLatka),active,Confirmed B2B SaaS,"High confidence: Confirmed B2B SaaS. Enterprise referral marketing platform automating referral tracking, attribution, reward fulfilment and fraud prevention.",Confirmed: Bootstrapped and profitable-shaped at ~$4.3M ARR with 225+ enterprise brands and 375 customers; enterprise referral platform with real contract values,unverified,Unknown - LinkedIn not inspectable,unverified,"Technical co-founder view on referral fraud detection and attribution accuracy - a concrete, defensible engineering topic in a category that mostly markets on vanity metrics.",AI-powered repositioning of the referral platform (2026),"Chase owns the fraud-prevention and attribution engine, which is the part of referral marketing buyers distrust most. That is a technical-credibility story no competitor is telling.","TAM: Confirmed; Marketing technology (referral marketing) sold to Enterprise and mid-market B2C/B2B brands running referral and advocacy programmes. Size: 11-50 (conflicting sources) (confidence Medium). HQ: Seattle, WA, United States (High). Ability to pay: Confirmed. Buyer: Co-founder & CTO, Co-founder, operational.","penalties applied: employee conflict unresolved (-10); founder LinkedIn URL not captured; LinkedIn posting activity could not be inspected from the research environment, so content-gap fields are inference not observation",research confidence Medium; LinkedIn activity unverified; founder profile URL unverified,2026-09-14,https://getlatka.com/companies/getambassador.com,https://www.zoominfo.com/c/ambassador-software/371651843 | https://getambassador.com/referralmarketing | https://www.linkedin.com/company/getambassador,"Employee count conflicts across aggregators: Datanyze 39, LeadIQ ~51 as of Jul 2025. Kept as Qualified because the lower estimate sits inside the band and the upper is marginal, but flagged. Bootstrapped status is a positive ability-to-pay signal here rather than a negative: no investor content machine, revenue funds discretionary spend."
81,C,66,Thena,thena.ai,https://thena.ai,https://www.linkedin.com/company/thena-platform,Mike Molinet,Mike,Molinet,Co-Founder,unverified,United States,"Palo Alto, CA, United States",US-based (High confidence),21-40,11-50,1M-5M (vendor estimate),$7.8M over 3 rounds from 5 investors incl. Lightspeed India and First Round Capital,active,Confirmed B2B SaaS,"High confidence: Confirmed B2B SaaS. AI customer support and engagement layer for B2B teams operating in Slack, Teams, email and chat, connecting those channels to Zendesk and Salesforce.","Confirmed: $7.8M raised from tier-one investors (First Round Capital, Lightspeed) with an operating B2B product and enterprise integrations",unverified,Unknown,unverified,"A repeat founder profile - strong raw material on building a second company after a first, if current involvement is confirmed.",AI repositioning of the support product (2026),"Mike's second-time-founder perspective is the distinct asset here, provided his current involvement checks out.","TAM: Confirmed; Customer-success software / enterprise collaboration sold to B2B companies servicing customers in shared Slack and Teams channels. Size: 11-50 (confidence Medium). HQ: Palo Alto, CA, United States (High). Ability to pay: Confirmed. Buyer: Co-Founder, Co-founder.","founder's current operational role not confirmed; founder LinkedIn URL not captured; LinkedIn posting activity could not be inspected from the research environment, so content-gap fields are inference not observation",research confidence Medium; LinkedIn activity unverified; founder profile URL unverified,2026-09-14,https://councils.forbes.com/profile/Ankit-Saxena-Founder-CEO-Thena/9c835ea7-dcf7-4624-a215-504f02843bfc,https://www.thena.ai/author/ankit-saxena | https://tracxn.com/d/companies/thena/__hV_LmKvPmjFAui5uAqzgDuMcqfC5SLL-ctDSyN2vVSA | https://www.thena.ai/about-us,"Current operational role not confirmed - verify before outreach. || Four co-founders: Ankit Saxena (CEO), Mike Molinet, Govind Kavaturi, Unmukt Raizada. HQ Palo Alto with team in Mountain View, NYC and Bangalore - US HQ is well evidenced. Notably the CEO already has an author page on the company site and a Forbes Technology Council profile, so willingness to publish is proven; the gap is that it is company-hosted rather than a personal position."
