canonical_company_id,old_queue_rank,preliminary_score,company_name,domain,website_url,linkedin_company_url,linkedin_slug,country,locality,employee_headcount_numeric,employee_range,company_type,business_type,revenue_band,funding_band,industry,subindustry,pattern_tags,founded_year,follower_count,b2b_signals,saas_signals,bucket,bucket_reason,description,derived_description,filter_date
SQ161045,2709,73,Intellectible,intellectible.com,https://intellectible.com,https://www.linkedin.com/company/intellectible,intellectible,United States,"Austin, Texas",21.0,11-50 employees,Privately Held,B2B,0-500K,$1M - $5M,"Technology, Information and Internet","Enterprise Software Solutions,AI and ML Platforms","B2B, SaaS, AI Automation",2023.0,353.0,Business Type contains B2B; Pattern Tags contain B2B,"Pattern Tags contain SaaS; explicit SaaS / cloud / enterprise-software / platform language; SubIndustry is software/platform (Enterprise Software Solutions,AI and ML Platforms)",affordability_exception,revenue 0-500K contradicted by funding $1M - $5M,"Intellectible is the AI platform for complex services at enterprise scale. We empower teams to unify data, map their Standard Operating Procedures (SOPs), and launch production agents that qualify, price, and move work—end-to-end, on one secure platform.

Intellectible is trusted by Federal & state suppliers, facilities ops, and infrastructure build teams to codify and scale their most complex processes.

The underlying platform is a Visual Language for AI. Unlike rigid SaaS tools, Intellectible powers bespoke applications that encode your exact playbooks and IP into production-ready AI.

Read","Intellectible is a B2B SaaS platform that leverages AI to automate and enhance the grant and proposal writing process. It provides a suite of tools for research, AI-assisted writing, collaboration, and knowledge management. Intellectible helps businesses of all sizes scale their proposal writing efforts by automating tasks, improving efficiency, and ensuring compliance. The platform offers enterprise-grade security, seamless team onboarding, and customizable AI agent workflows to streamline complex document processes. Intellectible differentiates itself by offering a fully integrated, no-code ",2026-09-14
SQ100430,2869,71,Skyllful,skyllful.com,https://skyllful.com,https://www.linkedin.com/company/skyllful,skyllful,United States,"McKinney, Texas",21.0,11-50 employees,Privately Held,B2B,500K-1M,$1M - $5M,IT System Training and Support,"E-Learning Platforms and EdTech,Enterprise Software Solutions","B2B, SaaS, Mobile-First",2019.0,2841.0,Business Type contains B2B; Pattern Tags contain B2B,"Pattern Tags contain SaaS; explicit SaaS / cloud / enterprise-software / platform language; SubIndustry is software/platform (E-Learning Platforms and EdTech,Enterprise Softwar)",affordability_exception,revenue 500K-1M retained on funding $1M - $5M,"Skyllful helps business leaders and their most critical frontline workers use technology to make their work easier, better and safer. The Skyllful platform provides on-device, on-demand training that helps workers better engage with their enterprise applications.","Skyllful is a digital adoption platform (DAP) designed to improve the way frontline workers learn and use technology. The platform provides on-demand, on-device training simulations that help employees master enterprise applications, resulting in faster technology adoption, improved performance, and reduced training costs. Skyllful differentiates itself from traditional DAPs by focusing on mobile-first training solutions designed for deskless workers, offering simulation-based, proactive learning, and a hands-on approach. Skyllful primarily serves businesses in industries with large frontline ",2026-09-14
SQ120450,2874,71,ThingLink,thinglink.com,https://thinglink.com,https://www.linkedin.com/company/thinglink,thinglink,United States,"Palo Alto, California",35.0,11-50 employees,Privately Held,"B2B,B2C",500K-1M,$1M - $5M,E-Learning Providers,"E-Learning Platforms and EdTech,Consumer Software","EdTech, B2B, SaaS Platform",2010.0,3552.0,Business Type contains B2B; Pattern Tags contain B2B,"explicit SaaS / cloud / enterprise-software / platform language; SubIndustry is software/platform (E-Learning Platforms and EdTech,Consumer Software)",affordability_exception,revenue 500K-1M retained on funding $1M - $5M,"ThingLink is an AI-powered platform for building immersive and spatial learning experiences. 

ThingLink bridges the physical and digital worlds with easy-to-create interactive and immersive experiences and courses using images, video, 360 media, 3D models or physical objects. With a user base spanning 190 countries, over 10 million content creators, and 300 million annual learners, our product suite supports the evolution of both education and the future of work - recently offering AI-assisted tools for learning creators, a new AR app, integration with any LMS or XR headset, and enterprise IS","ThingLink is a versatile interactive media platform that empowers users to create immersive learning experiences and engaging marketing content. By enabling the addition of interactive tags and links to images, videos, and 3D models, ThingLink transforms static media into dynamic learning and marketing tools. It serves over 10 million content creators across 190 countries, with a strong focus on education and corporate training solutions, recent features include AI-assisted tools and AR capabilities that provide flexibility across devices and learning management systems.",2026-09-14
SQ122884,5467,66,Proximity Health,proximityhealth.com,https://proximityhealth.com,https://www.linkedin.com/company/proximityhealth,proximityhealth,United States,"Chicago, Illinois",11.0,11-50 employees,Privately Held,B2B,500K-1M,$1M - $5M,Hospitals and Health Care,"Healthcare Software,Financial Services Software","B2B, SaaS, Healthcare",2023.0,229.0,Business Type contains B2B; Pattern Tags contain B2B,"Pattern Tags contain SaaS; explicit SaaS / cloud / enterprise-software / platform language; SubIndustry is software/platform (Healthcare Software,Financial Services Software)",affordability_exception,revenue 500K-1M retained on funding $1M - $5M,"One Platform, Your Entire 340B Program. Proximity maximizes hard-to-find 340B revenue by centralizing your EHR, TPA, and Wholesaler data to a single intelligent tech platform, uncovering significant, often overlooked 340B revenue — in days, not weeks.","Proximity Health offers a cloud-based platform optimizing healthcare facilities' 340B drug pricing programs. Centralizing data from EHRs, TPAs, and wholesalers, it identifies overlooked revenue, ensuring compliance and maximizing 340B revenue through data-driven technology and expert guidance.",2026-09-14
SQ168606,6438,64,Dodo Payments,dodopayments.com,https://dodopayments.com,https://www.linkedin.com/company/dodopayments,dodopayments,United States,"Dover, County of Kent",43.0,11-50 employees,Privately Held,B2B,500K-1M,$1M - $5M,Financial Services,"Financial Services Software,Financial Services Platforms","FinTech, B2B, Global Payments",2024.0,49390.0,Business Type contains B2B; Pattern Tags contain B2B,"explicit SaaS / cloud / enterprise-software / platform language; SubIndustry is software/platform (Financial Services Software,Financial Services Pla)",affordability_exception,revenue 500K-1M retained on funding $1M - $5M,"Dodo Payments is a global Payments & Billing platform helping SaaS and AI-native businesses scale across 150+ countries. We handle payments, subscriptions, compliance, and tax, so that founders can focus on building, not operations.","Dodo Payments is a global payment platform tailored for digital businesses. They streamline the process of launching and accepting payments worldwide by providing access to over 300 local payment methods and automating payment compliance. Dodo Payments distinguishes itself by offering an all-in-one solution that eliminates the need for businesses to set up their own entities or integrate multiple tools for subscriptions, invoicing, and tax accounting.",2026-09-14
SQ072344,7536,63,Tenor,tenorhq.com,https://tenorhq.com,https://www.linkedin.com/company/tenorhq,tenorhq,United States,"San Francisco, CA",22.0,11-50 employees,Privately Held,B2B,0-500K,$5M - $10M,Software Development,"Corporate Training and Learning and Development,AI and ML Platforms","B2B, SaaS, AI-Driven Learning",2023.0,7497.0,Business Type contains B2B; Pattern Tags contain B2B,"Pattern Tags contain SaaS; explicit SaaS / cloud / enterprise-software / platform language; SubIndustry is software/platform (Corporate Training and Learning and Development,AI)",affordability_exception,revenue 0-500K contradicted by funding $5M - $10M,"Tenor is the AI for leadership development.

We're on a mission to make every manager more effective, at the world's best companies.","Tenor is an AI-driven platform designed to enhance leadership development within organizations. It offers a unique approach by enabling leaders to practice challenging conversations with realistic voice AI characters. The platform provides real-time coaching, in-depth analysis, and customized scenarios to improve communication and leadership skills. Tenor differentiates itself by offering a practical, judgment-free learning environment, making leadership training more effective and accessible.",2026-09-14
SQ079863,7569,63,Loman AI,loman.ai,https://loman.ai,https://www.linkedin.com/company/useloman,useloman,United States,"Austin, Texas",18.0,11-50 employees,Privately Held,B2B,500K-1M,$1M - $5M,Software Development,"AI and ML Platforms,Food and Beverage Services","B2B, SaaS, Restaurant Tech",2024.0,2947.0,Business Type contains B2B; Pattern Tags contain B2B,"Pattern Tags contain SaaS; explicit SaaS / cloud / enterprise-software / platform language; SubIndustry is software/platform (AI and ML Platforms,Food and Beverage Services)",affordability_exception,revenue 500K-1M retained on funding $1M - $5M,"Loman AI is the AI-powered phone agent built for restaurants. We answer 100% of calls 24/7, take orders, collect payment securely, upsell, answer menu questions, and integrate directly with the POS, all in real time, with zero hold time. 

Loman boosts sales, improves customer experience, and frees up staff. Whether you're running one location or a growing chain, Loman helps you never miss a call again.

Join the worlds best restaurant operators and start using Loman to answer your calls today.","Loman AI provides an AI-powered phone platform designed specifically for restaurants. Their AI phone agent answers calls, takes orders, handles customer questions, and books reservations 24/7, aiming to improve staff efficiency, reduce missed calls, and increase revenue for restaurants. They differentiate themselves through deep integration with restaurant POS systems and custom training of their AI on each restaurant's menu and business information.",2026-09-14
SQ084653,7592,63,"Ex Parte, Inc.",exparte.com,https://exparte.com,https://www.linkedin.com/company/ex-parte,ex-parte,United States,"Washington, DC",12.0,11-50 employees,Privately Held,B2B,0-500K,$5M - $10M,Software Development,"AI and ML Platforms,Legal Services and Regulatory Compliance","LegalTech, SaaS, AI-powered",2020.0,581.0,Business Type contains B2B,"Pattern Tags contain SaaS; explicit SaaS / cloud / enterprise-software / platform language; SubIndustry is software/platform (AI and ML Platforms,Legal Services and Regulatory )",affordability_exception,revenue 0-500K contradicted by funding $5M - $10M,"Win by Design, Not by Chance.

Ex Parte is the world’s first Litigation Intelligence Engineering company. We don't just predict outcomes. We reverse-engineer the path to victory.

Traditional legal tech finds documents. We find the structural vulnerabilities that determine case outcomes. Our Agentic AI forensically models the entire litigation ecosystem (examiners, judges, patents, and parties) across a knowledge graph of over 2 billion relationships.

𝗧𝗛𝗘 𝗣𝗥𝗢𝗕𝗟𝗘𝗠
Critical vulnerabilities exist in the case record right now. Unsearched databases, binding estoppels, and fatal mismatches are hidi","Ex Parte is a legal-tech company providing a SaaS platform that leverages artificial intelligence and machine learning to predict litigation outcomes and recommend actions to optimize the chances of winning. Their Prediction Engine forecasts case outcomes with approximately 85% accuracy, and their Recommendation Engine generates data-driven recommendations on whether to litigate or settle, which claims to assert, where to file or defend, and which attorneys/firms provide the best chance of success. They serve corporations, hedge funds, law firms, insurance companies, litigation finance firms, ",2026-09-14
SQ101836,7657,63,RunReveal,runreveal.com,https://runreveal.com,https://www.linkedin.com/company/runreveal,runreveal,United States,"Austin, Texas",20.0,11-50 employees,Privately Held,B2B,0-500K,$10M - $25M,Computer and Network Security,"Security and Identity Software,IT Services and Cybersecurity","SaaS, cybersecurity, threat detection",2023.0,2186.0,Business Type contains B2B,"Pattern Tags contain SaaS; explicit SaaS / cloud / enterprise-software / platform language; SubIndustry is software/platform (Security and Identity Software,IT Services and Cyb)",affordability_exception,revenue 0-500K contradicted by funding $10M - $25M,A complete security data platform that simplifies every function of detection while saving you money and keeping you in control of your data.,"RunReveal is a security data platform designed to simplify security log management and threat detection for organizations of all sizes. It provides an end-to-end solution for collecting logs, setting up a SIEM (Security Information and Event Management) system, running security data pipelines, and detecting threats. RunReveal differentiates itself by offering a user-friendly platform with features like fast query speeds and out-of-the-box threat correlation, aiming to reduce the complexity and cost associated with traditional SIEM solutions.",2026-09-14
SQ134991,8052,63,Soundful,soundful.com,https://soundful.com,https://www.linkedin.com/company/soundful,soundful,United States,"San Diego, CA",21.0,11-50 employees,Privately Held,"B2B,B2C",0-500K,$1M - $5M,Musicians,"AI and ML Platforms,Music, Audio and Podcast Services","AI Music, Content Creation, SaaS",2019.0,2609.0,Business Type contains B2B,"Pattern Tags contain SaaS; explicit SaaS / cloud / enterprise-software / platform language; SubIndustry is software/platform (AI and ML Platforms,Music, Audio and Podcast Servi)",affordability_exception,revenue 0-500K contradicted by funding $1M - $5M,"Empowering Everyone to Make Music and Content.
The future of music is now. 

Get early access: http://soundful.com/s","Soundful is an AI-powered music generation platform designed for creators, producers, and businesses. It enables users to generate royalty-free music tracks and stems for various purposes, including social media content, advertising, and music releases. Soundful differentiates itself by offering studio-quality music created with AI, various licensing options, and an API integration for businesses seeking to incorporate AI music generation into their applications. They provide a range of plans from free for personal use up to enterprise options.",2026-09-14
SQ057641,9832,60,Waypoint AI,mywaypoint.ai,https://mywaypoint.ai,https://www.linkedin.com/company/waypoint-ai,waypoint-ai,United States,"San Francisco, CA",19.0,11-50 employees,Privately Held,B2B,0-500K,$1M - $5M,Software Development,"Enterprise Software Solutions,AI and ML Platforms","B2B, AI-driven, SaaS",2024.0,964.0,Business Type contains B2B; Pattern Tags contain B2B,"Pattern Tags contain SaaS; explicit SaaS / cloud / enterprise-software / platform language; SubIndustry is software/platform (Enterprise Software Solutions,AI and ML Platforms)",affordability_exception,revenue 0-500K contradicted by funding $1M - $5M,"WaypointAI manages escalation triage, deflection, routing and postmortems so your developers can stay focused on building. Powered by our proprietary EscalationGraph and large‑language‑model agents, Waypoint searches across chat, tickets, logs and code to generate runbooks, surface root‑cause and publish living postmortems—automatically.

 Hands‑free triage & routing – 95% first‑touch accuracy plus priority recommendations.
 Auto‑generated Runbooks – Deflection steps, duplicate detection and resolution paths ready in seconds.
 AI‑written Postmortems – Root‑cause, learnings and action items shi","Waypoint AI offers an AI-driven platform designed to automate and streamline the management of engineering escalations. Their solution integrates with existing support and engineering tools, using LLMs to build a knowledge graph that intelligently distinguishes between user expectations and the reality of the code. By automating the process from intake to pull request, Waypoint AI aims to reduce the engineering capacity consumed by escalations, offering a copilot or agent that can augment or autonomously manage escalations.",2026-09-14
SQ059187,9871,60,Breakout,getbreakout.ai,https://getbreakout.ai,https://www.linkedin.com/company/breakoutai,breakoutai,United States,San Francisco Bay Area,35.0,11-50 employees,Privately Held,B2B,0-500K,$1M - $5M,Software Development,"Enterprise Software Solutions,AI and ML Platforms","B2B, AI, Lead Generation",2024.0,8337.0,Business Type contains B2B; Pattern Tags contain B2B,"explicit SaaS / cloud / enterprise-software / platform language; SubIndustry is software/platform (Enterprise Software Solutions,AI and ML Platforms)",affordability_exception,revenue 0-500K contradicted by funding $1M - $5M,"At Breakout, we believe your website should be your best rep.

Breakout captures AI search traffic, converts better with live engagement, and decreases drop-offs, generating MORE qualified leads. Connect with us to know how do we do this.

Seamlessly integrated with top CRMs, Breakout takes the guesswork out of lead management and transforms your website into your best source of pipeline.

If you’re ready to level up your buyer experience, streamline your pipeline, and shorten sales cycles, let’s break out together!

Breakout is founded by ex-Google AI team and raised from the likes of Village","Breakout is a B2B SaaS company that provides an AI-powered conversation engine designed to personalize engagement with website visitors. Their platform acts as a digital sales development representative (SDR), delivering interactive demos, qualification questions, and real-time insights to sales teams. Breakout integrates with popular CRMs, aiming to convert website traffic into qualified leads and streamline the sales pipeline by providing BANT analysis before first meetings.",2026-09-14
SQ061725,9928,60,Comp AI,trycomp.ai,https://trycomp.ai,https://www.linkedin.com/company/trycompai,trycompai,United States,"San Francisco, California",16.0,11-50 employees,Privately Held,B2B,0-500K,$1M - $5M,Software Development,"Enterprise Software Solutions,Legal Services and Regulatory Compliance","B2B, SaaS, Open Source",2025.0,2883.0,Business Type contains B2B; Pattern Tags contain B2B,"Pattern Tags contain SaaS; explicit SaaS / cloud / enterprise-software / platform language; SubIndustry is software/platform (Enterprise Software Solutions,Legal Services and R)",affordability_exception,revenue 0-500K contradicted by funding $1M - $5M,"Comp AI gets companies compliant with SOC 2, ISO 27001, GDPR, HIPAA frameworks in hours.

Trusted by teams like Dub, Scribe, and Repacket.

We connects to your stack, automate evidence collection, track controls, manage vendors, and keep you compliant 24/7. We bundle the platform, support, and audit into one simple plan that helps teams move fast.","Comp AI is an open-source compliance automation platform designed to streamline the process of achieving and maintaining compliance with standards like SOC 2, ISO 27001, and GDPR. The platform offers features such as automated evidence collection, continuous monitoring, risk and vendor management, and pre-mapped controls for multiple compliance frameworks. Comp AI targets both startups and enterprises, providing a unified platform to reduce the time and cost traditionally associated with compliance. It differentiates itself by being open-source, promoting transparency, adaptability, and commun",2026-09-14
SQ067498,10078,60,FirstWork (YC S24),firstwork.com,https://firstwork.com,https://www.linkedin.com/company/firstworkhr,firstworkhr,United States,San Francisco,22.0,11-50 employees,Privately Held,B2B,0-500K,$5M - $10M,Software Development,"Human Resources, Staffing and Recruitment,Enterprise Software Solutions","B2B, SaaS, HR Tech",2024.0,2594.0,Business Type contains B2B; Pattern Tags contain B2B,"Pattern Tags contain SaaS; explicit SaaS / cloud / enterprise-software / platform language; SubIndustry is software/platform (Human Resources, Staffing and Recruitment,Enterpri)",affordability_exception,revenue 0-500K contradicted by funding $5M - $10M,Firstwork is a next-generation HR platform designed specifically for companies with dynamic workforce needs. Our mission is to build the all-in-one HR and compliance platform cutting onboarding time >75%.,"Firstwork is an HR platform designed for companies with dynamic workforce needs, particularly those employing hourly or frontline workers. The platform streamlines and accelerates the HR processes of hiring, onboarding, training, payroll, and analytics by leveraging AI-powered automations and a unified interface. Firstwork distinguishes itself by reducing workers' time-to-earn, improving hiring quality, and saving companies costs in industries such as education, field operations, healthcare, hospitality, logistics, and transportation.",2026-09-14
SQ105119,10467,60,Ravenna,ravenna.ai,https://ravenna.ai,https://www.linkedin.com/company/ravenna-ai,ravenna-ai,United States,"Seattle, WA",40.0,11-50 employees,Privately Held,,,$10M - $25M,"Technology, Information and Internet",,,2024.0,2165.0,description addresses businesses/teams/organisations,explicit SaaS / cloud / enterprise-software / platform language,affordability_exception,revenue (missing) retained on funding $10M - $25M,Helping IT and Operations teams deliver incredible support to their colleagues since 2024.,,2026-09-14
SQ111097,11806,59,iDonate,idonate.com,https://idonate.com,https://www.linkedin.com/company/idonate-com,idonate-com,United States,"Dallas, Texas",44.0,11-50 employees,Privately Held,B2B,500K-1M,$5M - $10M,Fundraising,"Enterprise Software Solutions,NGOs, Charities and Community Organizations","B2B, SaaS, Nonprofit",,4428.0,Business Type contains B2B; Pattern Tags contain B2B,"Pattern Tags contain SaaS; explicit SaaS / cloud / enterprise-software / platform language; SubIndustry is software/platform (Enterprise Software Solutions,NGOs, Charities and )",affordability_exception,revenue 500K-1M retained on funding $5M - $10M,"At iDonate, we believe the moment a donor feels inspired should be the moment they can give—without friction, redirects, or lost momentum.

That’s why we build giving experiences designed to meet donors where they are. Our mobile-first donation forms, pop-up tools, and optimization features help nonprofits turn more website visitors into donors—without needing more traffic.

The average nonprofit loses 87% of potential donors on their giving page. We exist to fix that.

From smarter donation form design to built-in recurring giving prompts, iDonate helps mission-driven teams launch fast, conve","iDonate is a software platform designed to help nonprofit organizations build and optimize their online donation pages to improve donor conversion rates. They provide tools for creating donation forms, A/B testing different page designs, implementing recurring gift prompts, and generating reports. The platform also offers integrations with popular CRM systems. iDonate differentiates itself by focusing on optimizing the donor experience and providing features that help nonprofits increase their online fundraising success. They offer solutions tailored to various nonprofit sectors, including fai",2026-09-14
SQ000434,11821,58,"Proven Software, Inc.",provensoftware.com,https://provensoftware.com,https://www.linkedin.com/company/proven-software,proven-software,United States,"Washington, D.C.",16.0,11-50 employees,Privately Held,B2B,0-500K,$1M - $5M,Software Development,"Healthcare Software,Digital Health and Telemedicine","B2B, SaaS, Healthcare IT",2023.0,466.0,Business Type contains B2B; Pattern Tags contain B2B,"Pattern Tags contain SaaS; explicit SaaS / cloud / enterprise-software / platform language; SubIndustry is software/platform (Healthcare Software,Digital Health and Telemedicin)",affordability_exception,revenue 0-500K contradicted by funding $1M - $5M,"Proven Software delivers an innovative and impactful solution to Behavioral Health & Physical Therapy providers while leveraging modern technology. 

Proven’s mission is to improve the quality of care by reducing clicks in the software and increasing quality time with patients.

With decades of experience growing and scaling successful healthcare companies, the Proven Leadership team saw a significant gap in the Behavioral Health and Physical Therapy software market. Proven is excited to deliver a modern EHR with AI designed and optimized for providers, front desk, and billers.

Proven wants y","Proven Software, Inc. delivers an innovative and impactful EHR solution tailored for Physical Therapy providers. The platform uses modern technology and AI to improve the quality of care by reducing administrative burden and increasing patient interaction time. Proven's EHR is designed and optimized for providers, focusing on efficiency in billing, charting, and scheduling. The leadership team has decades of experience in growing and scaling successful healthcare companies.",2026-09-14
SQ015851,12077,58,Nowigence,nowigence.com,https://nowigence.com,https://www.linkedin.com/company/nowigence-inc.,nowigence-inc.,United States,"Ballston Lake, New York",16.0,11-50 employees,Privately Held,B2B,0-500K,$5M - $10M,"Technology, Information and Internet","AI and ML Platforms,Data and Analytics Software","B2B, SaaS, AIaaS",2018.0,1675.0,Business Type contains B2B; Pattern Tags contain B2B,"Pattern Tags contain SaaS; explicit SaaS / cloud / enterprise-software / platform language; SubIndustry is software/platform (AI and ML Platforms,Data and Analytics Software)",affordability_exception,revenue 0-500K contradicted by funding $5M - $10M,"We develop AI SaaS downstream applications that do not require software engineers or data scientists to implement. We automate data comprehension with on-premise and cloud-based applications offering full privacy, data source traceability and security. Our proprietary app called researchwork.ai has built-in tools that are used daily by researchers in enterprises, archives, and academic institutes to consume archival information more efficiently slicing and dicing vast amounts of information into useful data points driving innovation. 

We are also the backend AI technology for our customer's i","Nowigence is an AI SaaS company specializing in downstream AI applications that automate data comprehension for various sectors. Their flagship product, researchwork.ai, is a research tool used by enterprises, archives, and academic institutions to efficiently process and analyze large volumes of archival information. Nowigence also develops custom AI applications for clients, emphasizing speed, reliability, and data privacy. They differentiate themselves by providing solutions that don't require in-house software engineers or data scientists, offering full data source traceability and secure ",2026-09-14
SQ026300,12173,58,GrowDirector,growdirector.com,https://growdirector.com,https://www.linkedin.com/company/growdirector,growdirector,United States,"Columbus, Ohio",17.0,11-50 employees,Privately Held,B2B,500K-1M,$1M - $5M,Horticulture,"AgriTech and Precision Farming,Agriculture and Forestry Software","AgriTech, AI-powered, Greenhouse Automation",2015.0,2687.0,Business Type contains B2B,"SubIndustry is software/platform (AgriTech and Precision Farming,Agriculture and For); recurring/subscription/licence language",affordability_exception,revenue 500K-1M retained on funding $1M - $5M,"For over 10 years, GrowDirector has been the trusted partner for greenhouse growers worldwide seeking to cut costs and simplify operations. Today, we introduce our most advanced solution yet: the GrowDirector 4 PRO. It's an intelligent automation system engineered to make your greenhouse more profitable and easier to manage.

The GrowDirector 4 PRO is designed to solve the real-world challenges of commercial horticulture by delivering practical, cost-effective automation that works with your existing setup.

Why Growers Choose GrowDirector 4 PRO:

Effortless Installation & Integration: Our ful","GrowDirector provides AI-powered climate controllers and software for commercial growers. Their products automate and optimize growing environments, reducing labor costs and improving yields. They offer a range of sensors, controllers, and a mobile app for remote monitoring and management. GrowDirector distinguishes itself through its AI-driven predictive analytics and customized recommendations for crop health and management.",2026-09-14
SQ056306,12409,58,Roboto AI,roboto.ai,https://roboto.ai,https://www.linkedin.com/company/robotoai,robotoai,United States,"Seattle, WA",12.0,11-50 employees,Privately Held,B2B,0-500K,$1M - $5M,Software Development,"Manufacturing Software,AI and ML Platforms","B2B, SaaS, Robotics",2022.0,3538.0,Business Type contains B2B; Pattern Tags contain B2B,"Pattern Tags contain SaaS; explicit SaaS / cloud / enterprise-software / platform language; SubIndustry is software/platform (Manufacturing Software,AI and ML Platforms)",affordability_exception,revenue 0-500K contradicted by funding $1M - $5M,"Roboto is the analytics engine for robotics and physical AI.

The world is entering a golden age of robots and autonomous systems, but the data they generate is growing exponentially and legacy tools weren’t built to handle it.

Founded by former Amazon Robotics engineers, Roboto is a new kind of platform, purpose-built for managing and analyzing robotics data at scale — using AI to get insights faster.

Leading robotics companies rely on Roboto to power critical workflows, helping them build smarter, safer, and more reliable systems.","Roboto AI is a data platform designed for robotics and embodied AI, empowering teams to search, transform, and analyze multimodal data from robots at scale. The platform supports robotics data formats natively and leverages AI to streamline the exploration and analysis of massive datasets. It offers features like data management, actions to process and transform data, event highlighting, and powerful multimodal search capabilities through Python SDK and CLI. Roboto AI's mission is to accelerate the deployment of robots by using AI to streamline data processing, helping humans understand machin",2026-09-14
SQ061327,12491,58,Corksy,vinebase.com,https://vinebase.com,https://www.linkedin.com/company/corksy,corksy,United States,"Irvine, California",16.0,11-50 employees,Privately Held,B2B,0-500K,$5M - $10M,Software Development,Retail and Ecommerce Software,"B2B, SaaS, Wine Industry",2022.0,4257.0,Business Type contains B2B; Pattern Tags contain B2B,Pattern Tags contain SaaS; explicit SaaS / cloud / enterprise-software / platform language; SubIndustry is software/platform (Retail and Ecommerce Software),affordability_exception,revenue 0-500K contradicted by funding $5M - $10M,"Corksy provides the wine industry with best-in-class solutions for mastering DTC operations. As a winery’s trusted partner, Corksy offers a comprehensive platform, partnership & service ecosystem enabling wineries to drive more revenue and enhance customer experiences. Corksy’s robust platform enables seamless management of eCommerce, website, club, reservation, POS & marketing with valuable insights through comprehensive dashboards and analytics. With native technology integrations and dedicated client support services, Corksy ensures wineries can fully leverage technology to scale their busi","Corksy (Vinebase) provides a comprehensive eCommerce and marketing platform designed specifically for wineries and wine retailers. Their platform offers tools for website building, retail POS, wine club management, reservation and booking management, marketing automation, and analytics. What differentiates Corksy is its focus on the wine industry, providing a single platform that integrates all the necessary tools for wineries to manage their direct-to-consumer sales, enhance customer experiences, and consolidate their technology.",2026-09-14
SQ064498,12529,58,Parakeet Health,parakeethealth.com,https://parakeethealth.com,https://www.linkedin.com/company/parakeet-health,parakeet-health,United States,"San Francisco, CA",13.0,11-50 employees,Privately Held,B2B,0-500K,$1M - $5M,Software Development,"Healthcare Software,AI and ML Platforms","B2B, SaaS, AI in Healthcare",2023.0,1834.0,Business Type contains B2B; Pattern Tags contain B2B,"Pattern Tags contain SaaS; explicit SaaS / cloud / enterprise-software / platform language; SubIndustry is software/platform (Healthcare Software,AI and ML Platforms)",affordability_exception,revenue 0-500K contradicted by funding $1M - $5M,"Parakeet Health is a unified AI patient engagement platform that helps healthcare organizations enhance the patient experience, increase revenue, and reduce administrative costs. It automates repetitive tasks such as appointment scheduling, referrals, follow-ups, and care gap closures through intelligent calls and text messaging. Our virtual agent answers calls 24/7, ensuring patients never wait on hold and always receive timely care.

Reaching out and following up with patients can be tedious. Parakeet Health automates proactive outbound calls to schedule annual wellness visits and post-disch","Parakeet Health is an AI patient engagement platform designed to help healthcare organizations improve patient experience, increase patient retention, and reduce administrative costs. The platform automates patient communication by answering calls with zero wait times and automating repetitive tasks such as appointment scheduling, referral management, and patient outreach via calls, texts, and web, 24/7. Parakeet Health differentiates itself through the use of AI voice agents that integrate directly with EHR and practice management systems, providing accurate and consistent service while lower",2026-09-14
SQ100327,12654,58,Tensor9,tensor9.com,https://tensor9.com,https://www.linkedin.com/company/tensor9,tensor9,United States,"Seattle, WA",13.0,11-50 employees,Privately Held,B2B,0-500K,$1M - $5M,"Technology, Information and Internet","Security and Identity Software,Enterprise Software Solutions","B2B, Enterprise SaaS, Security Compliance",2023.0,488.0,Business Type contains B2B; Pattern Tags contain B2B,"explicit SaaS / cloud / enterprise-software / platform language; SubIndustry is software/platform (Security and Identity Software,Enterprise Software)",affordability_exception,revenue 0-500K contradicted by funding $1M - $5M,Tensor9 is an enterprise Any-Prem platform.  It enables SaaS vendors to sell to enterprise and regulated customers that can’t share sensitive data.,"Tensor9 is an enterprise Any-Prem platform provider that enables SaaS vendors to extend their reach to enterprise and regulated customers who have strict data residency or security requirements. Its core offering uses a ""digital twin""technology that allows SaaS applications to be deployed seamlessly across multiple environments, including AWS, Azure, GCP, on-premise, and even air-gapped environments, without requiring code modifications. This ensures data privacy, compliance, and customer control, making it easier for vendors to access sensitive markets and siloed data.",2026-09-14
SQ133076,12974,58,Tiami Networks,tiaminetworks.com,https://tiaminetworks.com,https://www.linkedin.com/company/tiami-networks,tiami-networks,United States,Greater Sacramento,14.0,11-50 employees,Privately Held,B2B,500K-1M,$1M - $5M,Telecommunications,"AI and ML Platforms,Logistics Technology","AI, Edge Computing, Smart Cities",2022.0,2415.0,Business Type contains B2B,"SubIndustry is software/platform (AI and ML Platforms,Logistics Technology)",affordability_exception,revenue 500K-1M retained on funding $1M - $5M,"We build AI hardware that extracts radar sensing information from ambient 5G and WiFi wireless signals. Our vision is to create a digital twin of an entire city with real-time information of pedestrian, traffic, and building occupancy flows without relying on cameras or deploying new infrastructure. 

Ask us for a demo today to see how we are building a brand-new data marketplace for location and footfall traffic!","Tiami Networks is a deep technology startup specializing in Integrated Sensing and Communications (ISAC) and Generative AI for telecommunications. Their flagship product, the PolyEdge Multifunction Sensor, uses existing wireless signals (4G, 5G, Wi-Fi) to sense and interpret the environment, enabling applications like drone detection, occupancy sensing, and traffic monitoring. They aim to create a real-time digital twin of cities by extracting radar sensing information from ambient wireless signals. Tiami Networks differentiates itself through its use of AI/ML algorithms on edge devices to pro",2026-09-14
SQ135171,12984,58,"Soapy - Clean Hands, Clean Data",soapy.care,https://soapy.care,https://www.linkedin.com/company/soapyglobal,soapyglobal,United States,"New York, NY",15.0,11-50 employees,Privately Held,B2B,500K-1M,$1M - $5M,"Health, Wellness and Fitness","Healthcare Software,Medical Devices and Diagnostic Equipment","B2B, IoT, Data Analytics",2018.0,3478.0,Business Type contains B2B; Pattern Tags contain B2B,"SubIndustry is software/platform (Healthcare Software,Medical Devices and Diagnostic)",affordability_exception,revenue 500K-1M retained on funding $1M - $5M,"Since 2018, SOAPY CARE LTD has developed, manufactured, and commercialized the world's smartest handwashing stations, which convert hand hygiene into data science.

SOAPY harnesses 21st-century technologies of AI, Computer Vision, Deep Learning, and IoT to deliver the future of hand hygiene and translate
it into actionable data science by creating more than 100 data points from each hand hygiene cycle. By utilizing advanced automated analytical
algorithms to validate that hand hygiene quality meets all regulatory requirements, Soapy enables its customers to make decisions supported by real-tim","Soapy is a healthcare technology company specializing in smart handwashing stations. Their innovative stations leverage AI, computer vision, and IoT to monitor and improve hand hygiene practices, providing actionable data insights to prevent infection spread and promote environmental sustainability.",2026-09-14
SQ135386,12987,58,SkinIO,skinio.com,https://skinio.com,https://www.linkedin.com/company/skinio,skinio,United States,"Chicago, IL",32.0,11-50 employees,Privately Held,"B2B,B2C",500K-1M,$1M - $5M,"Health, Wellness and Fitness","AI and ML Platforms,Digital Health and Telemedicine","HealthTech, AI-powered, B2B",2008.0,2349.0,Business Type contains B2B; Pattern Tags contain B2B,"SubIndustry is software/platform (AI and ML Platforms,Digital Health and Telemedicin)",affordability_exception,revenue 500K-1M retained on funding $1M - $5M,"At SkinIO, our mission is to eradicate advanced-stage skin cancer by making early detection simple, accessible, and equitable for all.

Our trusted AI-powered skin imaging and rapid connection to expert dermatology care bring breakthrough prevention to everyone, everywhere.","SkinIO is dedicated to democratizing access to skin cancer screening and skin health monitoring, delivering solutions at the doctor's office and in the comfort of home. They provide an affordable total body photography solution, enabling healthcare providers to offer AI-enhanced mole mapping in any examination room. Contextual dermoscopic image linking and change tracking empowers dermatologists to offer superior patient care. SkinIO's technology is also available as a health and wellness benefit for employers, allowing employees to screen themselves at home, with board-certified dermatologist",2026-09-14
SQ137874,13010,58,Prudentia Sciences,prudentiasciences.com,https://prudentiasciences.com,https://www.linkedin.com/company/prudentiasciences,prudentiasciences,United States,"Cambridge, MA",13.0,11-50 employees,Privately Held,B2B,0-500K,$5M - $10M,Biotechnology Research,"Healthcare Software,AI and ML Platforms","AI, Biopharma, SaaS platform",2023.0,5393.0,Business Type contains B2B,"explicit SaaS / cloud / enterprise-software / platform language; SubIndustry is software/platform (Healthcare Software,AI and ML Platforms)",affordability_exception,revenue 0-500K contradicted by funding $5M - $10M,Prudentia’s AI-powered technology accelerates investment in breakthrough therapies that change the world.,"Prudentia Sciences is building the drug asset marketplace of the future, providing an AI-powered platform to accelerate drug pipelines, maximize return on investment, and optimize capital allocation in drug asset transactions. They empower biopharma companies and investors with data-driven insights to facilitate dealmaking, portfolio strategy planning, and asset valuation. The Prudentia Platform enables AI-powered Asset Diligence and Valuation to de-risk investment in drug development, optimize asset valuation for deal terms, and enable speed to decision leading to increased deal throughput. T",2026-09-14
SQ154483,13108,58,SuiteOp,suiteop.com,https://suiteop.com,https://www.linkedin.com/company/suite-op,suite-op,United States,"New York, New York",13.0,11-50 employees,Privately Held,B2B,0-500K,$1M - $5M,"Technology, Information and Internet","Hospitality and Lodging,Real Estate and PropTech Software","B2B, SaaS, Hospitality Tech",2023.0,2629.0,Business Type contains B2B; Pattern Tags contain B2B,"Pattern Tags contain SaaS; explicit SaaS / cloud / enterprise-software / platform language; SubIndustry is software/platform (Hospitality and Lodging,Real Estate and PropTech S)",affordability_exception,revenue 0-500K contradicted by funding $1M - $5M,"SuiteOp is a leading SaaS company dedicated to revolutionizing the way short-term rental (STR) operators and hotels manage their properties. Drawing from our years of hands-on experience in the industry, we've meticulously crafted an innovative platform that streamlines operations and elevates guest experiences.

Our comprehensive suite of product features includes hassle-free guest check-ins, real-time analytics, and seamless integration with popular property management systems. By automating tasks, centralizing data, and providing intelligent insights, SuiteOp empowers you to increase effici","SuiteOp is a SaaS company revolutionizing property management for short-term rental (STR) operators and hotels. Built by experienced professionals in the hospitality industry, SuiteOp provides a comprehensive platform to streamline operations and enhance guest experiences. The company's offerings include guest check-in automation, real-time analytics, smart device management, and integrations with property management systems. SuiteOp empowers businesses to increase efficiency, drive revenue, and deliver exceptional service by automating tasks, centralizing data, and providing intelligent insig",2026-09-14
SQ171385,13314,58,Sahha,sahha.ai,https://sahha.ai,https://www.linkedin.com/company/sahhahealth,sahhahealth,United States,"San Francisco, California",16.0,11-50 employees,Privately Held,B2B,0-500K,$1M - $5M,Wellness and Fitness Services,Digital Health and Telemedicine,"B2B, SaaS, Digital Health",2021.0,2663.0,Business Type contains B2B; Pattern Tags contain B2B,Pattern Tags contain SaaS; explicit SaaS / cloud / enterprise-software / platform language,affordability_exception,revenue 0-500K contradicted by funding $1M - $5M,"Sahha collects and analyzes data from smartphones or wearables to unlock behavioural, mental & physical health insights & biomarkers that drive personalized engagement & product efficacy.","Sahha is a B2B company providing a platform that collects and analyzes data from smartphones and wearables. The platform offers health, lifestyle, and behavioral insights and biomarkers to drive personalized user engagement and improve product effectiveness. Sahha differentiates itself by enabling companies to understand user behavior beyond their own product's data, providing a more holistic view of the user's life, health, and lifestyle.",2026-09-14
SQ172741,13348,58,Bobyard,bobyard.com,https://bobyard.com,https://www.linkedin.com/company/bobyard,bobyard,United States,"San Francisco, California",25.0,11-50 employees,Privately Held,B2B,0-500K,$1M - $5M,"Technology, Information and Internet","Construction and Civil Engineering Services,AI and ML Platforms","SaaS, AI-powered, Construction Tech",,1447.0,Business Type contains B2B,"Pattern Tags contain SaaS; explicit SaaS / cloud / enterprise-software / platform language; SubIndustry is software/platform (Construction and Civil Engineering Services,AI and)",affordability_exception,revenue 0-500K contradicted by funding $1M - $5M,"Construction is one of the largest industries in the world, but it is also one of the least technologically innovative spaces. Conducting fast and accurate cost estimates is a massive pain point. Bobyard automates the construction takeoff process with CV and NLP models to make cost estimates 10x faster while eliminating mistakes.",Bobyard is a technology company focused on revolutionizing the construction industry. They provide an AI-powered platform that automates the construction takeoff process using computer vision (CV) and natural language processing (NLP). This allows construction companies to create faster and more accurate cost estimates.,2026-09-14
SQ018348,13511,56,Doobert,doobert.com,https://doobert.com,https://www.linkedin.com/company/doobert,doobert,United States,"Apollo Beach, Florida",21.0,11-50 employees,Privately Held,B2B,500K-1M,Funding unknown,Non-profit Organizations,"Enterprise Software Solutions,NGOs, Charities and Community Organizations","SaaS, Animal Welfare, Nonprofit",2014.0,869.0,Business Type contains B2B,"Pattern Tags contain SaaS; explicit SaaS / cloud / enterprise-software / platform language; SubIndustry is software/platform (Enterprise Software Solutions,NGOs, Charities and )",affordability_exception,"revenue 500K-1M retained on operating scale (headcount 21, strong B2B SaaS signals)","Doobert is software designed to simplify the most time-consuming procedures in animal rescue. Our innovative technology can be used to support your organization's needs, saving you time and allowing you to expand your impact. Our automating processes allow organizations to save more of the estimated 4-5 million companion animals that are euthanized each year.

Doobert has ready-to-use packages that can be used instantly or you can customize them depending on the needs of your programs. Using technology and automated workflows along with two-way texting and emails, managing programs such as Fos","Doobert is a software platform designed to simplify and automate various processes within animal rescue organizations. They provide tools for foster management, owner surrender/rehoming, crisis boarding, and spay/neuter program management. Doobert differentiates itself by offering features like automated workflows, two-way texting with fosters, a RescueTUBE for video capture, and integrations with shelter management software. They also offer a Rescue Store where supporters can purchase items, with 5% of the purchase price donated to the animal shelter or rescue of the shopper's choice. Additio",2026-09-14
SQ051730,13575,56,ZenCentiv,zencentiv.com,https://zencentiv.com,https://www.linkedin.com/company/zencentiv,zencentiv,United States,"Miami, Florida",24.0,11-50 employees,Privately Held,B2B,0-500K,$1M - $5M,Software Development,Enterprise Software Solutions,"SaaS, Sales Compensation, B2B",2022.0,1181.0,Business Type contains B2B; Pattern Tags contain B2B,Pattern Tags contain SaaS; explicit SaaS / cloud / enterprise-software / platform language; SubIndustry is software/platform (Enterprise Software Solutions),affordability_exception,revenue 0-500K contradicted by funding $1M - $5M,"Don't settle for those dusty old spreadsheets or wonky systems to craft your custom comp plan. Say goodbye to the headache and hello to our fully automated solution, designed by the sales compensation gurus who've tackled the biggest and baddest ICM solutions for Enterprise level companies.

We know the struggle all too well, which is why we've put in the elbow grease and expertise to create a top-notch system that's user-friendly, generates insightful reports from the get-go, and can handle a boatload of plan participants like a champ. Let us take the reins and make comp planning a breeze","ZenCentiv is a sales commission software solution designed to streamline and automate the sales compensation process. They provide an intuitive platform for sales managers, compensation teams, finance, HR, and sales operations to manage commissions accurately and efficiently. ZenCentiv differentiates itself through its user-friendly interface, real-time reporting, and scalability, offering a simpler alternative to more complex enterprise ICM solutions.",2026-09-14
SQ065602,13632,56,Markate,markate.com,https://markate.com,https://www.linkedin.com/company/markate.com,markate.com,United States,"Scottsdale, Arizona",41.0,11-50 employees,Privately Held,B2B,500K-1M,Funding unknown,Software Development,Enterprise Software Solutions,"B2B, SaaS, Field Services",2015.0,2067.0,Business Type contains B2B; Pattern Tags contain B2B,Pattern Tags contain SaaS; explicit SaaS / cloud / enterprise-software / platform language; SubIndustry is software/platform (Enterprise Software Solutions),affordability_exception,"revenue 500K-1M retained on operating scale (headcount 41, strong B2B SaaS signals)","Markate.com ,  Powerful CRM, Job Management and Marketing Automation tools for Home Services Providers

Business app   : http://onelink.to/markate

Your Business, Your Way with Markate
Markate partners with you, working together to achieve your business goals.

Streamline Your Operations for Efficiency
Designed to reduce paperwork, automate processes, and free up your time

Affordable, Flexible Solutions to Fit Your Needs
Built to empower small businesses, helping them operate more efficiently while minimizing expenses

Maximize Time, Resources, and Profits
We’re here to simplify your operatio","Markate is a CRM, job management, and marketing automation platform designed specifically for home service businesses. It provides tools to manage customers, schedule jobs, automate marketing tasks, and streamline workflows. The platform supports various industries, including cleaning, home improvement, maintenance, and seasonal services, offering solutions tailored to each. Markate differentiates itself by providing a mobile-first design, flexible features, and personalized support, enabling small businesses to grow and operate more efficiently.",2026-09-14
SQ107525,13697,56,Forte,getforte.com,https://getforte.com,https://www.linkedin.com/company/getfortehq,getfortehq,United States,"Baltimore, Maryland",32.0,11-50 employees,Privately Held,B2B,0-500K,$1M - $5M,Wellness and Fitness Services,Mental Health and Rehabilitation Services,"B2B, Mental Wellness, Subscription Service",2021.0,2071.0,Business Type contains B2B; Pattern Tags contain B2B,explicit SaaS / cloud / enterprise-software / platform language; recurring/subscription/licence language,affordability_exception,revenue 0-500K contradicted by funding $1M - $5M,"Forte is the proactive mental fitness service strengthening culture through human connection, interactive resources, and actionable data. 

Learn more at getforte.com.","Forte is a proactive mental fitness service designed to strengthen workplace culture by focusing on human connection. They offer a B2B solution that provides employees with access to certified guides for confidential conversations, along with wellness content and actionable data reports for employers. Forte aims to fill the gap between traditional reactive workplace support and proactive mental wellness, focusing on resilience, emotional strength, and overall well-being.",2026-09-14
SQ121505,13725,56,SlideUpLift,slideuplift.com,https://slideuplift.com,https://www.linkedin.com/company/slideuplift,slideuplift,United States,"Somerset, New Jersey",20.0,11-50 employees,Privately Held,B2B,500K-1M,Funding unknown,Graphic Design,Enterprise Software Solutions,"B2B, SaaS, AI-driven",2018.0,17831.0,Business Type contains B2B; Pattern Tags contain B2B,Pattern Tags contain SaaS; explicit SaaS / cloud / enterprise-software / platform language; SubIndustry is software/platform (Enterprise Software Solutions),affordability_exception,"revenue 500K-1M retained on operating scale (headcount 20, strong B2B SaaS signals)","Presentations reign supreme as the go-to communication method for professionals, yet creating them can be time-consuming and tedious. 
SlideUpLift is proud to announce first-of-its-kind, intuitive AI assistant that makes professional slide building as easy as writing a prompt. The AI Slide Editor lets you build and customize slides in minutes, all without design experience. 
This feature can be used with our extensive library of 40,000+ professional templates. Beyond the AI, if you need expert help, our expert design services are available at hand- all within a single platform- to ensure your ","SlideUpLift is a platform designed to streamline the creation of impactful presentations. The company offers an AI assistant, over 40,000 professional templates, and expert design services to help professionals create clear and compelling presentations. SlideUpLift differentiates itself through its AI-driven features, extensive template library, and comprehensive presentation support, all available on a single platform.",2026-09-14
SQ145714,13763,56,Gnowbe,gnowbe.com,https://gnowbe.com,https://www.linkedin.com/company/gnowbe,gnowbe,United States,"San Francisco, California",40.0,11-50 employees,Privately Held,B2B,500K-1M,Under $1M,E-Learning Providers,E-Learning Platforms and EdTech,"B2B, SaaS, Microlearning",2016.0,6228.0,Business Type contains B2B; Pattern Tags contain B2B,Pattern Tags contain SaaS; explicit SaaS / cloud / enterprise-software / platform language; SubIndustry is software/platform (E-Learning Platforms and EdTech),affordability_exception,"revenue 500K-1M retained on operating scale (headcount 40, strong B2B SaaS signals)","Empower Teams with a Social Learning Platform Built for Real Impact
At Gnowbe, we believe impactful training goes beyond information, it’s about connection, empowerment, and transformation.

We help organizations build learning cultures that align people, strengthen performance, and drive measurable growth.

 #Singaporeans use your SkillsFuture credits here:
https://be.gnowbe.com/shop/s6zx6g?s=1&utm_campaign=default&utm_medium=learngnowbecom&utm_source=gnowbe



Our award-winning, AI-powered platform makes it easy for anyone to create, deploy, and optimize engaging learning experiences that mo","Gnowbe is a mobile-first microlearning platform that empowers organizations to create engaging, interactive, and social learning experiences. Their AI-powered tools simplify content creation, translation, and personalization. Gnowbe differentiates itself by focusing on ease of use, collaborative learning, and driving real-world impact through bite-sized, accessible training.",2026-09-14
SQ157614,13781,56,Pineapple Academy,pineappleacademy.com,https://pineappleacademy.com,https://www.linkedin.com/company/the-pineapple-academy,the-pineapple-academy,United States,"Kansas City, Missouri",20.0,11-50 employees,Privately Held,B2B,500K-1M,Under $1M,E-Learning Providers,"Enterprise Software Solutions,E-Learning Platforms and EdTech","B2B, SaaS, Microlearning",2018.0,4500.0,Business Type contains B2B; Pattern Tags contain B2B,"Pattern Tags contain SaaS; explicit SaaS / cloud / enterprise-software / platform language; SubIndustry is software/platform (Enterprise Software Solutions,E-Learning Platforms)",affordability_exception,"revenue 500K-1M retained on operating scale (headcount 20, strong B2B SaaS signals)","The online training platform built by operators, for operators. 

Founded by two friends wanting to combat high levels of turnover in deskless industries, Pineapple Academy delivers bite-sized, 5-minute or less video training that streams on any device, anywhere, at any time.
 
-Microlearning Marketplace with 1000+ training videos
-Capture, create, and stream your own user-generated training
-Quick, simple & effective skills-based learning
-As little as 5 minutes a day

Improve your onboarding, streamline your operations, and reduce turnover by training employees the right way.","Pineapple Academy is an online training platform designed to combat high turnover in deskless industries. It provides bite-sized, 5-minute or less video training that streams on any device, anywhere, at any time. The platform offers a microlearning marketplace with over 1000 training videos, along with tools to capture, create, and stream user-generated training content. Pineapple Academy aims to improve onboarding, streamline operations, and reduce turnover by providing quick, simple, and effective skills-based learning.",2026-09-14
SQ158933,13796,56,myQuest,myquest.co,https://myquest.co,https://www.linkedin.com/company/myquest-ltd,myquest-ltd,United States,"San Francisco, -",34.0,11-50 employees,Privately Held,"B2B,B2C",500K-1M,Under $1M,E-Learning Providers,"Enterprise Software Solutions,E-Learning Platforms and EdTech","B2B, SaaS, Gamification",2012.0,1946.0,Business Type contains B2B; Pattern Tags contain B2B,"Pattern Tags contain SaaS; explicit SaaS / cloud / enterprise-software / platform language; SubIndustry is software/platform (Enterprise Software Solutions,E-Learning Platforms)",affordability_exception,"revenue 500K-1M retained on operating scale (headcount 34, strong B2B SaaS signals)","myQuest is committed to building cutting-edge technologies that transform the way people learn and gain new skills. Today, knowledge is more accessible than ever, but it's still not enough to create behavioral change or a lasting impact. We believe meaningful learning and growth require an out-of-the-box, engaging approach that supports and motivates the modern learner. Our mission is to empower individuals and organizations with the solutions and tools they need to achieve their full potential and drive positive change.","myQuest is an innovative online training and coaching platform committed to transforming how individuals and organizations learn and develop skills. Distinguishing itself from traditional LMS platforms, myQuest emphasizes action-based learning, turning passive content into engaging activities, and providing personalized feedback through AI and expert coaching. This approach ensures real skill development and measurable outcomes. The platform serves a diverse clientele, including training companies, enterprises seeking employee training solutions, organizations requiring customer training, nonp",2026-09-14
SQ169781,13844,56,Perfectice,myperfectice.com,https://myperfectice.com,https://www.linkedin.com/company/myperfectice,myperfectice,United States,"Johns Creek, GA",31.0,11-50 employees,Privately Held,"B2B,B2C",500K-1M,Funding unknown,E-Learning Providers,"Consumer Software,E-Learning Platforms and EdTech","EdTech, Assessment Platform, B2B2C",2015.0,1890.0,Business Type contains B2B,"explicit SaaS / cloud / enterprise-software / platform language; SubIndustry is software/platform (Consumer Software,E-Learning Platforms and EdTech)",affordability_exception,"revenue 500K-1M retained on operating scale (headcount 31, strong B2B SaaS signals)","Practice makes you perfect - The mantra behind Perfectice.

Perfectice is an GLOBAL OPEN platform for assessment (test preparation). A true platform to enable, independent teachers, schools, learning centers, coaching institutes, corporate (business), online learning platform and publisher to create assessment and students to take those test anytime-anywhere. The core of Perfectice is the analytics engine build behind the platform to help students better understand - insight, into their learning needs.
Students can see their strength and weakness by subject and topics, compare themselves at","Perfectice is a global open platform for assessment and test preparation. It enables teachers, schools, learning centers, coaching institutes, and publishers to create assessments, and students to take those tests anytime, anywhere. The platform provides analytics to help students understand their strengths and weaknesses by subject and topic, compare themselves nationally and internationally, and track their improvement over time. It also allows teachers to monitor student performance and personalize their teaching. Perfectice connects parents with their child's performance data to facilitate",2026-09-14
SQ004497,13980,55,PlayerZero,playerzero.ai,https://playerzero.ai,https://www.linkedin.com/company/playerzero,playerzero,United States,"Atlanta, Georgia",24.0,11-50 employees,Privately Held,B2B,0-500K,$10M - $25M,Software Development,"Enterprise Software Solutions,AI and ML Platforms","AI, B2B, Software Quality",2022.0,2488.0,Business Type contains B2B; Pattern Tags contain B2B,"explicit SaaS / cloud / enterprise-software / platform language; SubIndustry is software/platform (Enterprise Software Solutions,AI and ML Platforms)",affordability_exception,revenue 0-500K contradicted by funding $10M - $25M,"PlayerZero is pioneering predictive software quality, helping enterprises ship flawless software faster by fixing, learning from and preventing problems before they impact customers. The company's AI-powered platform deeply understands how code works across entire systems, predicts failures before they happen and continuously learns from every issue to strengthen software resilience. PlayerZero is backed by Foundation Capital, Green Bay Ventures and prominent angel investors including the founders of Databricks, Dropbox, Figma and Vercel.

PlayerZero’s mission is to embed adaptive healing dire","PlayerZero develops an AI-powered platform to automate defect resolution and development in software. It empowers engineering and support teams to autonomously debug issues, fix code, and prevent future problems by learning the customer impact of engineering output. The platform focuses on debugging customer issues down to the line of code and predicting potential problems from code changes, helping teams move faster and maintain software quality.",2026-09-14
SQ009673,14163,55,Spektion,spektion.com,https://spektion.com,https://www.linkedin.com/company/spektion,spektion,United States,"Dripping Springs, TX",13.0,11-50 employees,Privately Held,B2B,0-500K,$5M - $10M,Computer and Network Security,Security and Identity Software,"Cybersecurity, SaaS, Risk Management",2024.0,894.0,Business Type contains B2B,Pattern Tags contain SaaS; explicit SaaS / cloud / enterprise-software / platform language; SubIndustry is software/platform (Security and Identity Software),affordability_exception,revenue 0-500K contradicted by funding $5M - $10M,"Spektion helps enterprises reduce cyber exposure with runtime visibility and control across every asset that matters. Where traditional tools stop at CVEs, Spektion's platform goes further, identifying exploitable conditions across software and operating systems before advisories or patches exist. 

Founded by red teamers, vulnerability researchers, malware analysts, offensive security pros, and CISOs, Spektion brings firsthand experience from both attack and defense to help security teams prove measurable, lasting risk reduction.","Spektion is a software security company specializing in third-party risk management and software supply chain security. They provide behavioral analytics to uncover hidden security issues and vulnerabilities in third-party software. Spektion differentiates itself through its deep practitioner expertise, proactive risk management approach, and focus on providing actionable insights to reduce vulnerabilities and manage software risks effectively.",2026-09-14
SQ021140,14522,55,svexa,svexa.com,https://svexa.com,https://www.linkedin.com/company/svexa,svexa,United States,"Newark, Delaware",35.0,11-50 employees,Privately Held,B2B,0-500K,$1M - $5M,Wellness and Fitness Services,"AI and ML Platforms,Digital Health and Telemedicine","B2B, AI, Sports Tech",2018.0,3447.0,Business Type contains B2B; Pattern Tags contain B2B,"SubIndustry is software/platform (AI and ML Platforms,Digital Health and Telemedicin)",affordability_exception,revenue 0-500K contradicted by funding $1M - $5M,"Svexa (Silicon Valley Exercise Analytics) is a human performance intelligence company. 

Svexa’s AI, algorithms and software provide a unique integration of training and recovery data from all available sources to build each persn's Digital Twin and deliver deeply personallized insights. From sports tech to corporate and general wellness, svexa licenses algos so our clients can unlock more value for their customers.","Svexa is a human performance intelligence company that provides personalized insights by integrating training, performance, and recovery data with biological and psychological profiles. Through its AI-driven algorithms and software, Svexa builds Digital Twins for each individual, delivering actionable recommendations to optimize training, prevent injuries, and enhance overall performance. The company caters to sports tech firms, athletes, teams, and corporate wellness programs, offering solutions ranging from algorithm licensing to integrated decision-making platforms.",2026-09-14
SQ022479,14559,55,Refold AI,refold.ai,https://refold.ai,https://www.linkedin.com/company/refoldai,refoldai,United States,"San Francisco, California",41.0,11-50 employees,Privately Held,,,$5M - $10M,Software Development,,,2022.0,17409.0,description addresses businesses/teams/organisations,explicit SaaS / cloud / enterprise-software / platform language,affordability_exception,revenue (missing) retained on funding $5M - $10M,"Welcome to Refold AI (formerly Cobalt)– the world's first AI-powered platform that transforms enterprise integrations into a fast, simple, and efficient experience. At Refold, we believe that connecting your software systems shouldn’t be a drawn-out, complicated process. Our innovative solution replaces tedious manual coding and expensive consulting with smart AI agents built on a robust, embedded iPaaS.

Our AI agents quickly learn the unique workings of your enterprise software—from understanding complex APIs to configuring custom workflows—so that integration tasks that once took weeks or m",,2026-09-14
SQ028859,14734,55,Blitzy,blitzy.com,https://blitzy.com,https://www.linkedin.com/company/blitzyai,blitzyai,United States,"Boston, Massachusetts",45.0,11-50 employees,Privately Held,,0-500K,$1M - $5M,Software Development,,,2023.0,3514.0,description addresses businesses/teams/organisations,explicit SaaS / cloud / enterprise-software / platform language,affordability_exception,revenue 0-500K contradicted by funding $1M - $5M,"Blitzy, the emerging leader in System 2 AI, enables development teams to transform six-month software projects into six-day turnarounds using Blitzy, an agentic platform that enables thousands of AI Agents to ‘think’ and cooperate for hours to bulk build software with precision. The platform builds everything AI can deliver in a precise manner, around 80% of any roadmap or new product, supplemented with a human engineering guide to complete the remaining 20% needed for production. With over 27 patents and counting, Blitzy is actively hiring PhDs and senior developers in Cambridge, MA who have ",,2026-09-14
SQ055566,15276,55,Spott (YC W25),spott.io,https://spott.io,https://www.linkedin.com/company/spottai,spottai,United States,San Francisco,13.0,11-50 employees,Privately Held,B2B,0-500K,$1M - $5M,Software Development,"Human Resources, Staffing and Recruitment,Enterprise Software Solutions","B2B, SaaS, AI-powered",2024.0,3703.0,Business Type contains B2B; Pattern Tags contain B2B,"Pattern Tags contain SaaS; explicit SaaS / cloud / enterprise-software / platform language; SubIndustry is software/platform (Human Resources, Staffing and Recruitment,Enterpri)",affordability_exception,revenue 0-500K contradicted by funding $1M - $5M,"Spott is an all-in-one AI-native ATS/CRM for recruitment firms.

Spott redefines what a recruitment platform can do. It doesn't just store data, it actively works for you.

The result? More placements, faster.

Request your demo now at www.spott.io","Spott is an AI-native Applicant Tracking System (ATS) and Customer Relationship Management (CRM) platform tailored for recruitment and executive search firms. They differentiate themselves by automating manual tasks, streamlining workflows with AI agents, and accelerating recruiters' decision-making processes. Their platform offers capabilities such as AI-driven candidate matching, automated data entry, unified communication, and rapid report generation, aiming to enhance placement rates and overall efficiency for recruiters.",2026-09-14
SQ056760,15322,55,Promptfoo,promptfoo.dev,https://promptfoo.dev,https://www.linkedin.com/company/promptfoo,promptfoo,United States,"San Francisco, CA",22.0,11-50 employees,Privately Held,B2B,0-500K,$10M - $25M,Software Development,"AI and ML Platforms,Security and Identity Software","LLM Security, Open Source, Developer Tools",,3045.0,Business Type contains B2B,"SubIndustry is software/platform (AI and ML Platforms,Security and Identity Software)",affordability_exception,revenue 0-500K contradicted by funding $10M - $25M,"Promptfoo discovers and eliminates major LLM risks before they are shipped to production. Its founders have experience launching and scaling AI to over 100M users using automated red-teaming and testing to overcome security, legal, and compliance issues. Promptfoo's open-source, developer-first approach has made it the most widely adopted tool in this space, with over 20,000 users at companies like Shopify, Amazon, and Anthropic. 

https://www.promptfoo.dev","Promptfoo is an open-source LLM testing and security platform designed to help developers and enterprises build secure and reliable AI applications. It enables automated red-teaming, vulnerability scanning, and comprehensive evaluations to identify and eliminate risks such as PII leaks, prompt injections, and harmful content. Promptfoo offers a developer-first approach with a command-line interface and integrates seamlessly into existing workflows. It is trusted by a large community of developers and is used by companies like Shopify, Amazon, and Anthropic.",2026-09-14
SQ066608,15623,55,HoneyHive,honeyhive.ai,https://honeyhive.ai,https://www.linkedin.com/company/honeyhiveai,honeyhiveai,United States,"New York, New York",17.0,11-50 employees,Privately Held,B2B,0-500K,$5M - $10M,Software Development,"AI and ML Platforms,Developer Tools and Platforms","AI observability, MLOps, B2B",2022.0,1999.0,Business Type contains B2B; Pattern Tags contain B2B,"explicit SaaS / cloud / enterprise-software / platform language; SubIndustry is software/platform (AI and ML Platforms,Developer Tools and Platforms)",affordability_exception,revenue 0-500K contradicted by funding $5M - $10M,"HoneyHive is the AI observability and evals platform trusted by the Fortune 500. 

We help the world’s largest enterprises confidently scale agents in production with continuous evaluation and observability throughout the entire agent development lifecycle (ADLC), ensuring agents are trustworthy and reliable by design.

HoneyHive’s founding team brings applied AI and infrastructure expertise from Microsoft, Amazon, New Relic, and Amplitude. The company has offices in New York and San Francisco.","HoneyHive is an AI observability and evaluation platform that helps teams debug, evaluate, and monitor AI applications from development to deployment. It provides a unified solution for testing, debugging, monitoring, and improving AI agents with features like automated evaluations, tracing, monitoring, and prompt management. It caters to startups and Fortune 100 enterprises, ensuring the quality, performance, and reliability of AI agents.",2026-09-14
SQ077227,15817,55,Outdoo AI,outdoo.ai,https://outdoo.ai,https://www.linkedin.com/company/outdooai,outdooai,United States,"San Francisco, California",28.0,11-50 employees,Privately Held,,,$1M - $5M,Software Development,,,2022.0,11379.0,description addresses businesses/teams/organisations,explicit SaaS / cloud / enterprise-software / platform language,affordability_exception,revenue (missing) retained on funding $1M - $5M,"Outdoo is the leading AI Roleplay and Coaching Platform for customer-facing teams, combining adaptive AI simulations, instant feedback, and micro-learning to accelerate ramp time, improve readiness, and drive consistent performance.",,2026-09-14
SQ102057,16061,55,Perceptis AI,perceptis.ai,https://perceptis.ai,https://www.linkedin.com/company/perceptis-ai,perceptis-ai,United States,"Seattle, WA",14.0,11-50 employees,Privately Held,B2B,0-500K,$1M - $5M,"Technology, Information and Internet","Enterprise Software Solutions,AI and ML Platforms","B2B, SaaS, AI-Powered",2024.0,2691.0,Business Type contains B2B; Pattern Tags contain B2B,"Pattern Tags contain SaaS; explicit SaaS / cloud / enterprise-software / platform language; SubIndustry is software/platform (Enterprise Software Solutions,AI and ML Platforms)",affordability_exception,revenue 0-500K contradicted by funding $1M - $5M,"At Perceptis, we harness the power of AI to enable massive revenue growth. We do so by automating and augmenting tedious workflows in business development: lead generation and proposal writing.

In companies where business development requires proactive outreach and custom sales documents, significant time is spent researching prospects and developing proposals. Perceptis streamlines this tedious work and helps grow your revenue.

In lead generation, Perceptis eliminates the process of nudging your prospects in search of sales opportunities. Instead, we monitor your targets and alert you when ","Perceptis AI helps consulting firms accelerate revenue growth by automating tedious business development workflows. Their AI-powered platform focuses on lead generation and proposal writing, enabling firms to respond faster and more effectively to prospects. Perceptis offers custom AI models trained on client data, which generates high-quality, MBB-grade proposals in less than 24 hours. They differentiate themselves through a privacy-first architecture, ensuring data security with isolated endpoints for each client.",2026-09-14
SQ119269,16588,55,WiseBee,wisebee.ai,https://wisebee.ai,https://www.linkedin.com/company/wisebee-ai,wisebee-ai,United States,"New York City, NY",11.0,11-50 employees,Privately Held,B2B,,$1M - $5M,"Technology, Information and Internet","AI and ML Platforms,IT Services and Cybersecurity,Security and Identity Software","B2B, SaaS, Cybersecurity",2024.0,584.0,Business Type contains B2B; Pattern Tags contain B2B,"Pattern Tags contain SaaS; explicit SaaS / cloud / enterprise-software / platform language; SubIndustry is software/platform (AI and ML Platforms,IT Services and Cybersecurity,)",affordability_exception,revenue (missing) retained on funding $1M - $5M,"WiseBee is an AI-driven cybersecurity platform that functions as your on-demand, autonomous security team. It continuously monitors, detects, and neutralizes threats in real-time, ensuring your organization stays ahead of cyber risks without the need for an extensive security team. Designed specifically for mid-market businesses, WiseBee delivers scalable, cost-effective, and community-enhanced enterprise-grade security.

Backed by top-tier VCs, and already serving fintech, banking and government customers across USA and Europe, we're building a radically simpler and more autonomous approach t","WiseBee is an AI-driven cybersecurity platform designed to function as an on-demand, autonomous security team for mid-market businesses. It continuously monitors, detects, and neutralizes threats in real-time, ensuring organizations stay ahead of cyber risks without the need for an extensive security team. The platform combines threat intelligence, attack surface management (ASM), and mitigation into a single, AI-powered solution, eliminating the need for multiple disparate tools. WiseBee offers a freemium model, providing access to essential security features at no cost, with scalable options",2026-09-14
SQ130393,16881,55,Youlify,youlify.ai,https://youlify.ai,https://www.linkedin.com/company/youlify,youlify,United States,"Palo Alto, California",14.0,11-50 employees,Privately Held,B2B,0-500K,$1M - $5M,"Technology, Information and Internet","Healthcare Software,AI and ML Platforms","B2B, Healthcare, AI, SaaS",2024.0,734.0,Business Type contains B2B; Pattern Tags contain B2B,"Pattern Tags contain SaaS; explicit SaaS / cloud / enterprise-software / platform language; SubIndustry is software/platform (Healthcare Software,AI and ML Platforms)",affordability_exception,revenue 0-500K contradicted by funding $1M - $5M,"Youlify is an AI revenue cycle management company, built by physicians for physicians. Shaped by our physician founder and built by AI experts with CPC and CPB oversight, our platform deeply understands medical billing, automating RCM and delivering actionable insights for independent practices. We go beyond efficiency — helping doctors maximize revenue, reclaim time, and refocus on exceptional patient care.","Youlify is an AI-driven technology company that provides an end-to-end Revenue Cycle Management (RCM) solution for physicians and hospitals. They leverage generative AI to automate and optimize medical billing processes, aiming to improve efficiency and reduce errors in healthcare revenue cycles.",2026-09-14
SQ132780,16985,55,Translucent,translucent.co,https://translucent.co,https://www.linkedin.com/company/translucentai,translucentai,United States,"New York, New York",13.0,11-50 employees,Privately Held,B2B,500K-1M,$5M - $10M,Hospitals and Health Care,"Healthcare Software,AI and ML Platforms","B2B, AI, Healthcare",2024.0,4697.0,Business Type contains B2B; Pattern Tags contain B2B,"SubIndustry is software/platform (Healthcare Software,AI and ML Platforms)",affordability_exception,revenue 500K-1M retained on funding $5M - $10M,"We’re tackling one of healthcare providers’ biggest hidden problems - FP&A work.

The business of healthcare is extremely complex - shifting regulation, multiple payment models, 100+ specialties, complex supply chains, complex operations, the list goes on. 

This complexity requires CFOs to employ highly-skilled FP&A teams steeped in healthcare knowledge in order to understand business performance, identify revenue and cost improvement opportunities, and implement changes.

But here’s the problem - FP&A teams are bogged down by a never-ending queue of ad-hoc requests and weekly analyses that r","Translucent is an AI-driven company focused on solving the Financial Planning and Analysis (FPandA) challenges faced by healthcare providers. They offer an AI platform and AI analyst teams to automate data pulls, analysis, and insight generation from disparate data sources. Translucent enables healthcare organizations to improve their PandL performance by providing business analyst support through AI, making it more accessible and efficient. Their mission is to ensure that no healthcare organization closes due to business challenges.",2026-09-14
SQ141717,17335,55,Meibel,meibel.ai,https://meibel.ai,https://www.linkedin.com/company/meibel,meibel,United States,"Tysons, Virginia",14.0,11-50 employees,Privately Held,B2B,0-500K,$5M - $10M,"Technology, Information and Internet",AI and ML Platforms,"B2B, SaaS, Explainable AI",2024.0,1017.0,Business Type contains B2B; Pattern Tags contain B2B,Pattern Tags contain SaaS; explicit SaaS / cloud / enterprise-software / platform language; SubIndustry is software/platform (AI and ML Platforms),affordability_exception,revenue 0-500K contradicted by funding $5M - $10M,"Your generative AI vision becomes reality with the runtime platform that gives technical teams the visibility, control and confidence to build, run & scale generative AI applications.","Meibel is a platform designed to empower data and engineering teams in building, running, and scaling generative AI applications. It provides visibility, control, and confidence to bring AI applications from pilot to production. The platform offers features like data integration, enterprise-grade security, and detailed analytics to track and optimize AI investments. Meibel differentiates itself by focusing on explainable AI, ensuring transparency and accountability in AI decision-making.",2026-09-14
SQ143287,17392,55,Kannact,kannact.com,https://kannact.com,https://www.linkedin.com/company/kannact,kannact,United States,"Corvallis, Oregon",36.0,11-50 employees,Privately Held,B2B,0-500K,$1M - $5M,Wellness and Fitness Services,"Healthcare Software,Digital Health and Telemedicine","B2B, Digital Health, Chronic Condition Management",2013.0,1945.0,Business Type contains B2B; Pattern Tags contain B2B,"SubIndustry is software/platform (Healthcare Software,Digital Health and Telemedicin)",affordability_exception,revenue 0-500K contradicted by funding $1M - $5M,"We are the human-driven digital health company who believes that to make big changes in their lives, people need support.

Our mission is to be that support for those living with chronic conditions. Our health coaches have guided thousands of people over years-long journeys to improve their A1C scores, cholesterol, blood pressure, kidney function, exercise, and diet. Each with their own unique path, their own unique plan, and their own personal health coach by their side.","Kannact is a human-driven digital health company that provides personalized support for individuals living with chronic conditions. They partner with health plans and providers to offer members a dedicated health coach, behavior change programs, and remote monitoring tools. Kannact differentiates itself by guaranteeing critical metric improvements tied to HEDIS and MIPS, such as HbA1c control and blood pressure management, and offering a money-back guarantee if results aren't achieved.",2026-09-14
SQ168348,18134,55,graph ai,graphsafety.ai,https://graphsafety.ai,https://www.linkedin.com/company/graphsafety,graphsafety,United States,"Pleasanton, California",15.0,11-50 employees,Privately Held,,,$1M - $5M,"Technology, Information and Internet",,,2024.0,580.0,description addresses businesses/teams/organisations,explicit SaaS / cloud / enterprise-software / platform language,affordability_exception,revenue (missing) retained on funding $1M - $5M,"Founded in 2024, Graph AI is a GenAI native SaaS company dedicated to building a next generation platform that helps enterprises realize the full potential of AI.

At its core is the graph safety suite, our flagship SaaS product built on the graphx platform, transforming pharmacovigilance and drug safety by unifying fragmented workflows into a single, intelligent ecosystem. The graph safety suite is the only integrated AI platform for patient safety that unifies source, intake, case processing, aggregate reporting, signal detection, risk management, and regulatory compliance into one connected",,2026-09-14
SQ170687,18136,55,GridStrong,gridstrong.ai,https://gridstrong.ai,https://www.linkedin.com/company/gridstrongai,gridstrongai,United States,"New York, NY",14.0,11-50 employees,Privately Held,B2B,,$10M - $25M,Renewable Energy Power Generation,"Electric Power and Grid Management,Renewable Energy and Clean Tech","SaaS, Energy Management, Grid Compliance",2025.0,1747.0,Business Type contains B2B,Pattern Tags contain SaaS; explicit SaaS / cloud / enterprise-software / platform language,affordability_exception,revenue (missing) retained on funding $10M - $25M,"GridStrong is your trusted analyst for managing transmission-connected assets like utility-scale solar, wind, batteries, data centers, and crypto miners. From compliance and cyber-security to plant modeling and real-time analytics, we automate every aspect of AC-side operations so you can focus on what matters most.","GridStrong is a SaaS provider that offers a comprehensive platform for managing transmission-connected assets, including utility-scale solar, wind, batteries, data centers, and crypto miners. It automates AC-side operations, covering compliance, cybersecurity, plant modeling, and real-time analytics. GridStrong differentiates itself by providing specialized tools for grid connection and compliance, enabling asset managers to focus on core business activities.",2026-09-14
SQ010304,18418,53,Prophetic,propheticsoftware.ai,https://propheticsoftware.ai,https://www.linkedin.com/company/propheticsoftware,propheticsoftware,United States,"Portland, Oregon",18.0,11-50 employees,Privately Held,B2B,0-500K,$1M - $5M,Software Development,Real Estate and PropTech Software,"B2B, SaaS, Real Estate Tech",,839.0,Business Type contains B2B; Pattern Tags contain B2B,Pattern Tags contain SaaS; explicit SaaS / cloud / enterprise-software / platform language; SubIndustry is software/platform (Real Estate and PropTech Software),affordability_exception,revenue 0-500K contradicted by funding $1M - $5M,"Prophetic is AI-based land acquisition software that helps homebuilders, real estate developers, brokers, and more find, analyze, and organize the best land for development. Our software is available nationally and analyzes thousands of parcels every day - contact us today to learn how we can 5-10x your land acquisition pipeline within 30 days.","Prophetic provides a comprehensive software suite tailored for real estate developers, integrating zoning data, property records, due diligence tools, and automated site planning. Their platform enables users to quickly identify and analyze development opportunities, assess site constraints, and collaborate with teams. With features like SiteAi for generating site plans and integrated legal document access, Prophetic aims to streamline the land acquisition process and accelerate development timelines.",2026-09-14
SQ066891,19378,53,GovPilot,govpilot.com,https://govpilot.com,https://www.linkedin.com/company/govpilot,govpilot,United States,"Manasquan, New Jersey",38.0,11-50 employees,Privately Held,,,,Software Development,,,2015.0,5180.0,description addresses businesses/teams/organisations,explicit SaaS / cloud / enterprise-software / platform language,affordability_exception,"revenue (missing) retained on operating scale (headcount 38, strong B2B SaaS signals)","GovPilot is a cloud-based management platform that enables local governments to digitally transform operations and deliver better outcomes for their communities. With more than 125 modules and a fully integrated, no-code architecture, GovPilot replaces paper-based processes with digital workflows that improve efficiency, transparency, and constituent satisfaction. Named a GovTech 100 company for eight consecutive years, Gov Pilot is trusted by nearly 200 local governments across 36 US states and 3 nations to modernize their operations. 

GovPilot allows local governments to operate at their fu",,2026-09-14
SQ071876,19448,53,Tight,tight.com,https://tight.com,https://www.linkedin.com/company/tight-embedded-accounting,tight-embedded-accounting,United States,"Washington, District of Columbia",36.0,11-50 employees,Privately Held,,,$1M - $5M,Software Development,,,2012.0,3981.0,description addresses businesses/teams/organisations,platform language in a software-native industry,affordability_exception,revenue (missing) retained on funding $1M - $5M,"With Tight embedded accounting, your small business customers get the power of end-to-end accounting inside your product, making their accounting easier and your platform irreplaceable.

When it comes to accounting solutions, experience matters. Tight’s full-service, user-friendly solutions have empowered over 1.2 million small businesses to date — and we’re just getting started.

Trusted by top enterprises that have increased their revenue (by millions of dollars) and retention rates (by double digit percentages) leveraging our products.",,2026-09-14
SQ086132,19570,53,Defakto Security,defakto.security,https://defakto.security,https://www.linkedin.com/company/defaktosecurity,defaktosecurity,United States,"Palo Alto, California",39.0,11-50 employees,Privately Held,,,$25M - $50M,Software Development,,,2022.0,3261.0,description addresses businesses/teams/organisations,explicit SaaS / cloud / enterprise-software / platform language,affordability_exception,revenue (missing) retained on funding $25M - $50M,"Defakto secures the next era of automation with the only complete Non-Human IAM platform, purpose-built for end-to-end NHI lifecycle management. By eliminating static secrets and overprivileged accounts, Defakto helps enterprises reduce breach risk, simplify compliance, and scale automation with confidence. Trusted by Global 2000 companies, Defakto was founded by leaders in large-scale identity deployments. The platform secures every automated interaction across workloads, pipelines, multi-cloud environments, and AI agents. Defakto is defining the future of IAM for a world powered by automatio",,2026-09-14
SQ125603,20051,53,"Jump Technologies, Inc.",jumptech.com,https://jumptech.com,https://www.linkedin.com/company/jump-technologies-inc-,jump-technologies-inc-,United States,"Bradenton, Florida",16.0,11-50 employees,Privately Held,B2B,0-500K,$1M - $5M,Hospitals and Health Care,"Healthcare Software,Enterprise Software Solutions","SaaS, B2B, Healthcare IT",1998.0,873.0,Business Type contains B2B; Pattern Tags contain B2B,"Pattern Tags contain SaaS; explicit SaaS / cloud / enterprise-software / platform language; SubIndustry is software/platform (Healthcare Software,Enterprise Software Solutions)",affordability_exception,revenue 0-500K contradicted by funding $1M - $5M,"At Jump Technologies, we understand the complexities and critical importance of an efficient healthcare supply chain. Our suite of cloud-based solutions—JumpStock, InnerTrack, and Case Companion—are specifically designed to empower healthcare organizations to achieve unprecedented visibility, control, and efficiency in their inventory and logistics. 

For supply chain senior leaders, this means:

* Reduced Costs & Increased Revenue: Optimize inventory levels, eliminate waste from stock-outs and lost packages, and capture missed revenue opportunities. 

* Enhanced Patient Safety & Care: Minimiz","Jump Technologies provides SaaS-based inventory management solutions designed to optimize hospital supply chains. Their flagship product, JumpStock, offers real-time visibility and dynamic adjustments to inventory levels, aiming to reduce stock-outs and improve staff productivity. Jump Technologies differentiates itself by providing supply chain solutions that integrate with major ERP systems and can be rapidly implemented. They emphasize data-driven decision-making to improve patient care and cash flow for hospitals.",2026-09-14
SQ165562,20557,53,Axial Shift,axialcommerce.com,https://axialcommerce.com,https://www.linkedin.com/company/axial-shift,axial-shift,United States,"Austin, Texas",15.0,11-50 employees,Privately Held,B2B,0-500K,$5M - $10M,Information Services,Enterprise Software Solutions,"SaaS, Restaurant Operations, KPI Tracking",,2246.0,Business Type contains B2B,Pattern Tags contain SaaS; explicit SaaS / cloud / enterprise-software / platform language; SubIndustry is software/platform (Enterprise Software Solutions),affordability_exception,revenue 0-500K contradicted by funding $5M - $10M,"Axial Shift | The Frontline Success Platform

Restaurant success starts on the floor. Axial Shift is built for the frontline—empowering operators with real-time insights, gamification, and AI-driven forecasting to drive sales, engagement, and accountability.

We simplify operations, enhance team motivation, and help restaurants maximize revenue through role-based dashboards, dynamic contests, and actionable data. 

Unlike legacy operational (scheduling, labor, etc) tools, Axial's apps keep managers focused on what matters most: delivering great hospitality and driving performance, not getting ","Axial Shift is a restaurant operations and performance platform focusing teams on what matters, where it matters. It offers role-based dashboards, competitions/KPI tracking, dynamic messaging, and visual scheduling. The platform integrates with POS systems and provides various apps for reporting, time/attendance, and AI-based forecasting. Axial Shift aims to simplify operations and empower frontline teams to drive sales and control labor costs.",2026-09-14
SQ047830,20791,52,Evertune AI,evertune.ai,https://evertune.ai,https://www.linkedin.com/company/evertune-ai,evertune-ai,United States,"New York City, NY",33.0,11-50 employees,Privately Held,B2B,0-500K,$10M - $25M,"Technology, Information and Internet","Advertising, Marketing and Multimedia Design,AI and ML Platforms","AI Analytics, Brand Monitoring",2024.0,3124.0,Business Type contains B2B,"explicit SaaS / cloud / enterprise-software / platform language; SubIndustry is software/platform (Advertising, Marketing and Multimedia Design,AI an)",affordability_exception,revenue 0-500K contradicted by funding $10M - $25M,"The shift is already here: millions of people are getting brand recommendations from ChatGPT, Claude, and Gemini instead of search engines. The question isn't whether this matters — it's whether you're winning those conversations or losing them.

Evertune is the marketing platform that delivers complete AI search visibility, showing you exactly where your brand stands when people discover you through AI — and how to show up stronger. We're not just another analytics dashboard. We're your strategic partner for Generative Engine Optimization (GEO) and AI SEO in the economy that's reshaping every","Evertune AI is a brand analytics platform helping brands understand and optimize their brand presence within AI models. It monitors AI recommendations, analyzes driving factors, and provides actionable insights for content and communication strategies. The platform benchmarks brand performance against competitors across various AI models like OpenAI, Gemini, and Meta. Evertune's AI Brand Index tracks brand performance over time, identifies key product features influencing AI recommendations, analyzes sentiment, and offers content roadmaps to educate AI models and improve brand visibility and p",2026-09-14
SQ069041,20804,52,Barndoor AI,barndoor.ai,https://barndoor.ai,https://www.linkedin.com/company/barndoor-ai,barndoor-ai,United States,"New York, NY",33.0,11-50 employees,Privately Held,B2B,0-500K,$10M - $25M,Software Development,AI and ML Platforms,"AI, Stealth Mode, Early Stage",2024.0,692.0,Business Type contains B2B,SubIndustry is software/platform (AI and ML Platforms),affordability_exception,revenue 0-500K contradicted by funding $10M - $25M,"As more AI agents take on work across your company, it’s not just harder to see which agents are doing what — it’s riskier. 

Barndoor brings visibility and control into one place, giving enterprise teams the granular access, policy enforcement, and oversight they need to scale AI safely. Now you can use AI with confidence across every team, tool, and action.

Stop chasing AI usage. Start controlling it.","Barndoor AI Inc. appears to be an early-stage company, possibly still in development, focused on artificial intelligence solutions. The 'coming soon' message and lack of further information suggest a pre-launch phase.",2026-09-14
SQ074155,20809,52,ShiftUp,shiftupai.com,https://shiftupai.com,https://www.linkedin.com/company/shiftupai,shiftupai,United States,"Phoenix, Arizona",23.0,11-50 employees,Privately Held,,,$1M - $5M,Software Development,,,2025.0,948.0,description addresses businesses/teams/organisations,platform language in a software-native industry,affordability_exception,revenue (missing) retained on funding $1M - $5M,"ShiftUp is revolutionizing enterprise sales through autonomous AI intelligence that transforms how revenue teams operate. Turn it on today. See opportunities tomorrow. No building, no training, no RevOps or IT overhead. Founded by proven entrepreneurs with decades of go-to-market expertise, ShiftUp combines advanced AI capabilities with enterprise-grade reliability to help organizations optimize workflows, accelerate pipeline generation, and drive measurable revenue growth. Built natively for Salesforce, ShiftUp serves enterprise clients across telecommunications, technology, healthcare, and m",,2026-09-14
SQ083447,20815,52,Chief,getchief.com,https://getchief.com,https://www.linkedin.com/company/scalewithchief,scalewithchief,United States,"Lehi, Utah",22.0,11-50 employees,Privately Held,,,$1M - $5M,Software Development,,,2024.0,440.0,description addresses businesses/teams/organisations,explicit SaaS / cloud / enterprise-software / platform language,affordability_exception,revenue (missing) retained on funding $1M - $5M,"Chief is a predictive revenue intelligence platform that uses AI and machine learning to help sales organizations forecast outcomes and identify pipeline risk. While traditional revenue intelligence tools focus on recording historical data, Chief monitors real-time deal behavior to provide a system of action for CROs, RevOps, and Sales Leaders.

The platform integrates directly with CRMs like Salesforce and HubSpot, along with over 200 GTM tools, to analyze activity patterns, stage velocity, and stakeholder engagement. Chief identifies specific behavioral deviations like deal inactivity, stall",,2026-09-14
SQ088526,20819,52,August,august.law,https://august.law,https://www.linkedin.com/company/augustlegal,augustlegal,United States,"New York, NY",20.0,11-50 employees,Privately Held,,,$5M - $10M,Software Development,,,2024.0,3353.0,description addresses businesses/teams/organisations,explicit SaaS / cloud / enterprise-software / platform language,affordability_exception,revenue (missing) retained on funding $5M - $10M,"Our purpose is to bring this best-in-class legal AI tool for mid-sized law firms. 

We're building Legal AI tailored to level the playing field for mid-sized firms, specifically configured to their type of work. Our platform is customized to each firms unique precedents and facts, matching internal style, while offering supporting with onboarding and adoption. 

We're serving clients across four continents and backed by NEA, Pear VC, Stanford Law School and other incredible partners. To learn more, connect with us and reach out to team@august.law",,2026-09-14
SQ142771,20866,52,Letta,letta.com,https://letta.com,https://www.linkedin.com/company/letta-ai,letta-ai,United States,"San Francisco, CA",21.0,11-50 employees,Privately Held,B2B,0-500K,$10M - $25M,Research Services,"AI and ML Platforms,Developer Tools and Platforms","B2B, AI Agents, Open Source",2024.0,4892.0,Business Type contains B2B; Pattern Tags contain B2B,"SubIndustry is software/platform (AI and ML Platforms,Developer Tools and Platforms)",affordability_exception,revenue 0-500K contradicted by funding $10M - $25M,"Today's AI agents struggle with fragmented context and limited memory. Just as computers needed operating systems to manage resources, your agents need intelligent context management to unlock their full potential.

Letta is a complete operating system for building stateful agents AI agents. Letta handles state persistence, context compilation, and intelligent resource allocation, so you can focus on building applications powered by agents that actually learn.

Letta was founded by the creators of MemGPT, which introduced memory (or context) management for AI agents. The company was spun out o","Letta is a platform focused on building stateful AI agents with memory. They address the problem of limited context windows in large language models by providing tools and infrastructure for creating agents that can reason, plan, learn, and remember over time. Letta offers an open-source agents framework, a visual Agent Development Environment (ADE) for iterating on prompts and configurations, and Letta Cloud for deploying and managing agents at scale. What sets them apart is their focus on building agents with persistent memory (powered by MemGPT) that can learn from experience, as opposed to",2026-09-14
SQ004707,20911,51,MorelandConnect,morelandpartners.net,https://morelandpartners.net,https://www.linkedin.com/company/morelandconnect,morelandconnect,United States,"Twinsburg, Ohio",24.0,11-50 employees,Privately Held,B2B,500K-1M,Funding unknown,Software Development,"Enterprise Software Solutions,IT Services and Cybersecurity","B2B, Custom Solutions, Software Development",2002.0,857.0,Business Type contains B2B; Pattern Tags contain B2B,"explicit SaaS / cloud / enterprise-software / platform language; SubIndustry is software/platform (Enterprise Software Solutions,IT Services and Cybe)",affordability_exception,"revenue 500K-1M retained on operating scale (headcount 24, strong B2B SaaS signals)","At MorelandConnect, we architect and build cloud solutions that connect businesses to customers and people to information.

Moreland is based in Cleveland and our management team has been creating custom software solutions for over 20 years.  Our team understands business and appreciates what technology can do to help organizations become more effective.

We have worked with organizations from most major industries, including healthcare, retail, manufacturing, distribution, private equity, and insurance.  We value the deep business knowledge of our clients and understand how to apply techn","MorelandConnect is a software development company providing premier software development services from their headquarters in Cleveland, OH. They specialize in custom software projects and bridge the gap between business and technology. Their services include AI and Machine Learning Development, Custom Software Development, Mobile Application Development, Device Automation and Hardware Integration, SAAS Development, UX/UI Development, Hosting and Managed Services and Staff Augmentation. MorelandConnect serves various industries including healthcare, financial services, retail, manufacturing, tr",2026-09-14
SQ017404,20958,51,GrandCare Systems,grandcare.com,https://grandcare.com,https://www.linkedin.com/company/grandcaresystems,grandcaresystems,United States,"West Bend, WI",29.0,11-50 employees,Privately Held,B2B,500K-1M,Funding unknown,"Health, Wellness and Fitness","Healthcare Software,IoT and Embedded Systems Software","B2B, SaaS, assistive technology",2005.0,1034.0,Business Type contains B2B; Pattern Tags contain B2B,"Pattern Tags contain SaaS; explicit SaaS / cloud / enterprise-software / platform language; SubIndustry is software/platform (Healthcare Software,IoT and Embedded Systems Softw)",affordability_exception,"revenue 500K-1M retained on operating scale (headcount 29, strong B2B SaaS signals)","GrandCare Systems is a software company that creates a platform that helps people with disabilities live more independently, and support agencies serve more people without more staff.","GrandCare Systems is a software company providing a remote monitoring and remote support platform. It helps people with disabilities live more independently and supports agencies to serve more people without increased staff. The core of their solution is a dedicated touchscreen appliance, enhanced by wireless sensors and optional telehealth devices. GrandCare serves disability support organizations, in-home care providers, and senior living communities.",2026-09-14
SQ007714,21421,50,InfinitForm,infinitform.com,https://infinitform.com,https://www.linkedin.com/company/infinitform,infinitform,United States,"Los Angeles, CA",14.0,11-50 employees,Privately Held,B2B,0-500K,$10M - $25M,Software Development,"AI and ML Platforms,Manufacturing Software","Gen-AI, CAD, Manufacturing Focus",2023.0,1798.0,Business Type contains B2B,"explicit SaaS / cloud / enterprise-software / platform language; SubIndustry is software/platform (AI and ML Platforms,Manufacturing Software)",affordability_exception,revenue 0-500K contradicted by funding $10M - $25M,"Rapid Gen-AI Design for Performance, Cost and Manufacturability.

InfinitForm builds the next generation of innovative engineering software that shapes a more sustainable future.

Our Vision:
To create a future where engineers are empowered to achieve their highest creative potential by removing bottlenecks in product design.

Our Mission:
To equip engineers with advanced smart technologies that redefine products and set new benchmarks for speed, efficiency, and performance.","InfinitForm is revolutionizing generative-AI design with prismatic optimization. The company specializes in transformative software that streamlines the design-to-manufacturing process, integrating seamlessly with various manufacturing methods to optimize cost, speed, efficiency, and performance. The platform empowers design, mechanical, and industrial engineers across multiple manufacturing domains, including CNC machining, casting, mold design, extrusion, and additive manufacturing processes.",2026-09-14
SQ026398,21822,50,GovSignals,govsignals.ai,https://govsignals.ai,https://www.linkedin.com/company/govsignals,govsignals,United States,Washington DC,16.0,11-50 employees,Privately Held,B2B,0-500K,$10M - $25M,Software Development,"Government and Public Sector Software,AI and ML Platforms","B2B, GovTech, AI platform",2023.0,6192.0,Business Type contains B2B; Pattern Tags contain B2B,"explicit SaaS / cloud / enterprise-software / platform language; SubIndustry is software/platform (Government and Public Sector Software,AI and ML Pl)",affordability_exception,revenue 0-500K contradicted by funding $10M - $25M,"GovSignals is the #1 Acquisition AI platform for government contracting, and the only AI proposal platform operating in a FedRAMP High authorized environment. Built with enterprise-grade security, our end-to-end software accelerates pre-RFP intelligence, capture, proposal development, and AI knowledge management. We empower contractors to scale pipeline and win more contracts with speed and precision.

From AEC to Defense, technology to professional services, GovSignals enables contractors of every size—from emerging small businesses to Fortune 500 leaders—to pursue and secure more opportuniti","GovSignals provides an AI-powered platform designed to enhance and accelerate the entire government contracting lifecycle. They offer tools for pre-RFP intelligence, capture, proposal development, and AI knowledge management, enabling government contractors to identify opportunities, craft winning proposals, and optimize their workflows. GovSignals differentiates itself through its AI-driven insights and comprehensive approach, aiming to disrupt the government contracting industry by helping businesses secure government contracts more efficiently.",2026-09-14
SQ030858,21895,50,TERN,tern.ai,https://tern.ai,https://www.linkedin.com/company/tern-ai,tern-ai,United States,"Austin, Texas",13.0,11-50 employees,Privately Held,B2B,0-500K,$10M - $25M,"Technology, Information and Internet","AI and ML Platforms,Automotive and Rental Retail","AI Navigation, Sensor Fusion, GPS Alternative",2022.0,1193.0,Business Type contains B2B,"SubIndustry is software/platform (AI and ML Platforms,Automotive and Rental Retail)",affordability_exception,revenue 0-500K contradicted by funding $10M - $25M,"TERN’s patented and award-winning Independently-Derived Positioning System  (IDPS) software applies proprietary artificial intelligence to constantly evolving map and sensor data, integrating seamlessly to power vehicle positioning without satellites, creating the safest, most reliable navigation experience yet. Built by an team of professional navigators and AI innovators, TERN is creating the future of positioning.","Tern AI is a software company developing IDPS (Independently Derived Positioning System), an AI-based alternative to GPS navigation. IDPS leverages data from vehicle sensors, maps, and AI to provide positioning and navigation without relying on satellite signals. Tern AI aims to provide safer and more reliable navigation for automotive, commercial fleets, and government applications. Their solution works in areas with poor or no GPS signal, enhances safety-critical systems, and integrates easily with existing hardware and software.",2026-09-14
SQ032398,21935,50,Cuspera,quadzillahub.com,https://quadzillahub.com,https://www.linkedin.com/company/cuspera,cuspera,United States,"Santa Clara, California",12.0,11-50 employees,Privately Held,,,$1M - $5M,Software Development,,,2017.0,340.0,description addresses businesses/teams/organisations,platform language in a software-native industry,affordability_exception,revenue (missing) retained on funding $1M - $5M,"At Cuspera, we are on a mission to enable software buyers and vendors to find their ideal match. 

Buying team journeys are complex and Time-consuming today. Cuspera is an AI platform to simplify and accelerate buying team journeys.

Cuspera transparently embeds in any channel to engage buyers in a personalized way, elicit their needs, and then help them make rapid technology decisions. Cuspera assists the buying team to collaborate and speed up the decision-making.

Cuspera helps businesses find matching software for their business needs based on expert and peer feedback and their business co",,2026-09-14
SQ056346,22326,50,Rifa AI,rifa.ai,https://rifa.ai,https://www.linkedin.com/company/rifa-ai,rifa-ai,United States,"San Francisco, California",17.0,11-50 employees,Privately Held,B2B,0-500K,$1M - $5M,Software Development,"Enterprise Software Solutions,AI and ML Platforms","B2B, AI Automation, Voice AI",2023.0,1614.0,Business Type contains B2B; Pattern Tags contain B2B,"explicit SaaS / cloud / enterprise-software / platform language; SubIndustry is software/platform (Enterprise Software Solutions,AI and ML Platforms)",affordability_exception,revenue 0-500K contradicted by funding $1M - $5M,"We're redefining efficiency with AI-driven automation. 

Our AI Agents learns, adapt, and executes tasks across your internal tools flawlessly, automating your operational tasks and back office workflows effortlessly.","Rifa AI is a company that specializes in AI-driven automation, offering AI agents that learn, adapt, and execute tasks across internal tools. They focus on automating operational tasks and back-office workflows, particularly using Voice AI to automate calls and other customer interactions. Rifa AI targets businesses looking to eliminate repetitive tasks, reduce operational costs, and improve efficiency without needing developer bandwidth or complex API integrations. They offer tailored solutions for various industries, including debt collections, healthcare, and insurance.",2026-09-14
SQ064961,22500,50,Niva,niva.co,https://niva.co,https://www.linkedin.com/company/withniva,withniva,United States,"New York, NY",17.0,11-50 employees,Privately Held,B2B,0-500K,$5M - $10M,Software Development,"Financial Services Software,Security and Identity Software","B2B, AI, Compliance",2023.0,1188.0,Business Type contains B2B; Pattern Tags contain B2B,"explicit SaaS / cloud / enterprise-software / platform language; SubIndustry is software/platform (Financial Services Software,Security and Identity )",affordability_exception,revenue 0-500K contradicted by funding $5M - $10M,"At Niva, we leverage modern AI to build a universal identity layer that enables trust between businesses globally. With instant, reliable, and borderless business verification, we aim to create unprecedented opportunities for businesses worldwide, unlocking the next level of economic growth and innovation.


We're based in New York, NY and backed by Kaszek, Gradient (Google's AI fund), Picus Capital, Canary and Gilgamesh.","Niva is a global business identity platform that leverages AI to automate and streamline the Know Your Business (KYB) process. Their platform facilitates instant, reliable, and borderless business verification, enabling trust between businesses worldwide. Niva's AI-driven solutions offer faster, safer, and more efficient business onboarding, reducing fraud and improving compliance.",2026-09-14
SQ074806,22644,50,Pulse,runpulse.com,https://runpulse.com,https://www.linkedin.com/company/pulse-ai-corp,pulse-ai-corp,United States,san francisco,33.0,11-50 employees,Privately Held,B2B,0-500K,$1M - $5M,Software Development,"AI and ML Platforms,Legal Services and Regulatory Compliance","AI, Document Processing, B2B",,8646.0,Business Type contains B2B; Pattern Tags contain B2B,"explicit SaaS / cloud / enterprise-software / platform language; SubIndustry is software/platform (AI and ML Platforms,Legal Services and Regulatory )",affordability_exception,revenue 0-500K contradicted by funding $1M - $5M,"Pulse is a production-grade platform for unstructured document extraction, built for accuracy at scale.

Pulse parses and extracts data from complex enterprise documents including PDFs, spreadsheets, presentations, images, and more. The platform is designed for high-quality document understanding rather than traditional OCR, using in-house systems for layout, reading order, tables, charts, handwriting, and complex document structures.

At this scale, Pulse is running inside some of the most demanding production environments in the world, including Fortune 50 technology organizations, top globa","Pulse provides an AI-powered document processing engine, enabling businesses to extract data from unstructured documents. Their technology accurately parses various document formats, including charts, graphs, tables, and text, converting them into LLM-ready text. They offer a hosted API for quick integration, customizable schemas, and data pipeline configurability. Pulse focuses on security and compliance, offering zero data retention agreements and meeting industry standards like SOC 2 and HIPAA.",2026-09-14
SQ075717,22654,50,Qumis,qumis.ai,https://qumis.ai,https://www.linkedin.com/company/qumis,qumis,United States,"Chicago, Illinois",14.0,11-50 employees,Privately Held,B2B,0-500K,$1M - $5M,Software Development,"Insurance and InsurTech,AI and ML Platforms","B2B, AI, Insurance",2022.0,1280.0,Business Type contains B2B; Pattern Tags contain B2B,"SubIndustry is software/platform (Insurance and InsurTech,AI and ML Platforms)",affordability_exception,revenue 0-500K contradicted by funding $1M - $5M,"Qumis is generative AI built for the hardest part of insurance: understanding the policy.

Built by attorneys. Made for scale. Used by the people who make insurance work.","Qumis is an assistive AI platform designed to quickly analyze insurance policies and extract relevant information for claims, brokering, and compliance. Developed by insurance attorneys, Qumis delivers law firm-grade analysis and enables real-time discussions with policies and institutional knowledge. Qumis transforms hours of work into minutes with enhanced precision, offering solutions for risk professionals, attorneys, brokers, and claim teams.",2026-09-14
SQ087842,22753,50,Bonsai Health,bonsaihealth.com,https://bonsaihealth.com,https://www.linkedin.com/company/bonsaihealth,bonsaihealth,United States,"Santa Monica, California",26.0,11-50 employees,Privately Held,,,$5M - $10M,Software Development,,,,1359.0,description addresses businesses/teams/organisations,explicit SaaS / cloud / enterprise-software / platform language,affordability_exception,revenue (missing) retained on funding $5M - $10M,"Bonsai Health is the agentic AI platform transforming how healthcare practices operate.

Patients often miss timely care—not from neglect, but because front office teams lack access to the critical data they need, and the time to act on it. As a result, staff can’t consistently identify who requires follow-up or keep schedules full. Bonsai changes that.

By automating complex front-office workflows, Bonsai ensures no patient is overlooked, no staff is overburdened, and no opportunity for care is missed.

Our platform works quietly in the background to:

1. Identify missed opportunities like ov",,2026-09-14
SQ122931,23288,50,Promise Bio,promise.bio,https://promise.bio,https://www.linkedin.com/company/promise-bio,promise-bio,United States,"New York, NY",13.0,11-50 employees,Privately Held,B2B,0-500K,$5M - $10M,Biotechnology Research,"Biotechnology and Pharmaceuticals,Healthcare Software","AI-powered, Epiproteomics, Precision Medicine",2023.0,1179.0,Business Type contains B2B,"explicit SaaS / cloud / enterprise-software / platform language; SubIndustry is software/platform (Biotechnology and Pharmaceuticals,Healthcare Softw)",affordability_exception,revenue 0-500K contradicted by funding $5M - $10M,"Promise Bio is using broad epiproteomics and AI to advance precision medicine for chronic diseases. Our platform provides comprehensive post-translational modification (PTM) profiling enhanced with clinical and functional context, delivering insights for precise, data-driven decisions. We partner with leading research organizations and pharmaceutical companies to discover novel biomarkers, treatment selection tools, and drug targets.","PromiseBio is a precision medicine company specializing in autoimmune diseases. They offer an AI-driven, cloud-based platform for epiproteomic analysis, providing insights into disease mechanisms through the study of protein post-translational modifications. Their approach is unbiased and their AI insights are biologically relevant, leveraging existing data to enhance drug development and enable precision medicine.",2026-09-14
SQ124872,23324,50,Matrices,matrices.ai,https://matrices.ai,https://www.linkedin.com/company/matricesapp,matricesapp,United States,"San Francisco, California",17.0,11-50 employees,Privately Held,B2B,0-500K,$5M - $10M,"Technology, Information and Internet",Data and Analytics Software,"B2B, AI, Data Analysis",2023.0,2413.0,Business Type contains B2B; Pattern Tags contain B2B,explicit SaaS / cloud / enterprise-software / platform language; SubIndustry is software/platform (Data and Analytics Software),affordability_exception,revenue 0-500K contradicted by funding $5M - $10M,"Building training environments for frontier AI labs to train agents that use computers like us.

https://matrices.ai/blog/how-to-free-humans-from-work","Matrices is developing an AI-powered spreadsheet platform that automates data gathering and analysis. It uses AI agents to research and populate spreadsheets with data from multiple sources, providing confidence scores and transparent research processes. The platform connects to both public and proprietary data and can be customized using natural language. Matrices targets professionals who need to perform data-intensive tasks.",2026-09-14
SQ126580,23361,50,Grw AI,grw.ai,https://grw.ai,https://www.linkedin.com/company/grwai,grwai,United States,San Francisco,16.0,11-50 employees,Privately Held,B2B,0-500K,$1M - $5M,"Technology, Information and Internet","Enterprise Software Solutions,AI and ML Platforms","B2B, AI Coaching, Sales Enablement",2023.0,1118.0,Business Type contains B2B; Pattern Tags contain B2B,"explicit SaaS / cloud / enterprise-software / platform language; SubIndustry is software/platform (Enterprise Software Solutions,AI and ML Platforms)",affordability_exception,revenue 0-500K contradicted by funding $1M - $5M,"At Grw, we have built the Autonomous AI Sales Leader - an extraordinarily capable sales leader who ramps up in under a week, never sleeps, never forgets, and can manage and develop unlimited people simultaneously.

One unified intelligence that supports your organization—from rep guidance, to deal coaching, to role-play practice, to strategic planning—while working cross-functionally and without the bandwidth constraints of humans.

Our AI Leaders increase quota attainment by 30%, increase win rates by 28% and cut ramp times in half without adding to the workload of stretched humans.","Grw AI provides an AI-powered coaching platform designed to scale consistent, high-quality sales coaching across sales teams. Unlike traditional approaches, Grw AI's coaching agents work directly with sales representatives within their workflow, offering personalized deal coaching, on-demand support, and voice-to-voice role-playing. This helps embed best practices and improve rep behaviors. Grw AI also leverages digitized expertise from sales experts to enhance company performance, increase quota attainment, reduce ramp times, and support sales leaders.",2026-09-14
SQ131039,23449,50,Wellinks,wellinks.com,https://wellinks.com,https://www.linkedin.com/company/wellinkshealth,wellinkshealth,United States,"New Haven, Connecticut",30.0,11-50 employees,Privately Held,"B2B,B2C",0-500K,$1M - $5M,Hospitals and Health Care,"Healthcare Software,Digital Health and Telemedicine","Remote Monitoring, COPD, Digital Health",,4175.0,Business Type contains B2B,"SubIndustry is software/platform (Healthcare Software,Digital Health and Telemedicin)",affordability_exception,revenue 0-500K contradicted by funding $1M - $5M,"Wellinks is the COPD disease management company providing individuals with the personalized care and support necessary for successful self-management. We prioritize the unique needs of each member to establish a clear path to better health.

Our programs extend the reach of existing care resources, and fill gaps where they are absent. Respiratory specialists and our health coaches work one-on-one and across a community of members to personalize the experience and unlock the power of the individual in their journey to better health.

Our care pathways are supported by a suite of innovative and ","Wellinks is a digital health company focused on transforming respiratory care, particularly for COPD patients. Their flagship product, Wing, is an FDA-cleared smartphone sensor for measuring lung function. Wellinks offers virtual pulmonary rehabilitation, personalized care plans, and 24/7 support, aiming to improve patient outcomes and reduce healthcare costs associated with COPD. They distinguish themselves through predictive patient insights and a comprehensive, value-based care model.",2026-09-14
SQ026248,25032,48,Gyrus Systems,gyrus.com,https://gyrus.com,https://www.linkedin.com/company/gyrus-systems,gyrus-systems,United States,"Richmond, VA",42.0,11-50 employees,Privately Held,B2B,500K-1M,Funding unknown,E-Learning Providers,"Corporate Training and Learning and Development,Enterprise Software Solutions","LMS, Compliance, B2B",1987.0,5568.0,Business Type contains B2B; Pattern Tags contain B2B,"explicit SaaS / cloud / enterprise-software / platform language; SubIndustry is software/platform (Corporate Training and Learning and Development,En)",affordability_exception,"revenue 500K-1M retained on operating scale (headcount 42, strong B2B SaaS signals)","Founded in 1987, Gyrus is a robust, modern, and future-ready Learning Management System.

600+ companies across 25+ countries trust Gyrus LMS to train their millions of users. Gyrus enjoys a 98% customer retention rate. 

Our solutions are purpose-built for vital industries where training is essential. We help these important organizations take control of their desired training strategies and retain institutional knowledge while providing efficient course delivery, tracking of learning progress, advanced reporting tools, and analytics.

Some of our customers include:
Government: US Air Force |","Gyrus Systems provides the GyrusAim Learning Management System (LMS). GyrusAim is a robust, modern platform designed for organizations where training is essential. Their solutions help companies take control of their training strategies, retain institutional knowledge, and efficiently deliver courses. They offer a single, complete product for all training needs, catering to a multigenerational workforce with flexible learning options.",2026-09-14
SQ030640,25110,48,TJM Labs,tjmlabs.com,https://tjmlabs.com,https://www.linkedin.com/company/tjm-labs,tjm-labs,United States,"Wilmington, Delaware",38.0,11-50 employees,Privately Held,B2B,,Funding unknown,"Technology, Information and Internet","Healthcare Software,AI and ML Platforms","B2B, SaaS, AI Automation",,1165.0,Business Type contains B2B; Pattern Tags contain B2B,"Pattern Tags contain SaaS; explicit SaaS / cloud / enterprise-software / platform language; SubIndustry is software/platform (Healthcare Software,AI and ML Platforms)",affordability_exception,"revenue (missing) retained on operating scale (headcount 38, strong B2B SaaS signals)","TJM Labs helps pharmacies eliminate manual, repetitive work with AI-driven automation. Our solutions handle prescription intake, fax processing, demographic updates, and reporting seamlessly within existing pharmacy systems. The result is higher accuracy, faster throughput, and pharmacy staff freed to focus on patients.

What sets us apart is our Dual-Expert Model. Every implementation pairs a pharmacist and an engineer to ensure clinical accuracy and technical precision. This hands-on approach guarantees workflows are tailored, compliant, and resilient instead of relying on one-size-fits-all ","TJM Labs offers innovative, AI-driven solutions tailored to streamline healthcare operations and enhance patient care. They specialize in modernizing legacy healthcare processes, enhancing patient outreach and communication, and optimizing operational and administrative tasks for pharmacies. Their services include prescription intake automation, AI-driven prescription processing, ROI reporting, inventory management, customer service agents, and custom solutions. TJM Labs helps pharmacies reduce manual tasks, improve efficiency, and focus on patient care, with solutions trusted by pharmacies ac",2026-09-14
SQ031786,25129,48,SemanticGuard,semanticguard.com,https://semanticguard.com,https://www.linkedin.com/company/semanticguard,semanticguard,United States,"Huntsville, Alabama",31.0,11-50 employees,Privately Held,,,,Computer and Network Security,,,2021.0,673.0,description addresses businesses/teams/organisations,explicit SaaS / cloud / enterprise-software / platform language,affordability_exception,"revenue (missing) retained on operating scale (headcount 31, strong B2B SaaS signals)","Software drives organizations, weapons platforms, and critical infrastructure. SemanticGuard has exceeded the US Government requirements for Software Assurance and Embedded Security through innovative application development processes that address the pillars within Zero Trust and embedded development.

Tomorrow’s threats will increasingly target applications and embedded components. Advanced security protocols to ensure cyber resiliency are a requirement now. SemanticGuard offers a unique security layer by incorporating Zero Trust at the application level.

Our flexible GUARDx solution suppor",,2026-09-14
SQ055123,25523,48,TermHub,terminologyhub.com,https://terminologyhub.com,https://www.linkedin.com/company/termhub,termhub,United States,"Oakland, California",31.0,11-50 employees,Privately Held,B2B,,Funding unknown,Software Development,Healthcare Software,"B2B, SaaS, Healthcare Interoperability",2021.0,289.0,Business Type contains B2B; Pattern Tags contain B2B,Pattern Tags contain SaaS; explicit SaaS / cloud / enterprise-software / platform language; SubIndustry is software/platform (Healthcare Software),affordability_exception,"revenue (missing) retained on operating scale (headcount 31, strong B2B SaaS signals)","TermHub is a next generation ""Terminology as a service"" for standard and local healthcare terminology coding systems.  Our mission is to ensure that every piece of clinical or research electronic health data in the world is accompanied by standard healthcare terminology codes that define the computable semantics of that data.","TermHub is a next-generation ""Terminology as a service""(TaaS) platform designed to streamline healthcare data interoperability. It provides a comprehensive suite of tools, including a terminology server, browser, and API, offering access to standardized healthcare terminologies such as SNOMED CT, RXNORM, ICD-10, and LOINC. TermHub aims to ensure that all clinical and research electronic health data is accompanied by standard terminology codes, facilitating data normalization, improved data analysis, and enhanced data accuracy. The platform caters to clinical informaticists, API users/digital h",2026-09-14
SQ063599,25727,48,Replica Cyber,replicacyber.com,https://replicacyber.com,https://www.linkedin.com/company/replica-cyber,replica-cyber,United States,"McLean, Virginia",22.0,11-50 employees,Privately Held,B2B,,Funding unknown,Software Development,"IT Services and Cybersecurity,Security and Identity Software","Secure Environments, Cybersecurity, SaaS",,1787.0,Business Type contains B2B,"Pattern Tags contain SaaS; explicit SaaS / cloud / enterprise-software / platform language; SubIndustry is software/platform (IT Services and Cybersecurity,Security and Identit)",affordability_exception,"revenue (missing) retained on operating scale (headcount 22, strong B2B SaaS signals)","Replica Cyber (formerly Grey Market Labs) provides the world's first Secure Environments-as-a-Service platform, enabling organizations to conduct high-stakes activities without sacrificing speed or security. Founded by former defense and intelligence experts, Replica Cyber is a certified B-Corporation with 18 patents protecting its technology. The platform eliminates traditional security trade-offs by providing instant, fully isolated environments that can be deployed without traditional IT overhead. The Replica platform is trusted by the top Fortune 100 and government agencies, while expandin","Replica Cyber delivers Secure Environments-as-a-Service, enabling organizations to conduct high-stakes activities without sacrificing speed or security. Founded by former defense and intelligence experts, the company is a certified B-Corporation with 18 patents protecting its technology. Their platform provides instant, fully isolated environments deployable without traditional IT overhead. Replica's platform is used by Fortune 100 companies and government agencies, while expanding support to businesses worldwide. Replica Cyber focuses on protecting online activity while creating value for sta",2026-09-14
SQ063875,25734,48,Quick Hub,quickhub.ai,https://quickhub.ai,https://www.linkedin.com/company/quickhubofficial,quickhubofficial,United States,"Palo Alto, California",31.0,11-50 employees,Privately Held,B2B,,Funding unknown,Software Development,"Enterprise Software Solutions,Advertising, Marketing and Multimedia Design","B2B, SaaS, Marketing Automation",2023.0,788.0,Business Type contains B2B; Pattern Tags contain B2B,"Pattern Tags contain SaaS; explicit SaaS / cloud / enterprise-software / platform language; SubIndustry is software/platform (Enterprise Software Solutions,Advertising, Marketi)",affordability_exception,"revenue (missing) retained on operating scale (headcount 31, strong B2B SaaS signals)","At Quick Hub, we empower businesses with marketing automation that works for you—not the other way around. We’re tailored to help agencies, growing online brands, and local businesses in the U.S. reach more customers, generate meaningful engagement, and grow revenue—all from one centralized platform.

What We Provide:

1) Multi-channel automation: Email, SMS, WhatsApp, ads, social media, and review management—delivered from a single dashboard.

2) Smart AI agents & insights: We guide strategy, execute campaigns, follow up with leads, and measure performance.

3) Seamless workflows: Easily rout","QuickHub is a growth platform that provides businesses with tools to streamline marketing, customer engagement, and reputation management across multiple locations. The platform includes Quick Reviews, Quick Social, Quick Chat, and Quick Campaign, utilizing AI and automation to efficiently manage customer interactions, social media, and marketing campaigns across digital channels. QuickHub focuses on enhancing local search presence, improving customer engagement, and protecting online reputation.",2026-09-14
SQ064683,25754,48,"OpenRouter, Inc",openrouter.ai,https://openrouter.ai,https://www.linkedin.com/company/openrouter,openrouter,United States,"New York, NY",35.0,11-50 employees,Privately Held,B2B,,$25M - $50M,Software Development,Developer Tools and Platforms,"LLM Aggregation, Unified API, Cost Optimization",2023.0,8162.0,Business Type contains B2B,explicit SaaS / cloud / enterprise-software / platform language; SubIndustry is software/platform (Developer Tools and Platforms); recurring/subscription/licence language,affordability_exception,revenue (missing) retained on funding $25M - $50M,"Discover and use the latest LLMs. 500+ models (incl. 50+ free), explorable data, private chat, & a unified API. 

Join our community on Discord - https://openrouter.ai/discord

Checkout the ""Live"" model rankings - https://openrouter.ai/rankings 

See the enterprise offering - https://openrouter.ai/enterprise","OpenRouter is a unified interface for accessing over 180 Large Language Models (LLMs) from various providers. It offers better prices, improved uptime, and a single API without subscription fees. The platform features a chat interface, model rankings, and documentation, catering to developers and businesses looking to integrate LLMs into their applications.",2026-09-14
SQ067546,25806,48,Figure,figure.dev,https://figure.dev,https://www.linkedin.com/company/figure-dev,figure-dev,United States,New York,23.0,11-50 employees,Privately Held,,,,Software Development,,,2015.0,326.0,description addresses businesses/teams/organisations,explicit SaaS / cloud / enterprise-software / platform language,affordability_exception,"revenue (missing) retained on operating scale (headcount 23, strong B2B SaaS signals)","Welcome to Figure - Empowering Businesses to Thrive 

In Figure, we are the technology partner of choice for small and medium-sized businesses. Our mission is to empower businesses to thrive by providing a comprehensive suite of integrated solutions that enhance customer experience, increase efficiency, and improve profitability. As a member of our team, you will play a crucial role in realizing this vision and making a significant impact on businesses across diverse industries. 

We hold ourselves to the highest standards and embrace our core values: trustworthy, caring, pioneering, intuitive",,2026-09-14
SQ074048,25891,48,SigmaMind AI (YC S22),sigmamind.ai,https://sigmamind.ai,https://www.linkedin.com/company/sigmamind-ai,sigmamind-ai,United States,San Fransisco,20.0,11-50 employees,Privately Held,,,Funding unknown,Software Development,,,2023.0,16608.0,description addresses businesses/teams/organisations,explicit SaaS / cloud / enterprise-software / platform language,affordability_exception,"revenue (missing) retained on operating scale (headcount 20, strong B2B SaaS signals)","SigmaMind AI is a Conversational AI platform that enables businesses to build, deploy, and manage intelligent agents across chat, email, and voice — without writing code.

Our no-code agent builder is designed for speed and scale. Whether you're automating customer support, processing refunds, routing service calls, or qualifying leads, SigmaMind AI agents do more than respond — they resolve.

What sets us apart is our execution-first approach to AI. Agents built on SigmaMind integrate directly with your existing tools and APIs, allowing them to take action, not just hold a conversation. And w",,2026-09-14
SQ078134,25947,48,Neurotone AI,neurotone.com,https://neurotone.com,https://www.linkedin.com/company/neurotoneai,neurotoneai,United States,"Gainesville, FL",36.0,11-50 employees,Privately Held,B2B,500K-1M,Funding unknown,Software Development,"Healthcare Software,Digital Health and Telemedicine","B2B, Healthcare, Auditory Training",2004.0,1005.0,Business Type contains B2B; Pattern Tags contain B2B,"explicit SaaS / cloud / enterprise-software / platform language; SubIndustry is software/platform (Healthcare Software,Digital Health and Telemedicin)",affordability_exception,"revenue 500K-1M retained on operating scale (headcount 36, strong B2B SaaS signals)","Neurotone AI develops science-backed tools that support complete hearing care through aural rehabilitation and tinnitus treatment. Lace AI Pro (formerly LACE) trains the brain to make sense of sound, and Tinnitus Pro provides comprehensive support for tinnitus relief.

Lace AI Pro is the world’s leading auditory training platform, backed by 20+ years of research and clinically proven to improve speech comprehension and hearing aid adaptation. Designed to train the brain to process sound more effectively, Lace empowers patients to take an active role in their hearing health while helping clinic","Neurotone, Inc., is the maker of Listening And Communication Enhancement (LACE) AI Pro, an auditory training program designed to improve listening comprehension. It offers tools and resources to hearing clinics and audiologists to improve patient outcomes, reduce hearing aid returns, and grow their practices. LACE AI Pro differentiates itself through clinically validated science, AI-driven personalized training, and a focus on empowering patients to actively participate in their hearing care. Neurotone recently acquired Amptify to expand its capabilities.",2026-09-14
SQ078455,25949,48,MLeads CRM,myleadssite.com,https://myleadssite.com,https://www.linkedin.com/company/mleads,mleads,United States,"Lansdale, Pennsylvania",31.0,11-50 employees,Privately Held,,,Funding unknown,Software Development,,,2013.0,745.0,description addresses businesses/teams/organisations,explicit SaaS / cloud / enterprise-software / platform language; recurring/subscription/licence language,affordability_exception,"revenue (missing) retained on operating scale (headcount 31, strong B2B SaaS signals)","As you know, Turning leads into sales is complicated, leads are difficult to capture and organize, follow-ups are difficult and sales cycles are long, events are difficult to manage, dependency on support staff is frustrating and so on...  These were the drivers behind the need for an innovation for our company's Founder and CEO Mr. Manish Gorawala to develop an easy to use and powerful platform MLeads.

MLeads solves all the problems mentioned above as an innovative Software-as-a-Service mobile platform offering a simple one-stop solution for business owners, sales and marketing managers, e",,2026-09-14
SQ082752,26004,48,Great Expectations,greatexpectations.io,https://greatexpectations.io,https://www.linkedin.com/company/greatexpectations-data,greatexpectations-data,United States,Remote,44.0,11-50 employees,Privately Held,,,,Software Development,,,2017.0,5007.0,description addresses businesses/teams/organisations,explicit SaaS / cloud / enterprise-software / platform language,affordability_exception,"revenue (missing) retained on operating scale (headcount 44, strong B2B SaaS signals)","We're helping data teams have confidence in their data, no matter what. 

GX Cloud is our end-to-end platform for managing your data quality process. It delivers the intuitive experience of a fully managed SaaS solution while harnessing the power of the world's most popular data quality framework. With GX Cloud, data teams can work quickly, collaborate effectively, and always know what to expect from their data. 

GX Core is our open source Python offering, and the world's most popular data quality framework. It's a powerful, flexible data quality solution that empowers data teams to communica",,2026-09-14
SQ101877,26138,48,Rex K-12,rexk12.com,https://rexk12.com,https://www.linkedin.com/company/rexk-12,rexk-12,United States,"Milwaukee, Wisconsin",20.0,11-50 employees,Privately Held,B2B,500K-1M,Under $1M,E-Learning Providers,"Enterprise Software Solutions,E-Learning Platforms and EdTech","B2B, EdTech, Curriculum Provider",2021.0,2300.0,Business Type contains B2B; Pattern Tags contain B2B,"explicit SaaS / cloud / enterprise-software / platform language; SubIndustry is software/platform (Enterprise Software Solutions,E-Learning Platforms)",affordability_exception,"revenue 500K-1M retained on operating scale (headcount 20, strong B2B SaaS signals)","Rex Academy is the K-12 turnkey computer science solution providing schools and districts everything they need to offer computer science education to all students everywhere — now including flexible self-paced classes that allow students to learn anytime, anywhere.","Rex K-12 is a B2B company that provides computer science, AI, and cybersecurity education to K-12 schools and districts. Rex K-12 provides a comprehensive platform that includes curriculum, teacher training, and support. What sets Rex K-12 apart is providing a turnkey solution that is easy to implement and use, even for schools without computer science teachers.",2026-09-14
SQ101975,26143,48,Prosper Wiz,prosperwiz.com,https://prosperwiz.com,https://www.linkedin.com/company/prosperwiz,prosperwiz,United States,"Los Angeles, California",31.0,11-50 employees,Privately Held,B2B,,Funding unknown,"Technology, Information and Internet",IT Services and Cybersecurity,"B2B, SaaS, Digital Transformation",2019.0,3147.0,Business Type contains B2B; Pattern Tags contain B2B,Pattern Tags contain SaaS; explicit SaaS / cloud / enterprise-software / platform language,affordability_exception,"revenue (missing) retained on operating scale (headcount 31, strong B2B SaaS signals)","At Prosper Wiz, we are dedicated to shaping the digital future of businesses. We believe in the power of innovative web solutions and advanced SaaS platforms to not just meet, but exceed, the evolving demands of today’s market. Our approach is grounded in understanding the unique essence of each business we partner with, enabling us to craft solutions that resonate with their specific goals.

Every business journey and the digital landscapes they navigate are different. That’s why we focus on creating tailored solutions that align with your vision, driving meaningful outcomes that go beyond th","Prosper Wiz is a technology company focused on shaping the digital future of businesses. They specialize in crafting innovative web solutions and advanced SaaS platforms tailored to meet the unique needs of their clients. They offer services such as custom web development, advanced SaaS solutions, digital transformation strategy, and e-commerce solutions. Prosper Wiz differentiates itself by emphasizing tailored solutions, blending creativity and technology, and aiming to be a trusted partner in their clients' digital journey.",2026-09-14
SQ106738,26249,48,JourneyLabs Inc.,journeylabs.io,https://journeylabs.io,https://www.linkedin.com/company/journeylabs-inc,journeylabs-inc,United States,"Lake Mary, Florida",31.0,11-50 employees,Privately Held,,,,Hospitals and Health Care,,,2017.0,519.0,description addresses businesses/teams/organisations,explicit SaaS / cloud / enterprise-software / platform language,affordability_exception,"revenue (missing) retained on operating scale (headcount 31, strong B2B SaaS signals)","Provider time is limited yet patient Journeys are continuous. At JourneyLabs, we strive to extend the reach of care teams, augment episodic treatments and enable successful patient outcomes in a timely manner. Our JourneyWell Platform guides patients through real-time, complex care Journeys that require a high level of individualization and responsiveness. We integrate data from numerous source systems and support multi-channel communication allowing for patients to receive personalized guidance when and where they need it.",,2026-09-14
SQ114091,26387,48,Eluve,eluve.com,https://eluve.com,https://www.linkedin.com/company/eluve-inc,eluve-inc,United States,"Los Angeles, California",21.0,11-50 employees,Privately Held,B2B,,Funding unknown,Hospitals and Health Care,"Healthcare Software,AI and ML Platforms","B2B, SaaS, AI-driven",2022.0,88.0,Business Type contains B2B; Pattern Tags contain B2B,"Pattern Tags contain SaaS; explicit SaaS / cloud / enterprise-software / platform language; SubIndustry is software/platform (Healthcare Software,AI and ML Platforms)",affordability_exception,"revenue (missing) retained on operating scale (headcount 21, strong B2B SaaS signals)","Spend more time caring for patients — not charting. Eluve captures your patient encounters in real time and quickly generates high-quality clinical notes.

Eluve is loved and trusted by thousands of clinicians. 

""I've been a primary care physician for almost 40 years. Eluve is easy to use and their support staff has been so responsive to my practice’s many needs.""
Dr. William Lee, Family Medicine

""I really like Eluve and the generated summary notes. It finds the ICD-10 codes automatically from dictation which saves me time"" Dr. Tam Cung, Aria Medical Group","Eluve is an AI-powered assistant designed to automate clinical paperwork for healthcare providers. Their platform transcribes patient visits into clinical notes using an ambient AI-scribe, recommends evidence-backed billing codes, and generates patient follow-up summaries. Eluve aims to reduce paperwork, lessen burnout, and improve patient care. Their software integrates with existing Electronic Health Record (EHR) systems and prioritizes data security and HIPAA compliance.",2026-09-14
SQ123651,26596,48,ORPECT LLC,orpect.com,https://orpect.com,https://www.linkedin.com/company/orpect,orpect,United States,"Houston, Texas",31.0,11-50 employees,Privately Held,B2B,,Funding unknown,"Technology, Information and Internet",Enterprise Software Solutions,"B2B, SaaS, HR Tech",2023.0,899.0,Business Type contains B2B; Pattern Tags contain B2B,Pattern Tags contain SaaS; explicit SaaS / cloud / enterprise-software / platform language; SubIndustry is software/platform (Enterprise Software Solutions),affordability_exception,"revenue (missing) retained on operating scale (headcount 31, strong B2B SaaS signals)","ORPECT is transforming the Human Resources landscape by creating an innovative platform that streamlines employee management and fosters a culture of transparency and continuous improvement. Our comprehensive suite of features is designed to empower companies to make informed decisions and drive strategic growth.

Our platform enables companies to efficiently store and manage their current employees' records. By centralizing all employee data in one place, organizations can easily track essential details like job role, date of joining, and more. This feature not only saves time but also provid","ORPECT is an innovative platform designed to transform human resources by streamlining employee management and fostering transparency with a focus on continuous improvement. It enables companies to efficiently store and manage current employee records, track job roles, and gain insights for HR planning. The platform allows organizations to rate and review past employees and non-joiners, creating a database to guide future hiring decisions. ORPECT differentiates itself through a commitment to privacy and security by anonymizing all employee data and reviews. It aims to create a transparent and ",2026-09-14
SQ130362,26740,48,Youturn Health,youturnhealth.com,https://youturnhealth.com,https://www.linkedin.com/company/youturnhealth,youturnhealth,United States,"Coppell, Texas",48.0,11-50 employees,Privately Held,B2B,0-500K,$1M - $5M,Wellness and Fitness Services,"Mental Health and Rehabilitation Services,Digital Health and Telemedicine","B2B, virtual care, mental health",2018.0,2787.0,Business Type contains B2B; Pattern Tags contain B2B,explicit SaaS / cloud / enterprise-software / platform language,affordability_exception,revenue 0-500K contradicted by funding $1M - $5M,"Youturn Health is a virtual support program designed to help individuals and their families struggling with stress, substance misuse, suicidal ideation, and grief. We believe mental health and substance misuse are complex issues and support should reflect a variety of evidence-based methods. From Harm Reduction to Behavioral Modification, our platform was created with the goal of supporting individuals and their families in their health and wellness journey.","Youturn Health is a virtual support program dedicated to assisting individuals and families facing challenges such as stress, substance misuse, suicidal ideation, and grief. They distinguish themselves by offering a diverse range of evidence-based methods, from Harm Reduction to Behavioral Modification, within their platform. By providing accessible support to employees and their families, Youturn Health aims to bridge the gap between inaction and seeking professional treatment, fostering a journey towards health and wellness.",2026-09-14
SQ153082,27022,48,Tuva,tuvalabs.com,https://tuvalabs.com,https://www.linkedin.com/company/tuvalabs,tuvalabs,United States,"New York, NY",28.0,11-50 employees,Privately Held,"B2B,B2C",500K-1M,Under $1M,E-Learning Providers,"E-Learning Platforms and EdTech,Data and Analytics Software","EdTech, Data Literacy, K-12",2012.0,1176.0,Business Type contains B2B,"SubIndustry is software/platform (E-Learning Platforms and EdTech,Data and Analytics)",affordability_exception,"revenue 500K-1M retained on operating scale (headcount 28, strong B2B SaaS signals)","Tuva (tuvalabs.com) is the leading data literacy company that empowers data novices to learn essential data and statistics literacy skills. 

Tuva offers data literacy solutions for schools, businesses, and organizations working in international development. Through our growing library of interactive, authentic, and relevant modules and lessons, participants are able to learn and master the most-critical, foundational concepts in data, statistics, and analytics. 

Tuva's Data Literacy modules are available in English, Spanish, and Arabic. 

Visit tuvalabs.com to learn more about our data","Tuva is a data literacy company that provides tools and content to help students and educators improve their data analysis and statistical reasoning skills. They offer a range of interactive modules, datasets, and graphing tools designed to make data accessible and engaging for learners of all levels, with a focus on K-12 education. Tuva distinguishes itself through its commitment to real-world data, accessibility, and partnerships with curriculum and assessment providers, aiming to catalyze systemic change in education by promoting data literacy.",2026-09-14
SQ155244,27063,48,Skyepack Inc.,skyepack.com,https://skyepack.com,https://www.linkedin.com/company/skyepack,skyepack,United States,"West Lafayette, Indiana",33.0,11-50 employees,Privately Held,B2B,500K-1M,Under $1M,E-Learning Providers,"Enterprise Software Solutions,E-Learning Platforms and EdTech","EdTech, Custom Learning, LMS Platform",2012.0,2268.0,Business Type contains B2B,"explicit SaaS / cloud / enterprise-software / platform language; SubIndustry is software/platform (Enterprise Software Solutions,E-Learning Platforms)",affordability_exception,"revenue 500K-1M retained on operating scale (headcount 33, strong B2B SaaS signals)","Skyepack works with schools, departments, and faculty members to develop custom course content, geared toward the specific learning objectives, student population, and teaching methods of the course. Skyepack delivers the content to students on an interactive web+mobile platform at an affordable price. The course content is created from a range of resources - OER, faculty authored content, and Skyepack generated content.","Skyepack is an educational technology company that partners with schools, departments, and faculty members to develop custom course content tailored to specific learning objectives and teaching methods. They deliver this content through an interactive web and mobile platform at an affordable price. Skyepack's platform offers features like AI-assisted course development, virtual AI tutoring, and tools for creating learning communities. Skyepack distinguishes itself by providing end-to-end instructional design and content delivery services, serving higher education, K-12, and corporate training ",2026-09-14
SQ161901,27193,48,Grupo Mentora - Progrentis.com,grupomentora.com,https://grupomentora.com,https://www.linkedin.com/company/grupomentora-progrentis,grupomentora-progrentis,United States,San José,21.0,11-50 employees,Privately Held,B2B,500K-1M,Funding unknown,Education,"Enterprise Software Solutions,E-Learning Platforms and EdTech","EdTech, B2B, Cognitive Training",2012.0,583.0,Business Type contains B2B; Pattern Tags contain B2B,"explicit SaaS / cloud / enterprise-software / platform language; SubIndustry is software/platform (Enterprise Software Solutions,E-Learning Platforms)",affordability_exception,"revenue 500K-1M retained on operating scale (headcount 21, strong B2B SaaS signals)","Sumérgete en la innovación educativa con Progrentis.com. Potenciamos capacidades desde el conocimiento. 

Del conocimiento a las destrezas!","Grupo Mentora, operating through Progrentis.com and Novuskills, provides online educational programs and cognitive training tools. They focus on developing higher-level thinking skills and cognitive functions in students and professionals. Progrentis offers a methodology for developing skills through sustained training and immediate feedback, while Novuskills focuses on improving attention and adaptability, particularly in the context of AI. They offer solutions for students, teachers, and working teams, providing analytical tools to monitor progress and make data-driven decisions. The company",2026-09-14
SQ167076,27304,48,"ZENDA, LLC",zendaplatform.com,https://zendaplatform.com,https://www.linkedin.com/company/zendaplatform,zendaplatform,United States,"New York, New York",26.0,11-50 employees,Privately Held,,,Funding unknown,Business Intelligence Platforms,,,2017.0,3428.0,description addresses businesses/teams/organisations,explicit SaaS / cloud / enterprise-software / platform language,affordability_exception,"revenue (missing) retained on operating scale (headcount 26, strong B2B SaaS signals)","ZENDA is a SaaS collaboration platform that powers process intelligence, risk reduction, workforce insights, efficiency gains, AI opportunity identification, and operational resilience all in one place.

ZENDA reveals all dimensions of business processes and transforms them into living operational assets. Every process step is now a profile of human capital, policy, cost, and enterprise assets. A ZENDA business process reveals operational and compliance risks and opportunities, accountability, efficiency, automation—a comprehensive view of business processes from every angle. 

Achieve operati",,2026-09-14
SQ169954,27361,48,[i-SmokeStack] - A Startup,i-smokestack.com,https://i-smokestack.com,https://www.linkedin.com/company/smokestackgeeks,smokestackgeeks,United States,Located,20.0,11-50 employees,Privately Held,,,,"Technology, Information and Internet",,,2019.0,2574.0,description addresses businesses/teams/organisations,explicit SaaS / cloud / enterprise-software / platform language,affordability_exception,"revenue (missing) retained on operating scale (headcount 20, strong B2B SaaS signals)","Starting something from scratch has never been easy, especially - “A Startup”. 

We make it easier by simplifying business process through our DoIT Approach, Corrective Measures, and Curated Solutions. It helps in eliminating the startup struggles and boosts growth all day, everyday.

We Aim to Give Users, ‘World Class Experience’ that they will remember for a lifetime. Startups, don’t shy away ‘cos Accepting challenges is our Hobby. 

Our motto? With our empathic Mrs. DoIT, Startup Mentor, transforming B2B and Early Stage Startups. We are driven by technology and fuelled by passion not by pro",,2026-09-14
SQ172276,27449,48,GiG Shark,gigshark.io,https://gigshark.io,https://www.linkedin.com/company/gig-shark,gig-shark,United States,"Santa Monica, California",31.0,11-50 employees,Privately Held,B2B,,Funding unknown,"Technology, Information and Internet","Human Resources, Staffing and Recruitment,AI and ML Platforms","B2B, SaaS, AI-powered",2023.0,366.0,Business Type contains B2B; Pattern Tags contain B2B,"Pattern Tags contain SaaS; explicit SaaS / cloud / enterprise-software / platform language; SubIndustry is software/platform (Human Resources, Staffing and Recruitment,AI and M)",affordability_exception,"revenue (missing) retained on operating scale (headcount 31, strong B2B SaaS signals)","At Gigshark, we empower freelancers to score their dream jobs with AI-driven assistance designed to simplify and enhance your job search experience. Whether you're a seasoned professional or just starting, Gigshark is your go-to platform for finding the perfect gig in no time.",Gigshark is an AI-driven platform designed to empower freelancers to find their ideal jobs more efficiently. It simplifies the job search experience by providing AI-powered tools and resources tailored to individual freelancer needs and experience levels.,2026-09-14
SQ011285,27494,47,KAVIA AI,kavia.ai,https://kavia.ai,https://www.linkedin.com/company/kavia-ai,kavia-ai,United States,"San Francisco, California",16.0,11-50 employees,Privately Held,B2B,0-500K,$1M - $5M,"Technology, Information and Internet","Enterprise Software Solutions,AI and ML Platforms","AI-Driven, B2B, Workflow Automation",2024.0,2083.0,Business Type contains B2B; Pattern Tags contain B2B,"explicit SaaS / cloud / enterprise-software / platform language; SubIndustry is software/platform (Enterprise Software Solutions,AI and ML Platforms)",affordability_exception,revenue 0-500K contradicted by funding $1M - $5M,"KAVIA AI  |  Prompt to Working Product

KAVIA is an AI-powered platform reinventing how software gets built—making product development radically faster, simpler, and more accessible. With just a prompt, anyone can generate fully functional websites, apps, dashboards, and more. No coding experience required.

But beneath that simplicity lies serious power.

KAVIA is engineered for enterprise-grade performance. It automates the entire software lifecycle—planning, architecture, design, code generation, testing, and bug triage—making it capable of producing and managing systems with millions of li","Kavia AI is a San Francisco-based startup revolutionizing software product development with an AI-powered Workflow Manager. Their platform accelerates every phase of the development lifecycle by leveraging large language models and deep learning. Kavia AI's tools focus on code analysis (Inspect), project planning (Plan), and code generation (Build), automating complex workflows with customized AI-Agents. The company targets enterprise clients, offering features such as enterprise-grade security, seamless integration, and customizable workflows.",2026-09-14
SQ057460,27547,47,NOORAI,noorai.ai,https://noorai.ai,https://www.linkedin.com/company/noorai,noorai,United States,"Boston , MA",12.0,11-50 employees,Privately Held,B2B,,$1M - $5M,Software Development,"AI and ML Platforms,Data and Analytics Software","B2B, AI Solutions, Predictive Analytics",2024.0,309.0,Business Type contains B2B; Pattern Tags contain B2B,"explicit SaaS / cloud / enterprise-software / platform language; SubIndustry is software/platform (AI and ML Platforms,Data and Analytics Software)",affordability_exception,revenue (missing) retained on funding $1M - $5M,"AI platform with predictive analytics, intelligent simulations, and insights for smarter, data-driven decision making.

Start your FREE 7-day trial - no credit card required → https://noorai.ai

Our Platform Supports Two Modes:

1. Self-Serve (Live)
Our self-serve platform provides on-demand access to a rich library of pre-built global, federal, and state-level economic datasets. Users can explore data, generate AI forecasts for key indicators, visualize trends, and produce AI-driven insights in just a few clicks. Sign up for a free trial and explore our platform.

2. Enterprise
Our enterprise","NOORAI is an AI and Data Analytics firm that delivers predictive intelligence and simulation solutions across economic, social, agricultural, and demographic sectors. They offer transformative insights to empower leaders with the knowledge and foresight to drive progress and shape the future. NOORAI provides expert advisory services and implements tailored solutions, leveraging cutting-edge technologies to integrate with existing systems or introduce new data sources. Their upcoming AI-based platform will offer enhanced predictive analytics and simulation capabilities.",2026-09-14
SQ059782,27551,47,Eloquent AI,eloquentai.co,https://eloquentai.co,https://www.linkedin.com/company/eloquentai,eloquentai,United States,San Francisco,12.0,11-50 employees,Privately Held,B2B,0-500K,$5M - $10M,Software Development,"Enterprise Software Solutions,AI and ML Platforms","B2B, AI Agents, Enterprise Solutions",2025.0,6770.0,Business Type contains B2B; Pattern Tags contain B2B,"explicit SaaS / cloud / enterprise-software / platform language; SubIndustry is software/platform (Enterprise Software Solutions,AI and ML Platforms)",affordability_exception,revenue 0-500K contradicted by funding $5M - $10M,"Eloquent AI is the first AI Operator built specifically for financial services to automate complex, regulated customer service operations beyond frontline support.

Our AI Operator learns to securely navigate your existing systems simply by observing your standard operating procedures—automating up to 96% of tasks without any engineering effort.

Automate complex, multi-party workflows—unfreeze accounts, handle AML/KYC checks, adjust repayments, or update claim statuses without escalations.

Ensure compliance effortlessly, with our proprietary LLM, Oratio trained specifically on your financial","Eloquent AI empowers enterprises with autonomous AI agents capable of engaging customers and driving sales through human-quality conversations. Their platform integrates with existing data and workflows, and leverages a suite of domain-specific LLMs alongside advanced Knowledge Graphs and self-healing systems to ensure accuracy and scalable performance. Their AI agents support insurance claims processing, customer support, and user onboarding. Eloquent AI's platform emphasizes enterprise-grade security, data governance, and privacy, making it suitable for regulated industries.",2026-09-14
SQ083452,27590,47,Cara,getcara.ai,https://getcara.ai,https://www.linkedin.com/company/caraai,caraai,United States,"New York, NY",17.0,11-50 employees,Privately Held,,,$1M - $5M,Software Development,,,2024.0,3483.0,description addresses businesses/teams/organisations,platform language in a software-native industry,affordability_exception,revenue (missing) retained on funding $1M - $5M,"Cara is a domain-specific AI platform purpose-built for insurance—a modular system that enables agencies, brokerages, and MGAs to automate servicing, accelerate sales, and scale operations with a 24/7 digital workforce.

Learn more at getcara.ai. (Created by Oyster Technologies)",,2026-09-14
SQ158181,27678,47,Opnova,opnova.ai,https://opnova.ai,https://www.linkedin.com/company/opnovaai,opnovaai,United States,"Palo Alto, CA",19.0,11-50 employees,Privately Held,B2B,0-500K,$1M - $5M,"Technology, Information and Internet","Enterprise Software Solutions,IT Services and Cybersecurity","B2B, AI Automation, Workflow Optimization",2024.0,1661.0,Business Type contains B2B; Pattern Tags contain B2B,"explicit SaaS / cloud / enterprise-software / platform language; SubIndustry is software/platform (Enterprise Software Solutions,IT Services and Cybe)",affordability_exception,revenue 0-500K contradicted by funding $1M - $5M,"Opnova is taking rework out of work by automating repetitive, mundane, and error-prone operational tasks with an agentic AI solution that can perform human-level work.

We help our customers achieve a new level of operational efficiency and employee productivity, resulting in revenue growth, cost reductions, and risk mitigation.

Our mission is to eliminate rework from daily work and unlock our true human potential for impactful and creative fulfillment.","Opnova is an AI-driven automation company focused on eliminating 'rework'—repetitive, error-prone tasks—from business operations. It provides an agentic AI solution capable of performing human-level work to automate complex operational tasks in IT, security, and compliance. Opnova differentiates itself by offering intelligent automation for workflows where traditional automation is impractical, thereby boosting operational efficiency, employee productivity, and risk mitigation.",2026-09-14
SQ164676,27684,47,CVector,cvector.com,https://cvector.com,https://www.linkedin.com/company/cvector,cvector,United States,New York,11.0,11-50 employees,Privately Held,B2B,0-500K,$1M - $5M,Data Infrastructure and Analytics,"Renewable Energy and Clean Tech,Data and Analytics Software","B2B, Climate Tech, Data Analytics",2024.0,3161.0,Business Type contains B2B; Pattern Tags contain B2B,"explicit SaaS / cloud / enterprise-software / platform language; SubIndustry is software/platform (Renewable Energy and Clean Tech,Data and Analytics)",affordability_exception,revenue 0-500K contradicted by funding $1M - $5M,"CVector bridges live controls data from industrial sites with dynamic market signals, enabling AI-driven energy techno-economic models, real-time optimization, and virtual operators for transformative operational and commercial decision-making.

Our industrial data analytics and optimization platform helps emerging climate technology projects thrive. We connect operators with high-fidelity, real-time data to troubleshoot equipment, optimize facility performance, and adapt seamlessly to external factors like renewable energy availability, grid prices, carbon intensity, and power market dynamics","CVector Energy provides an industrial data analytics and optimization platform that connects live controls data from industrial sites with dynamic market signals. Their AI-driven models, real-time optimization tools, and virtual operators enable transformative operational and commercial decision-making, particularly for emerging climate technology projects. They help operators troubleshoot equipment, optimize facility performance, and adapt to factors like renewable energy availability, grid prices, carbon intensity, and power market dynamics.",2026-09-14
SQ008410,27723,46,Arreva,donorcommunity.com,https://donorcommunity.com,https://www.linkedin.com/company/arreva,arreva,United States,"Fort Lauderdale, FL",29.0,11-50 employees,Privately Held,B2B,,Funding unknown,Software Development,Enterprise Software Solutions,"B2B, SaaS, Nonprofit",2017.0,2767.0,Business Type contains B2B; Pattern Tags contain B2B,Pattern Tags contain SaaS; explicit SaaS / cloud / enterprise-software / platform language; SubIndustry is software/platform (Enterprise Software Solutions),affordability_exception,"revenue (missing) retained on operating scale (headcount 29, strong B2B SaaS signals)","Arreva is the trusted advisor and market leader of fundraising and donor relationship
management software. ExceedFurther, Arreva’s All-in-One, Cloud-based, Integrated Solution, is helping thousands of nonprofits worldwide further their mission, transform fundraising, and cultivate relationships with donors and constituents.

Transform Fundraising

One of the best ways to bring in passionate new constituents is through online fundraising and charity events. Using our platform, you can host peer-to-peer fundraising microsites, manage events and volunteers, and solicit online donations all aimed ","Arreva is a software company specializing in fundraising and donor management solutions for nonprofit organizations. Their flagship product, ExceedFurther, is an all-in-one platform designed to streamline fundraising efforts, cultivate donor relationships, and manage various aspects of nonprofit operations such as online donations, event registration, membership management, and volunteer coordination. They serve a diverse range of nonprofit sectors, aiming to provide technology that empowers organizations to focus on their mission.",2026-09-14
SQ022193,28695,45,Rubie,rubiehq.com,https://rubiehq.com,https://www.linkedin.com/company/rubie,rubie,United States,"New York City, New York",13.0,11-50 employees,Privately Held,B2B,0-500K,$1M - $5M,"Technology, Information and Internet","Enterprise Software Solutions,Data and Analytics Software","B2B, Data Migration, AI-Powered",,756.0,Business Type contains B2B; Pattern Tags contain B2B,"explicit SaaS / cloud / enterprise-software / platform language; SubIndustry is software/platform (Enterprise Software Solutions,Data and Analytics S)",affordability_exception,revenue 0-500K contradicted by funding $1M - $5M,"Rubie helps companies with complex products launch their customers faster. Whether it's an ERP, CRM, or system of record - if you spend more than an hour configuring your software for new customers, we can help you move faster.","Rubie is a venture-backed data migration and integration platform that helps companies with complex products accelerate customer onboarding. By automating the migration of data from legacy systems, files, and APIs, Rubie enables businesses to 'rip and replace' their competitors faster. Rubie focuses on simplifying data integration and transformation for faster and more efficient onboarding.",2026-09-14
SQ041743,29146,45,Recess,recess.tv,https://recess.tv,https://www.linkedin.com/company/recesstv,recesstv,United States,Remote,32.0,11-50 employees,Privately Held,,,,"Health, Wellness and Fitness",,,2020.0,1075.0,description addresses businesses/teams/organisations,explicit SaaS / cloud / enterprise-software / platform language,affordability_exception,"revenue (missing) retained on operating scale (headcount 32, strong B2B SaaS signals)","Recess is the AI powered operating system for modern fitness and wellness businesses. We provide a fully integrated platform for gyms, martial arts schools, dance studios, gymnastics programs, and other membership based operators.

- AI powered platform that replaces fragmented software stacks with a single system that runs the business end to end

- Core functionality includes unified messaging, scheduling, memberships, payments, marketing, customer engagement, and a white label mobile app, all in one platform

- We cover 100% of processing fees, saving owners thousands of dollars per month

",,2026-09-14
SQ066519,29704,45,HyperSphere,hyperspheretech.com,https://hyperspheretech.com,https://www.linkedin.com/company/hyperspheretech,hyperspheretech,United States,"Alpharetta, Georgia",12.0,11-50 employees,Privately Held,B2B,0-500K,$1M - $5M,Software Development,"Financial Services Software,Security and Identity Software","Cybersecurity, Data Protection, Compliance",,594.0,Business Type contains B2B,"SubIndustry is software/platform (Financial Services Software,Security and Identity )",affordability_exception,revenue 0-500K contradicted by funding $1M - $5M,"Every organization pays a ""cloud security tax""—millions spent managing keys, credentials, and secrets across clouds. Fortune 500s spend $8M+ annually on KMS sprawl, rotation programs, HSMs, and IAM duct tape. Then they get breached anyway, because key exposure is now the #1 attack vector.

We built a different approach. HyperSphere SecureStorage is a drop-in data trust layer that eliminates stored keys entirely. S3-compatible, zero application rewrites, and customers routinely deploy pilots in under 3 days. No keys to manage means no keys to steal—even stolen data becomes worthless.

The techn","HyperSphere Technologies provides advanced data protection solutions against evolving cyber threats, specializing in ransomware defense and compliance. HyperSphere's patented QIDP technology secures data by employing AES 256-GCM encryption, data transformation, and distribution across multiple storage locations, including public clouds and private data centers. Key innovations include quantum key obfuscation, which renders data useless to attackers by hiding encryption keys in multi-dimensional space, eliminating the need for traditional key management systems. HyperSphere distinguishes itself",2026-09-14
SQ066929,29724,45,Goodfire,goodfire.ai,https://goodfire.ai,https://www.linkedin.com/company/goodfire-ai,goodfire-ai,United States,"San Francisco, CA",46.0,11-50 employees,Privately Held,B2B,0-500K,$50M - $100M,Software Development,AI and ML Platforms,"AI Interpretability, Developer Tools, B2B",2024.0,5290.0,Business Type contains B2B; Pattern Tags contain B2B,SubIndustry is software/platform (AI and ML Platforms),affordability_exception,revenue 0-500K contradicted by funding $50M - $100M,"Our mission is to advance humanity's understanding of AI by examining the inner workings of advanced AI models (or “AI Interpretability”). As a research-driven product organization, we bridge the gap between theoretical science and practical applications of interpretability.

We're building critical infrastructure that empowers developers to understand, edit, and debug AI models at scale, ensuring the creation of safer and more reliable systems.

Goodfire is a public benefit corporation headquartered in San Francisco.","Goodfire is an AI interpretability research lab and product organization focused on understanding and intentionally designing advanced AI systems. They build critical infrastructure, including the Ember API, that empowers developers to understand, edit, and debug AI models at scale, ensuring the creation of safer and more reliable systems. They partner with research institutions and enterprises to interpret foundation models, bridging the gap between theoretical science and practical applications of interpretability.",2026-09-14
SQ067671,29742,45,extend,extend.ai,https://extend.ai,https://www.linkedin.com/company/extend-app,extend-app,United States,"New York City, New York",18.0,11-50 employees,Privately Held,B2B,0-500K,$10M - $25M,Software Development,"Enterprise Software Solutions,AI and ML Platforms","Document AI, LLM, B2B",,5969.0,Business Type contains B2B; Pattern Tags contain B2B,"explicit SaaS / cloud / enterprise-software / platform language; SubIndustry is software/platform (Enterprise Software Solutions,AI and ML Platforms)",affordability_exception,revenue 0-500K contradicted by funding $10M - $25M,"Your complete document processing toolkit.

The most accurate parsing, extraction, and splitting to ship your hardest use cases in minutes, not months.","Extend provides a unified document processing platform using Large Language Models (LLMs) to transform documents into high-quality data. Their platform offers document infrastructure for ingestion, extraction, classification, and splitting, supporting various file formats. Extend differentiates itself by offering accuracy, custom fine-tuning pipelines, and built-in evaluation tools.",2026-09-14
SQ067854,29745,45,"EnrollHere, Inc.",enrollhere.com,https://enrollhere.com,https://www.linkedin.com/company/enrollhere,enrollhere,United States,"Wilmington, North Carolina",34.0,11-50 employees,Privately Held,B2B,,Funding unknown,Software Development,"Financial Services Software,Insurance and InsurTech","B2B, SaaS, Insurance Tech",2024.0,3341.0,Business Type contains B2B; Pattern Tags contain B2B,"Pattern Tags contain SaaS; explicit SaaS / cloud / enterprise-software / platform language; SubIndustry is software/platform (Financial Services Software,Insurance and InsurTec)",affordability_exception,"revenue (missing) retained on operating scale (headcount 34, strong B2B SaaS signals)","Streamline Your Business with EnrollHere!

At EnrollHere, we empower sales organizations with cutting-edge technology to optimize their operations. Our all-in-one platform simplifies enrollment, lead management, commissions tracking, compliance, and call center operations—so you can focus on what matters most: growing your business.

 Why EnrollHere?
 Agency Reporting & Enrollment – Track enrollments and access real-time data with ease.
 Lead Distribution – Convert more leads with our customizable tracking system.
 Call Center Optimization – Manage dialer operations efficiently for maximum imp","EnrollHere provides a comprehensive platform designed to streamline operations for insurance agencies, agents, and carriers. The platform offers tools for enrollment tracking, lead distribution, call center optimization, commissions management, and compliance. By integrating with existing CRM systems and offering customizable solutions, EnrollHere helps insurance businesses optimize workflows and drive growth.",2026-09-14
SQ077183,29898,45,OverseeAI,oversee-ai.com,https://oversee-ai.com,https://www.linkedin.com/company/overseeai,overseeai,United States,Boston,22.0,11-50 employees,Privately Held,,,,Software Development,,,2024.0,493.0,description addresses businesses/teams/organisations,explicit SaaS / cloud / enterprise-software / platform language,affordability_exception,"revenue (missing) retained on operating scale (headcount 22, strong B2B SaaS signals)","We enable insurers to deliver measurable ROI by assembling the best technology and most innovative AI techniques into a single SaaS platform. With control and observability, our customers can build trust in AI and quickly embrace its benefits.",,2026-09-14
SQ113749,30462,45,Greptile,greptile.com,https://greptile.com,https://www.linkedin.com/company/greptile,greptile,United States,"San Francisco, California",20.0,11-50 employees,Privately Held,B2B,0-500K,$100M - $250M,"Technology, Information and Internet","AI and ML Platforms,Developer Tools and Platforms","B2B, AI Code Review, Developer Tools",2024.0,7338.0,Business Type contains B2B; Pattern Tags contain B2B,"SubIndustry is software/platform (AI and ML Platforms,Developer Tools and Platforms)",affordability_exception,revenue 0-500K contradicted by funding $100M - $250M,"Building the universal code validation layer, starting with AI agents that review pull requests with full codebase context.","Greptile is an AI-powered code review tool that helps software teams ship code faster and with fewer bugs. It provides automated code analysis for pull requests, answers questions about codebases via an API, and generates descriptions for JIRA tickets. Greptile differentiates itself by offering full codebase context, supporting over 30 languages, and offering flexible deployment options (including self-hosted) to meet stringent security requirements. Their AI is designed to catch issues human reviewers might miss, providing suggestions and explanations to improve code quality.",2026-09-14
SQ119650,30646,45,Virtue AI,virtueai.com,https://virtueai.com,https://www.linkedin.com/company/virtue-ai,virtue-ai,United States,"San Francisco, California",30.0,11-50 employees,Privately Held,B2B,0-500K,$25M - $50M,"Technology, Information and Internet","AI and ML Platforms,Security and Identity Software","AI Safety, Regulatory Compliance, Risk Management",2024.0,7551.0,Business Type contains B2B,"SubIndustry is software/platform (AI and ML Platforms,Security and Identity Software)",affordability_exception,revenue 0-500K contradicted by funding $25M - $50M,"Virtue AI bridges the gap between AI product development and deployment for enterprises. We offer comprehensive, end-to-end AI safety and security solutions to ensure the safe, secure, and privacy-preserving deployment of AI products. Our advanced platform provides rigorous testing, alignment, and moderation across the AI lifecycle, proactively mitigating risks such as cybersecurity vulnerabilities, safety threats, and hallucination issues.

Overall, Virtue AI deploys a rigorous testing framework for any AI model or system, offering actionable steps to mitigate potential risks. Our assessments","Virtue AI bridges the gap between AI product development and deployment for enterprises by offering comprehensive, end-to-end AI safety and security solutions. Their platform provides rigorous testing, alignment, and moderation across the AI lifecycle, proactively mitigating risks such as cybersecurity vulnerabilities, safety threats, and hallucination issues. Virtue AI provides enterprises with innovative solutions that ensure responsible AI development and deployment, setting new standards for secure and responsible AI practices across industries.",2026-09-14
SQ139005,31301,45,Parter,parter.ai,https://parter.ai,https://www.linkedin.com/company/parter-ai,parter-ai,United States,"New York, NY",13.0,11-50 employees,Privately Held,B2B,,$5M - $10M,Data Infrastructure and Analytics,AI and ML Platforms,"AI, Machine Learning, Early Stage",,774.0,Business Type contains B2B,explicit SaaS / cloud / enterprise-software / platform language; SubIndustry is software/platform (AI and ML Platforms),affordability_exception,revenue (missing) retained on funding $5M - $10M,"Parter is an AI platform for hardware teams.
It reads datasheets, tracks PCNs, monitors part lifecycles, and flags risks.
From R&D to manufacturing, Parter helps hardware teams make critical decisions backed by real-time data and AI-powered insights.","Parter.AI appears to be a new or developing company, presumably operating in the field of Artificial Intelligence (AI). The company currently has a placeholder website indicating that it is 'coming soon.' No further information is available regarding specific products, services, or target market.",2026-09-14
SQ160241,32020,45,Legion Security,legionsecurity.ai,https://legionsecurity.ai,https://www.linkedin.com/company/legion-security-ai,legion-security-ai,United States,"New York City, New York",44.0,11-50 employees,Privately Held,B2B,,$25M - $50M,"Technology, Information and Internet","IT Services and Cybersecurity,AI and ML Platforms,Security and Identity Software","AI Security, SOC Automation, Cybersecurity",2024.0,2827.0,Business Type contains B2B,"SubIndustry is software/platform (IT Services and Cybersecurity,AI and ML Platforms,)",affordability_exception,revenue (missing) retained on funding $25M - $50M,"Legion is a browser-native AI SOC analyst that learns what your analysts do and scales them. It trains within your organization, observing your team's investigations, learns their patterns, and helps improve them. Then, it automates them at your own pace, at any scale, and without requiring any integrations or APIs.","Legion Security develops an AI-powered security analyst designed to automate and scale Security Operations Center (SOC) functions. Their AI is designed to learn, think, and act like a human expert, adapting to existing workflows. The company aims to provide a next-generation AI worker for security operations. The company's team includes individuals who built Microsoft Sentinel and former Cambridge AI researchers.",2026-09-14
SQ110172,32240,44,VolunteerHub,volunteerhub.com,https://volunteerhub.com,https://www.linkedin.com/company/volunteerhub,volunteerhub,United States,"Dublin , OH",29.0,11-50 employees,Privately Held,B2B,500K-1M,Funding unknown,Non-profit Organizations,Enterprise Software Solutions,"Volunteer Management, SaaS, B2B",2003.0,15443.0,Business Type contains B2B; Pattern Tags contain B2B,Pattern Tags contain SaaS; explicit SaaS / cloud / enterprise-software / platform language; SubIndustry is software/platform (Enterprise Software Solutions),affordability_exception,"revenue 500K-1M retained on operating scale (headcount 29, strong B2B SaaS signals)","Connecting People with Purpose

Managing volunteers can be a difficult and time consuming process for any organization.  For this reason, VolunteerHub offers itself as the ultimate volunteer coordinator’s assistant.  Just set up a VolunteerHub site, promote your upcoming events, and watch as volunteers sign up using an exceptionally user-friendly registration wizard.  VolunteerHub can save your organization time by reducing telephone and email traffic, help organize events, track registrations, email volunteer groups, and report on volunteers’ activities.  Unlike other web-based solutions, V","VolunteerHub, a product of BetterGood, is a volunteer management software platform that helps organizations recruit, engage, and manage volunteers. It streamlines volunteer coordination by automating administrative tasks, improving communication, and providing a more engaging experience. The platform offers features such as volunteer recruitment, scheduling, hour tracking, fundraising, liability waiver management, and reporting. VolunteerHub serves non-profits, educational institutions, government entities, and commercial organizations that rely on volunteer programs.",2026-09-14
SQ120820,32243,44,Taiyō.AI,taiyo.ai,https://taiyo.ai,https://www.linkedin.com/company/taiyō,taiyō,United States,"San Francisco, California",28.0,11-50 employees,Privately Held,B2B,,Funding unknown,"Technology, Information and Internet","Construction and Civil Engineering Services,Data and Analytics Software","B2B, SaaS, Data Intelligence",2021.0,21061.0,Business Type contains B2B; Pattern Tags contain B2B,"Pattern Tags contain SaaS; explicit SaaS / cloud / enterprise-software / platform language; SubIndustry is software/platform (Construction and Civil Engineering Services,Data a)",affordability_exception,"revenue (missing) retained on operating scale (headcount 28, strong B2B SaaS signals)","Taiyō.AI is the world's first infrastructure intelligence platform.  Our objective is to improve efficiency and outcomes for global infrastructure stakeholders by providing better data, intelligence, and tools for early-stage planning across the industry.","Taiyō.AI is a data intelligence platform focused on improving efficiency and outcomes for global infrastructure stakeholders. They provide data, intelligence, and tools for early-stage planning, aggregating and standardizing data from thousands of sources. The platform serves EPCs, construction firms, suppliers, subcontractors, and government planners, providing insights into opportunities, risks, and procurement demands. Taiyō.AI differentiates itself by offering a comprehensive solution to discover, identify, act on, and win infrastructure projects, leveraging a data mesh and REST API for in",2026-09-14
SQ162223,32247,44,GoFundraise,gofundraise.org,https://gofundraise.org,https://www.linkedin.com/company/gofundraise,gofundraise,United States,"New Rochelle, New York",23.0,11-50 employees,Privately Held,B2B,500K-1M,Funding unknown,Fundraising,"E-Learning Platforms and EdTech,Enterprise Software Solutions","SaaS, Fundraising, B2B",2007.0,2467.0,Business Type contains B2B; Pattern Tags contain B2B,"Pattern Tags contain SaaS; explicit SaaS / cloud / enterprise-software / platform language; SubIndustry is software/platform (E-Learning Platforms and EdTech,Enterprise Softwar)",affordability_exception,"revenue 500K-1M retained on operating scale (headcount 23, strong B2B SaaS signals)","GoFundraise empowers and rally’s together individuals, organisations and groups to make a difference for charities and worthy causes around the world. 

Our solutions help to raise more funds and reduce costs and resources.","GoFundraise is a global fundraising platform that empowers individuals, organizations, and groups to support charities and causes worldwide. They provide solutions to raise funds, reduce costs, and streamline resources for non-profits, events organizers, schools, universities, and corporations. The platform offers features like peer-to-peer fundraising, giving days, DIY fundraising, donations and appeals, virtual events, corporate fundraising, interactive campaigns, and fundraising portals. GoFundraise differentiates itself through integrations with other platforms, customizable supporter jour",2026-09-14
SQ172331,32251,44,fundsforNGOs,fundsforngos.org,https://fundsforngos.org,https://www.linkedin.com/company/fundsforngos-llc,fundsforngos-llc,United States,"New York City, New York",27.0,11-50 employees,Privately Held,B2B,500K-1M,Funding unknown,Non-profit Organizations,"Management Consulting and Strategy Consulting,NGOs, Charities and Community Organizations","B2B, SaaS, NGO Support",2005.0,1974.0,Business Type contains B2B; Pattern Tags contain B2B,Pattern Tags contain SaaS; explicit SaaS / cloud / enterprise-software / platform language; recurring/subscription/licence language,affordability_exception,"revenue 500K-1M retained on operating scale (headcount 27, strong B2B SaaS signals)","fundsforNGOs is the leading source of funding information for NGOs around the world – from small grass roots organizations to large global NGOs. 

Visitors to the fundsforNGOs website can access a range of useful content and subscribe to our free funding alert service. Using technology, we connect NGOs to useful information – including tools, how-to guides, training webinars, and resources to help you fundraise successfully. 

fundsforNGOs exists to support NGOs and Development Professionals to do what they do best: creating a better world.","fundsforNGOs is a social enterprise that provides information, resources, and training to NGOs, companies, and individuals to enhance their fundraising capabilities and promote sustainability. They offer a subscription-based service providing access to grant databases, proposal writing guidance, and training webinars. fundsforNGOs aims to bridge the gap between available resources and those working towards sustainable development and poverty alleviation around the world.",2026-09-14
SQ000200,32255,43,Tastee Software,tasteesoftware.com,https://tasteesoftware.com,https://www.linkedin.com/company/tasteesoftware,tasteesoftware,United States,"Houston, Texas",31.0,11-50 employees,Privately Held,B2B,,Funding unknown,Software Development,"Retail and Ecommerce Software,Enterprise Software Solutions","B2B, SaaS, Marketing Automation",2023.0,23.0,Business Type contains B2B; Pattern Tags contain B2B,"Pattern Tags contain SaaS; explicit SaaS / cloud / enterprise-software / platform language; SubIndustry is software/platform (Retail and Ecommerce Software,Enterprise Software )",affordability_exception,"revenue (missing) retained on operating scale (headcount 31, strong B2B SaaS signals)","Our platform simplifies operations, while customizable marketing features and a user-friendly interface keep customers coming back for more!","Tastee Software offers a platform designed to streamline operations and enhance marketing for businesses. Their software aims to simplify processes, provide customizable marketing features, and maintain a user-friendly interface to encourage customer retention.",2026-09-14
SQ002101,32295,43,BZ One Software,bz-one.com,https://bz-one.com,https://www.linkedin.com/company/bz-one,bz-one,United States,"Houston, TX",31.0,11-50 employees,Privately Held,B2B,,Funding unknown,Business Consulting and Services,Enterprise Software Solutions,"B2B, SaaS, Collaboration Platform",2020.0,76.0,Business Type contains B2B; Pattern Tags contain B2B,Pattern Tags contain SaaS; explicit SaaS / cloud / enterprise-software / platform language; SubIndustry is software/platform (Enterprise Software Solutions),affordability_exception,"revenue (missing) retained on operating scale (headcount 31, strong B2B SaaS signals)","BZ One is a web-based software platform designed to facilitate connections between corporations and small businesses, offering over 15 features to enhance collaboration. This innovative toolset assists in linking qualified small businesses with larger enterprises, fostering partnerships and growth opportunities.","BZ One Software is a B2B platform that connects corporations and small businesses to foster collaboration and growth. It provides a web-based platform with collaboration tools and connection services, enabling larger enterprises to find and partner with qualified small businesses.",2026-09-14
SQ002402,32299,43,Reflection Software,reflectionsoftware.com,https://reflectionsoftware.com,https://www.linkedin.com/company/reflection-software,reflection-software,United States,"Aurora, IL",22.0,11-50 employees,Privately Held,B2B,500K-1M,Funding unknown,E-Learning Providers,"E-Learning Platforms and EdTech,Enterprise Software Solutions","eLearning, B2B, training solutions",1994.0,419.0,Business Type contains B2B; Pattern Tags contain B2B,"explicit SaaS / cloud / enterprise-software / platform language; SubIndustry is software/platform (E-Learning Platforms and EdTech,Enterprise Softwar)",affordability_exception,"revenue 500K-1M retained on operating scale (headcount 22, strong B2B SaaS signals)","Reflection Software offers training and development solutions through a host of strategic, completely customizable products and services.

We offer a dynamic, personal approach to learning that reflects your organization's brand and vision.  Every tiny piece of the learning puzzle is crafted with your big picture in mind.  

Whether it's the Cognition Platform, combining Learning, Talent and Performance Management, our Media Services, or our eLearning solutions; it all comes with our cornerstone dedication to collaboration.  Our client relationships last far beyond the initial project and we l","Reflection Software provides training and development solutions through customizable products and services. They offer a dynamic and personal approach to learning, aligning with the organization's brand and vision. Their offerings include the Cognition Platform (Learning, Talent, and Performance Management), Media Services, and eLearning solutions, all emphasizing collaboration and long-term client relationships.",2026-09-14
SQ002827,32306,43,Documation Software Ltd,documation.co.uk,https://documation.co.uk,https://www.linkedin.com/company/documation-software-ltd,documation-software-ltd,United States,"Southampton, Hampshire",27.0,11-50 employees,Privately Held,,,,Software Development,,,1993.0,1127.0,description addresses businesses/teams/organisations,explicit SaaS / cloud / enterprise-software / platform language,affordability_exception,"revenue (missing) retained on operating scale (headcount 27, strong B2B SaaS signals)","Back in 1993 - around the same time as Microsoft was launching Windows 3.1 - Documation began. We were busy developing workflow software, when no-one else was really doing that sort of thing - and have thrown ourselves into ground-breaking software development ever since.

29 years on, and still based in the UK, Documation's family of consultants, developers, account managers and support team are experts in the field of document management and business process automation. With a passion for building long-term partnerships with our customers, we pride ourselves in being experienced, smart, dedi",,2026-09-14
SQ003948,32323,43,total fbo,totalfbo.com,https://totalfbo.com,https://www.linkedin.com/company/total-fbo,total-fbo,United States,"Merrimack, New Hampshire",31.0,11-50 employees,Privately Held,B2B,,Funding unknown,Software Development,"Enterprise Software Solutions,Logistics Technology","B2B, SaaS, aviation software",1988.0,809.0,Business Type contains B2B; Pattern Tags contain B2B,"Pattern Tags contain SaaS; explicit SaaS / cloud / enterprise-software / platform language; SubIndustry is software/platform (Enterprise Software Solutions,Logistics Technology)",affordability_exception,"revenue (missing) retained on operating scale (headcount 31, strong B2B SaaS signals)","Comprehensive Solutions for FBO Management

total fbo is the industry leading software solution designed for Fixed Base Operators (FBOs) looking to enhance their operations with cutting-edge technology. With decades of expertise, total fbo offers a robust, all-in-one platform that simplifies every aspect of FBO management, from fueling and invoicing to customer service and compliance.

The intuitive platform meets the needs of both small and large FBOs by providing real-time data, streamlining workflows, and helping customers deliver top-tier service to their clients. total fbo has been the tr","total fbo is a software solution tailored for Fixed Base Operators (FBOs), providing tools for managing operations, finances, and customer service. It offers features such as fuel tracking, invoicing, personnel management, and reporting. total fbo stands out due to its specialization in the aviation industry and its comprehensive functionality designed to streamline FBO management and enhance customer service.",2026-09-14
SQ003956,32324,43,"TOPAZ Technologies, LLC",topazti.com,https://topazti.com,https://www.linkedin.com/company/topaz-technologies,topaz-technologies,United States,"Alpharetta, Georgia",35.0,11-50 employees,Privately Held,B2B,,Funding unknown,Software Development,"Healthcare Software,Enterprise Software Solutions","B2B, SaaS, Regulatory Compliance",1979.0,573.0,Business Type contains B2B; Pattern Tags contain B2B,"Pattern Tags contain SaaS; explicit SaaS / cloud / enterprise-software / platform language; SubIndustry is software/platform (Healthcare Software,Enterprise Software Solutions)",affordability_exception,"revenue (missing) retained on operating scale (headcount 35, strong B2B SaaS signals)","TOPAZ Technologies is the leading provider of integrated enterprise software solutions and services to the medical research community, providing automated, regulatory compliance solutions for online protocol submission, review, and approval as well as applications for clinical veterinary information, animal ordering/receiving, accounting, training, census, breeding, and facility management.  Doing business for over 40 years, TOPAZ has been developing and implementing some of the most highly regarded animal, biosafety and human research software applications in the industry.","TOPAZ Technologies, LLC provides animal and human research software solutions for the medical research industry. They offer a suite of integrated applications designed to automate workflows from protocol reviews and staff training to animal procurement, census, billing, and veterinary care. TOPAZ aims to help organizations maintain accurate data, improve efficiency, and ensure compliance with complex regulatory environments. They differentiate themselves through 40 years of experience and a focus on specialized needs within the Biosafety, Animal, and Human Research industries, serving colleges",2026-09-14
SQ004401,32332,43,QGConnect,qgconnect.com,https://qgconnect.com,https://www.linkedin.com/company/qgconnect,qgconnect,United States,"Burlingame, CA",31.0,11-50 employees,Privately Held,B2B,,Funding unknown,Software Development,"Healthcare Software,Government and Public Sector Software","B2B, SaaS, Case Management",2022.0,135.0,Business Type contains B2B; Pattern Tags contain B2B,"Pattern Tags contain SaaS; explicit SaaS / cloud / enterprise-software / platform language; SubIndustry is software/platform (Healthcare Software,Government and Public Sector S)",affordability_exception,"revenue (missing) retained on operating scale (headcount 31, strong B2B SaaS signals)","QGConnect, offered by QuesGen Systems, provides a suite of products and services to support community efforts to manage critical social and county programs, including but not limited to HVIP and Intimate Partner Violence Programs.

As healthcare professionals, advocates, and community members, we recognize the urgent need to address violence both inside and outside the walls of our hospitals.

QuesGen System’s goal is to revolutionize violence prevention programs with our off-the-shelf case management software platform. Our case management system empowers you to make a lasting impact on commun","QGConnect, a product suite by QuesGen Systems, provides case management software solutions tailored for organizations that focus on violence prevention and other social programs. QGConnect's platform helps organizations manage data, streamline processes, and enhance collaboration for Hospital-Based Violence Intervention Programs, community-based organizations, counties, and task forces. The software aims to simplify data intake, track client progress, and demonstrate the impact of initiatives to stakeholders.",2026-09-14
SQ008293,32408,43,"EMRGENT, Inc",emrgent.com,https://emrgent.com,https://www.linkedin.com/company/emrgent-inc,emrgent-inc,United States,"Irvine, CA",31.0,11-50 employees,Privately Held,"B2B,B2C",,Funding unknown,Software Development,"Healthcare Software,Digital Health and Telemedicine","B2B, B2C, SaaS",2020.0,6.0,Business Type contains B2B; Pattern Tags contain B2B,"Pattern Tags contain SaaS; explicit SaaS / cloud / enterprise-software / platform language; SubIndustry is software/platform (Healthcare Software,Digital Health and Telemedicin)",affordability_exception,"revenue (missing) retained on operating scale (headcount 31, strong B2B SaaS signals)","Substance abuse EMR software for addiction treatment centers. EMRGENT allows facilities, doctors, and therapists to manage end-to-end continuum of care for patients with CRM, billing, treatment planning, case management, and fully customizable eLearning curriculum. 

Individuals can use EMRGENT to access educational courses designed to treat addiction disorders, accountability systems for measuring progress, tools for relapse prevention, and support networks for sustaining long term recovery. Favored by insurance companies, utilization review and billing teams, EMRGENT gets your benefits claim","EMRGENT, Inc. is a software company that provides a comprehensive Electronic Medical Records (EMR) solution for addiction treatment centers. Their software manages the entire continuum of care for patients, including CRM, billing, treatment planning, case management, and customizable eLearning curriculum. They also offer individuals educational courses, progress tracking, relapse prevention tools, and support networks for long-term recovery. EMRGENT aims to improve the quality of care in the substance abuse and behavioral health sectors, while facilitating easier insurance claims processing.",2026-09-14
SQ012382,32482,43,Crafted ERP by Doozy Solutions,craftederp.com,https://craftederp.com,https://www.linkedin.com/company/crafted-erp-by-doozy-solutions,crafted-erp-by-doozy-solutions,United States,"Denver, Colorado",31.0,11-50 employees,,B2B,,Funding unknown,Software Development,"Enterprise Software Solutions, Manufacturing Software","B2B, SaaS, ERP Solution",2017.0,746.0,Business Type contains B2B; Pattern Tags contain B2B,"Pattern Tags contain SaaS; explicit SaaS / cloud / enterprise-software / platform language; SubIndustry is software/platform (Enterprise Software Solutions, Manufacturing Softw)",affordability_exception,"revenue (missing) retained on operating scale (headcount 31, strong B2B SaaS signals)","Crafted ERP by Doozy Solutions is the ultimate software solution for beverage manufacturers. With our flagship Crafted ERP BevX platform, we offer a single, unified system that seamlessly handles multiple beverage categories — including beer, spirits, wine, cider, RTDs, FMBs, and non-alcoholic options — all in one infinitely configurable solution.

Crafted ERP BevX is a complete business management platform that includes production, recipe management, bottling, supply planning, inventory, sales, accounting, reporting, analytics, compliance and more. Built in NetSuite, the #1 cloud ERP, Crafted","Crafted ERP by Doozy Solutions provides an all-in-one, cloud-based enterprise resource planning (ERP) solution designed specifically for craft beverage manufacturers. It offers various editions tailored to different beverage types such as Brewery, Distillery, Winery, Ready-to-Drink, and a standard edition, BevX. Crafted ERP includes features for production management, recipe management, bottling, supply planning, inventory, sales, accounting, reporting, analytics, and compliance. It differentiates itself by being built on the NetSuite platform and offering industry-specific functionality desig",2026-09-14
SQ012442,32484,43,CoCodeAI,cocode.ai,https://cocode.ai,https://www.linkedin.com/company/cocodeai,cocodeai,United States,"AURORA, IL",31.0,11-50 employees,Privately Held,B2B,,Funding unknown,Software Development,Developer Tools and Platforms,"SaaS, B2B, Dev Platform",2020.0,4.0,Business Type contains B2B; Pattern Tags contain B2B,Pattern Tags contain SaaS; explicit SaaS / cloud / enterprise-software / platform language; SubIndustry is software/platform (Developer Tools and Platforms),affordability_exception,"revenue (missing) retained on operating scale (headcount 31, strong B2B SaaS signals)","CoCode.ai is a SaaS-based full life-cycle software development platform that is powered by optimized and proven processes, proprietary automation tools, and qualified people if needed. CoCode,ai will continue to automate the software development processes until the day that software developmed is totally replaced by machine. Before that day, CoCode.ai helps human to develop software better, faster and cheaper. Happy Coding!","CoCode.ai is a SaaS-based platform designed to streamline the software development lifecycle. It offers automation tools and access to qualified personnel, aiming to improve the speed, cost-effectiveness, and overall quality of software development for businesses. CoCode.ai leverages automation and a crowdsourcing model to facilitate software development projects.",2026-09-14
SQ016577,32555,43,LIMSABC,limsabc.com,https://limsabc.com,https://www.linkedin.com/company/limsabc,limsabc,United States,"Fort Lauderdale, Florida",31.0,11-50 employees,,B2B,,Funding unknown,Hospitals and Health Care,"Healthcare Software, Enterprise Software Solutions","Healthcare IT, SaaS, LIS",2011.0,246.0,Business Type contains B2B,"Pattern Tags contain SaaS; explicit SaaS / cloud / enterprise-software / platform language; SubIndustry is software/platform (Healthcare Software, Enterprise Software Solutions)",affordability_exception,"revenue (missing) retained on operating scale (headcount 31, strong B2B SaaS signals)","LIMSABC is a modern, cloud based Patient, Laboratory Information System (LIS) and Billing solution that integrates your entire practice and deploys in days - not months.

Laboratory: We offer turnkey solutions for Toxicology, Molecular, Biosample Repositories, Chemistry, Hematology, Histology, Cytogenetics, Microbiology.

Billing: What happens after all the testing is completed? With us, you can work claims, check eligibility, connect to clearinghouses.
We have the expertise to operate as your billing and claims department, all from LIMSABC.

Web Portal: Our modern, cloud based web portal allo","LIMSABC is a software company specializing in cloud-based Laboratory Information Systems (LIS) for clinical laboratories. Their integrated suite includes features for patient and client portals, phlebotomy management, direct-to-consumer testing support, billing, and comprehensive analytics. LIMSABC distinguishes itself with rapid deployment, ease of use, and seamless integration capabilities with EMR and other healthcare systems. The company's solutions cater to various lab types, including toxicology, molecular, and public health labs, aiming to streamline workflows and improve patient care.",2026-09-14
SQ019193,32588,43,Akamai AI,akamaiai.com,https://akamaiai.com,https://www.linkedin.com/company/akamai-ai,akamai-ai,United States,"Honolulu, Hawaii",31.0,11-50 employees,Privately Held,B2B,,Funding unknown,Software Development,"IT Services and Cybersecurity,AI and ML Platforms","B2B, AI solutions, Mobile applications",2022.0,51.0,Business Type contains B2B; Pattern Tags contain B2B,"explicit SaaS / cloud / enterprise-software / platform language; SubIndustry is software/platform (IT Services and Cybersecurity,AI and ML Platforms)",affordability_exception,"revenue (missing) retained on operating scale (headcount 31, strong B2B SaaS signals)","Artificial Intelligence is fueling an incredible revolution in technology. Akamai AI can guide you towards all your business goals and deliver your AI software solutions. We have worked for some of the best tech companies of today and now we are here for you!

By turning our vast Al knowledge and experience into ground-breaking software for our clients in Hawaii and the Pacific Basin, Akamai AI is innovating across government and business. Akamai AI can help you to realize ML and Al’s potential today so that it can power your future growth.

We are the AI in Hawaii!","Akamai AI is an AI-focused software development company based in Hawaii. They provide custom AI SaaS solutions and AI-enabled smartphone applications, with a particular emphasis on destination management and tourism optimization for government and business clients in Hawaii and the Pacific Basin. Akamai AI differentiates itself through its local focus ('We are the AI in Hawaii'), user-centered design approach, and commitment to data security and privacy. They also emphasize their experience in navigating complex travel restrictions, indicating a focus on providing practical solutions to region",2026-09-14
SQ028581,32733,43,CDL Tracks,cdltracks.com,https://cdltracks.com,https://www.linkedin.com/company/cdl-tracks,cdl-tracks,United States,"Indianapolis, Indiana",31.0,11-50 employees,Privately Held,B2B,,Funding unknown,"Transportation, Logistics, Supply Chain and Storage","Corporate Training and Learning and Development,Enterprise Software Solutions","B2B, SaaS, ELDT Compliance",2022.0,6.0,Business Type contains B2B; Pattern Tags contain B2B,"Pattern Tags contain SaaS; explicit SaaS / cloud / enterprise-software / platform language; SubIndustry is software/platform (Corporate Training and Learning and Development,En)",affordability_exception,"revenue (missing) retained on operating scale (headcount 31, strong B2B SaaS signals)","CDL Tracks offers a student driver management solution backed by data to increase first-time pass rates by running a more efficient CDL training program.  The CDL training software enables you to track the progress of student drivers from the beginning of your program to graduation/completion. 

CDL Tracks offers additional ELDT-compliant solutions to the transportation industry including online courses to satisfy ELDT requirements such as Class A Theory, HazMat Theory, and more.   These courses are made available for purchase to individuals as well as companies.",CDL Tracks offers a data-driven student driver management solution to increase first-time pass rates by running a more efficient CDL training program. The CDL training software enables tracking student drivers from program start to completion. CDL Tracks also provides ELDT-compliant online courses to the transportation industry.,2026-09-14
SQ048099,33040,43,Empower Learning,empower-learning.com,https://empower-learning.com,https://www.linkedin.com/company/empower-learning-llc,empower-learning-llc,United States,"New Albany, Indiana",27.0,11-50 employees,Privately Held,B2B,500K-1M,Funding unknown,E-Learning Providers,"E-Learning Platforms and EdTech,IT Services and Cybersecurity","EdTech, K-12, AV Solutions",2007.0,247.0,Business Type contains B2B,"SubIndustry is software/platform (E-Learning Platforms and EdTech,IT Services and Cy)",affordability_exception,"revenue 500K-1M retained on operating scale (headcount 27, strong B2B SaaS signals)","Empower Learning is dedicated to transforming education by equipping teachers and students with the tools, resources, and strategies they need to succeed in the 21st-century classroom. We are passionate about enhancing the learning experience through innovative technologies, engaging professional development, and a collaborative approach that puts educators at the forefront of change.

Our mission is to empower educators with cutting-edge solutions that inspire creativity, foster engagement, and promote deeper learning. Whether it's through interactive software, dynamic workshops, or personali","Empower Learning is an educational technology company specializing in interactive panels, AV solutions, consulting, and services for K-12 classrooms. With nearly 20 years of experience, they enhance classroom instruction through innovative technology. They partner with leading brands like Promethean, Vivi, and Audio Enhancement to deliver cutting-edge solutions. Empower Learning serves over 470 school districts across Indiana, Ohio, and Kentucky, and has installed more than 20,000 ActivPanels.",2026-09-14
SQ053710,33123,43,Encyrcle,embrk.com,https://embrk.com,https://www.linkedin.com/company/encyrclebh,encyrclebh,United States,"San Clemente, CA",31.0,11-50 employees,Partnership,B2B,,Funding unknown,Software Development,"Healthcare Software,Enterprise Software Solutions","B2B, SaaS, Healthcare",2023.0,1223.0,Business Type contains B2B; Pattern Tags contain B2B,"Pattern Tags contain SaaS; explicit SaaS / cloud / enterprise-software / platform language; SubIndustry is software/platform (Healthcare Software,Enterprise Software Solutions)",affordability_exception,"revenue (missing) retained on operating scale (headcount 31, strong B2B SaaS signals)","At the heart of everything we do is an unwavering belief in the power of connection. We are driven by a bold vision to build a more connected tomorrow, where technology and innovation empower individuals and organizations alike. Through data-driven insights and the art of fostering connection-based outcomes, we are bridging gaps and creating lasting impacts that will shape the future of the behavioral health industry. Our mission is to encircle your alumni, your team, and our industry, forging stronger connections, advancing innovative tools, and elevating collective knowledge for a more empow","Encyrcle is a software company that automates alumni communication and outcomes tracking for behavioral healthcare providers. The company offers a platform that integrates with existing EMR/CRM systems to streamline outreach, facilitate compliance, and provide data-driven insights. The company primarily serves treatment centers, helping them to improve alumni engagement, identify readmission opportunities, and enhance their brand reputation.",2026-09-14
SQ054609,33136,43,Connect by ValueLink,valuelinkconnect.com,https://valuelinkconnect.com,https://www.linkedin.com/company/connect-by-valuelink,connect-by-valuelink,United States,"Houston, Texas",31.0,11-50 employees,Privately Held,B2B,,Funding unknown,Software Development,"Real Estate and PropTech Software,Enterprise Software Solutions","B2B, SaaS, Mobile App",2018.0,120.0,Business Type contains B2B; Pattern Tags contain B2B,"Pattern Tags contain SaaS; explicit SaaS / cloud / enterprise-software / platform language; SubIndustry is software/platform (Real Estate and PropTech Software,Enterprise Softw)",affordability_exception,"revenue (missing) retained on operating scale (headcount 31, strong B2B SaaS signals)","Connect by ValueLink revolutionizes real estate appraisal management by allowing appraisers to effortlessly handle orders, access a vast network of clients, and enjoy on-the-go convenience with our mobile app.","Connect by ValueLink is a real estate appraisal management software designed to streamline appraisal businesses. The platform connects appraisers with over 300 lenders and AMCs, providing tools for order management, scheduling, report automation, and client communication. A mobile app allows for on-the-go management, ensuring appraisers can stay connected and efficient whether in the field or office. Connect differentiates itself by offering a centralized, user-friendly platform that simplifies administrative tasks and enhances business growth for appraisers.",2026-09-14
SQ056314,33163,43,Roadifix,roadifix.com,https://roadifix.com,https://www.linkedin.com/company/roadifix,roadifix,United States,"Santa Clarita, CA",31.0,11-50 employees,Privately Held,B2B,,Funding unknown,Software Development,Enterprise Software Solutions,"B2B, SaaS, Service Industry",2022.0,0.0,Business Type contains B2B; Pattern Tags contain B2B,Pattern Tags contain SaaS; explicit SaaS / cloud / enterprise-software / platform language; SubIndustry is software/platform (Enterprise Software Solutions),affordability_exception,"revenue (missing) retained on operating scale (headcount 31, strong B2B SaaS signals)","Roadifix is your all-in-one solution to reduce costs, minimize risk, and grow your business. With our forward-thinking and 12+ years of Industry knowledge, Roadifix has created a platform that provides an advantage for our clients to grow their business in the service industry. Roadifix focuses on creating cutting-edge technology and staying ahead of the curve, by constantly innovating and implementing new and better ways of scaling your operation. Roadifix is more than a Technology Platform. We take the financial burden off your back. We offer seamless processing, access to real-time data, di","Roadifix is an all-in-one technology platform designed to reduce costs, minimize risk, and facilitate business growth for companies in the service industry. Leveraging over 12 years of industry knowledge, Roadifix offers cutting-edge technology, real-time data access, digital invoice creation, and direct payment processing to streamline operations and alleviate financial burdens for its clients.",2026-09-14
SQ059307,33196,43,FranFast,franfast.io,https://franfast.io,https://www.linkedin.com/company/franfast-suite,franfast-suite,United States,"Miami, Florida",31.0,11-50 employees,Privately Held,B2B,,Funding unknown,IT System Custom Software Development,Enterprise Software Solutions,"SaaS, Salesforce Platform, Franchise",2006.0,349.0,Business Type contains B2B,Pattern Tags contain SaaS; explicit SaaS / cloud / enterprise-software / platform language; SubIndustry is software/platform (Enterprise Software Solutions),affordability_exception,"revenue (missing) retained on operating scale (headcount 31, strong B2B SaaS signals)","FranFast is a complete franchise management suite that allows franchisors to unify operations and gain real-time visibility across their franchise network.  Our 4 pillars of franchise success are:
1. Franchise Development Manager
2. New Store Opening Tracker
3. Operations and Compliance Tracker
4. Franchisee Community

FranFast is used from emerging franchisors to some of the leading franchise networks around the world.  Dont wait and contact us today to learn more about how you can also transform your franchise network with the power of FranFast.","FranFast, developed by Fast Cloud Consulting, is a comprehensive franchise management software solution built on the Salesforce platform. It provides tools and functionalities to streamline franchise development, new store openings, operations, compliance, and franchisee community management. FranFast integrates with various third-party applications, including POS systems like Toast and accounting software like Quickbooks. The company aims to empower franchise networks across diverse industries such as restaurants, QSR, senior care, health, wellness, fitness, automotive dealerships, and home s",2026-09-14
SQ060249,33214,43,Cloud Fleet,cloudfleet.us,https://cloudfleet.us,https://www.linkedin.com/company/cloud-fleet-inc,cloud-fleet-inc,United States,"Oak Creek, Wisconsin",31.0,11-50 employees,Privately Held,B2B,,Funding unknown,Software Development,"Enterprise Software Solutions,Logistics Technology","B2B, SaaS, Fleet Management",2023.0,51.0,Business Type contains B2B; Pattern Tags contain B2B,"Pattern Tags contain SaaS; explicit SaaS / cloud / enterprise-software / platform language; SubIndustry is software/platform (Enterprise Software Solutions,Logistics Technology)",affordability_exception,"revenue (missing) retained on operating scale (headcount 31, strong B2B SaaS signals)","Cloud Fleet provides fleet’s operations & Driving Hiring process into a simple, centralized platform.","Cloud Fleet is a comprehensive software platform designed to streamline fleet operations and DOT compliance for transportation companies. They offer tools for driver recruiting, asset management, DQ file management, and overall compliance management. Cloud Fleet differentiates itself by providing a centralized platform that simplifies complex processes, automates tasks, and ensures regulatory compliance, allowing fleet managers to focus on strategic decision-making and business growth.",2026-09-14
SQ060401,33218,43,BoostReferral,boostreferral.com,https://boostreferral.com,https://www.linkedin.com/company/boostreferral,boostreferral,United States,"Phoenix, Arizona",31.0,11-50 employees,Privately Held,B2B,,Funding unknown,Software Development,"Retail and Ecommerce Software,Enterprise Software Solutions","B2B, SaaS, Referral Marketing",2020.0,3.0,Business Type contains B2B; Pattern Tags contain B2B,"Pattern Tags contain SaaS; explicit SaaS / cloud / enterprise-software / platform language; SubIndustry is software/platform (Retail and Ecommerce Software,Enterprise Software )",affordability_exception,"revenue (missing) retained on operating scale (headcount 31, strong B2B SaaS signals)","BoostReferral is a simple yet powerful SaaS-based referral tool, which can be integrated into any website, mobile application or social media channel to accelerate your business growth and extend outreach through referral marketing.","BoostReferral is a SaaS platform that empowers businesses to leverage referral marketing. It provides a suite of tools to create, manage, and track referral campaigns, integrating seamlessly with existing websites, mobile apps, and social media channels. The platform offers features such as automated email generation, dedicated landing pages for participants, performance analytics, and REST API access for third-party integrations. BoostReferral aims to simplify and automate the referral process, turning subscribers into brand advocates and driving sales growth through trusted recommendations.",2026-09-14
SQ060497,33219,43,AYA Market Global,aya.market,https://aya.market,https://www.linkedin.com/company/aya-market-global,aya-market-global,United States,"Irvine, California",31.0,11-50 employees,Privately Held,B2B,,Funding unknown,Software Development,"Retail and Ecommerce Software,Enterprise Software Solutions","SaaS, marketplace management, e-commerce",2021.0,22.0,Business Type contains B2B,"Pattern Tags contain SaaS; explicit SaaS / cloud / enterprise-software / platform language; SubIndustry is software/platform (Retail and Ecommerce Software,Enterprise Software )",affordability_exception,"revenue (missing) retained on operating scale (headcount 31, strong B2B SaaS signals)","AYA.MARKET is your all-in-one platform for sellers and suppliers to succeed in the marketplace ecosystem.
Effortless Onboarding: Get started quickly and setup process for selling on leading marketplaces.
Unified Dashboard: Manage and automate your sales across multiple marketplaces.
AI-Driven Optimization: Maximize your success to fine-tune pricing, inventory, and sales strategies.
Simple. Smart. Seamless. Makes selling easier than ever.","AYA.MARKET is an all-in-one platform designed to help sellers and suppliers succeed in the marketplace ecosystem. It offers effortless onboarding, a unified dashboard to manage and automate sales across multiple marketplaces, and AI-driven optimization to maximize success by fine-tuning pricing, inventory, and sales strategies. The platform helps businesses manage sales channels, product information, warehouses, orders, and analytics, integrating with over 30 online sales platforms and providing a multilingual interface.",2026-09-14
SQ063324,33252,43,SafetyKit,safetykit.com,https://safetykit.com,https://www.linkedin.com/company/safetykit,safetykit,United States,"San Francisco, CA",16.0,11-50 employees,Privately Held,B2B,0-500K,$50M - $100M,Software Development,"Financial Services Software,AI and ML Platforms,Security and Identity Software","B2B, AI, Compliance",,1755.0,Business Type contains B2B; Pattern Tags contain B2B,"explicit SaaS / cloud / enterprise-software / platform language; SubIndustry is software/platform (Financial Services Software,AI and ML Platforms,Se)",affordability_exception,revenue 0-500K contradicted by funding $50M - $100M,We build AI agents for Risk and Compliance that do complex workflows like underwriting and investigations. Trusted by the world's largest marketplaces and payments companies.,"SafetyKit offers an AI-powered risk and compliance automation platform for marketplaces and payment companies, replacing manual reviews. Their platform automates tasks such as content moderation, merchant monitoring, and transaction analysis, leveraging language models to detect policy violations and emerging risks with human-level accuracy. SafetyKit helps teams scale their review capacity, increase accuracy, and improve policy coverage, all without increasing headcount or requiring custom ML models.",2026-09-14
SQ079052,33428,43,AffordableHousing.com,michiganhousinglocator.com,https://michiganhousinglocator.com,https://www.linkedin.com/company/affordablehousingdotcom,affordablehousingdotcom,United States,"Boca Raton, FL",43.0,11-50 employees,Privately Held,,500K-1M,Funding unknown,Software Development,,,2003.0,1328.0,description addresses businesses/teams/organisations,platform language in a software-native industry,affordability_exception,"revenue 500K-1M retained on operating scale (headcount 43, strong B2B SaaS signals)","AffordableHousing.com is the nation’s largest online marketplace for affordable housing. For more than 20 years, our mission has been simple yet powerful: make affordable housing more accessible by connecting renters, property owners, and housing agencies on one trusted platform. 

Since 2003, we’ve built partnerships with HUD, thousands of government and housing agencies, and property owners across the country to expand access for millions of low- and middle-income families. Today, we proudly serve tens of millions of visitors annually, powering hundreds of millions of housing searches every ",,2026-09-14
SQ079951,33437,43,lizzyAI - AI interviews. Made human.,lizzy-ai.com,https://lizzy-ai.com,https://www.linkedin.com/company/lizzy-ai,lizzy-ai,United States,"New York, NY",20.0,11-50 employees,Privately Held,B2B,,Funding unknown,Software Development,"Human Resources, Staffing and Recruitment,AI and ML Platforms","AI, SaaS, HR Tech",,788.0,Business Type contains B2B,"Pattern Tags contain SaaS; explicit SaaS / cloud / enterprise-software / platform language; SubIndustry is software/platform (Human Resources, Staffing and Recruitment,AI and M)",affordability_exception,"revenue (missing) retained on operating scale (headcount 20, strong B2B SaaS signals)","l𝗶𝘇𝘇𝘆𝗔𝗜 𝗶𝘀 𝗮𝗻 𝗮𝘂𝘁𝗼𝗻𝗼𝗺𝗼𝘂𝘀 𝘁𝘄𝗼-𝘄𝗮𝘆, 𝟮𝟰/𝟳 𝗔𝗜 𝗮𝘃𝗮𝘁𝗮𝗿 𝗶𝗻𝘁𝗲𝗿𝘃𝗶𝗲𝘄𝗲𝗿 𝗳𝗼𝗿 𝗲𝗻𝘁𝗲𝗿𝗽𝗿𝗶𝘀𝗲 𝗴𝗿𝗮𝗱𝗲 𝗵𝗶𝗿𝗶𝗻𝗴.

Developed by Behavioral Scientists, AI-Experts, and Talent Acquisition industry leaders, LizzyAI empowers HR teams rather than replacing them. It runs custom-structured, science-backed interviews that dynamically probe for deeper insights, scores responses using industrial-organizational psychometric models, adapt questions in real-time, and even answers candidates’ on-the-spot queries.
 
Recruiters get ranked shortlists, interview transcripts, and highlight reels delivered into their ATS, reclaiming hou","Lizzy AI is a company that provides an AI-powered interview platform designed to automate and improve the candidate screening and interviewing process. They offer tailored solutions for tech and sales hiring, as well as assessments for other roles, emphasizing unbiased, data-driven insights. The platform analyzes resumes, conducts deep AI interviews, analyzes code, facilitates coding challenges, and evaluates soft skills, providing detailed candidate scorecards. Lizzy AI distinguishes itself by offering customized solutions, leveraging AI to provide consistent, fast, and unbiased interviews. T",2026-09-14
SQ085325,33493,43,ecorpRx,ecorprx.com,https://ecorprx.com,https://www.linkedin.com/company/ecorprx,ecorprx,United States,"McKinney, Texas",31.0,11-50 employees,Privately Held,,,Funding unknown,Software Development,,,2023.0,33.0,description addresses businesses/teams/organisations,explicit SaaS / cloud / enterprise-software / platform language,affordability_exception,"revenue (missing) retained on operating scale (headcount 31, strong B2B SaaS signals)","eCorpRx is a next-generation SaaS platform designed to empower enterprises with smart, scalable, and secure business solutions.

Our comprehensive suite includes:
 WorkTrack – Streamline project tracking and team collaboration
 SalesTrack – Manage leads, sales pipelines, and client relationships
 Service360 – Deliver seamless customer support and service operations
 SkillPro – Upskill teams with structured training and performance tracking
 DocStore – Store, share, and secure business-critical documents with ease

From startups to large enterprises, ecorpRx helps you centralize operations, red",,2026-09-14
SQ095065,33552,43,BroadPeak Partners,getk3.com,https://getk3.com,https://www.linkedin.com/company/broadpeakpartners,broadpeakpartners,United States,"Rochester, New York",34.0,11-50 employees,Privately Held,,,,Software Development,,,2007.0,1742.0,description addresses businesses/teams/organisations,explicit SaaS / cloud / enterprise-software / platform language,affordability_exception,"revenue (missing) retained on operating scale (headcount 34, strong B2B SaaS signals)","BroadPeak removes friction from data integration for energy and commodity trading firms. We make it simple for trading, risk, and compliance teams to connect systems, transform data, and manage workflows in real time, without complex IT development, so you can act faster and take control of your data.",,2026-09-14
SQ097748,33563,43,Pivotal - Array Analytics,array-analytics.io,https://array-analytics.io,https://www.linkedin.com/company/pivotal-a-software-as-a-service-for-healthcare,pivotal-a-software-as-a-service-for-healthcare,United States,"Washington, DC",31.0,11-50 employees,,,,Funding unknown,Software Development,,,2016.0,74.0,description addresses businesses/teams/organisations,explicit SaaS / cloud / enterprise-software / platform language,affordability_exception,"revenue (missing) retained on operating scale (headcount 31, strong B2B SaaS signals)","Pivotal, a SaaS platform supports many organizational departments, including strategic planning, real estate, and facilities management. Aggregating and contextualizing organizational, market, strategic and asset-based data enables users to dynamically scenario test and archive strategic decisions alongside projected ROI. By providing the ability to react quickly to changing market conditions, health systems can use Pivotal to optimize organizational approaches to patient services, real estate strategies and capital allocation.  

If you would like to learn more about Pivotal or schedule a dem",,2026-09-14
SQ121965,33890,43,Scrum Slate,scrumslate.com,https://scrumslate.com,https://www.linkedin.com/company/scrum-slate,scrum-slate,United States,"Richardson , Texas",31.0,11-50 employees,Privately Held,B2B,,Funding unknown,"Technology, Information and Internet",Enterprise Software Solutions,"B2B, SaaS, Agile Project Management",,379.0,Business Type contains B2B; Pattern Tags contain B2B,Pattern Tags contain SaaS; explicit SaaS / cloud / enterprise-software / platform language; SubIndustry is software/platform (Enterprise Software Solutions),affordability_exception,"revenue (missing) retained on operating scale (headcount 31, strong B2B SaaS signals)","Scrum Slate is a powerful tool designed for Agile teams to efficiently manage projects, centralize tasks & timelines, and deliver results that exceed expectations.","Scrum Slate is a project management tool tailored for Agile teams. It offers features such as sprint planning, backlog management, bug tracking, Kanban boards, and team collaboration tools like video sharing. Scrum Slate differentiates itself through an intuitive interface, AI-powered features, and high customizability, helping teams streamline workflows and improve project delivery.",2026-09-14
SQ123887,33919,43,Obviant,obviant.com,https://obviant.com,https://www.linkedin.com/company/obviant,obviant,United States,"Washington, D.C.",17.0,11-50 employees,Privately Held,"B2B,B2C",0-500K,$5M - $10M,"Technology, Information and Internet","Defense and Government Services,Enterprise Software Solutions","B2B, Defense, Data Intelligence",2021.0,1489.0,Business Type contains B2B; Pattern Tags contain B2B,"explicit SaaS / cloud / enterprise-software / platform language; SubIndustry is software/platform (Defense and Government Services,Enterprise Softwar)",affordability_exception,revenue 0-500K contradicted by funding $5M - $10M,"Obviant is a data intelligence platform to simplify defense acquisition & GTM. We map the acquisition landscape, making it easy to track budget, programs, the people who own them in the DoD - and much more.","Obviant is a data intelligence platform simplifying defense acquisition and go-to-market strategies. The platform maps the acquisition landscape, enabling users to track budget, programs, and key personnel within the Department of Defense. Obviant's data-driven products aim to propel defense technology and are designed for both commercial companies entering or operating within the defense market, and government entities seeking to enhance their capabilities.",2026-09-14
SQ125185,33937,43,Linkwell Health,linkwellhealth.com,https://linkwellhealth.com,https://www.linkedin.com/company/linkwell-health,linkwell-health,United States,"New York, NY",47.0,11-50 employees,Privately Held,B2B,500K-1M,Funding unknown,"Technology, Information and Media","Digital Health and Telemedicine,Healthcare Software","Digital Health, Member Engagement, HIPAA Compliant",2008.0,7240.0,Business Type contains B2B,"explicit SaaS / cloud / enterprise-software / platform language; SubIndustry is software/platform (Digital Health and Telemedicine,Healthcare Softwar)",affordability_exception,"revenue 500K-1M retained on operating scale (headcount 47, strong B2B SaaS signals)","Linkwell Health is a consumer engagement company that leverages powerful technology, high-performing content, and deep healthcare expertise to deliver omnichannel digital health experiences that build trust, maximize engagement, and activate consumers in the programs, benefits, and care they need. Linkwell Health’s engagement solutions drive acquisition, onboarding, quality metrics, benefits activation, and retention for some of the biggest brands in healthcare.","Linkwell Health is a digital health company that provides a member engagement platform for health plans and health service organizations. Their HIPAA-compliant platform delivers personalized communications to improve health outcomes by driving behavior change. They specialize in engaging members with benefits, services, and care across Medicare, Medicaid, and commercial populations, differentiating themselves through behavioral science and adaptive technology.",2026-09-14
SQ125189,33938,43,Link-N-Tech,link-n-tech.com,https://link-n-tech.com,https://www.linkedin.com/company/link-n-tech,link-n-tech,United States,"Lombard, Illinois",31.0,11-50 employees,Privately Held,B2B,,Funding unknown,IT Services and IT Consulting,"Healthcare Software,Retail and Ecommerce Software","B2B, SaaS, Fitness Technology",2021.0,55.0,Business Type contains B2B; Pattern Tags contain B2B,"Pattern Tags contain SaaS; explicit SaaS / cloud / enterprise-software / platform language; SubIndustry is software/platform (Healthcare Software,Retail and Ecommerce Software)",affordability_exception,"revenue (missing) retained on operating scale (headcount 31, strong B2B SaaS signals)","At Link-N-Tech, we deliver fitness and technology solutions that drive business success and enhance member engagement. Our advanced tools boost revenue, expand membership, and ensure a seamless fitness journey.

Founded in Illinois, “The Land of Lincoln”, Link-N-Tech was created to bridge the gap between healthcare and fitness through advanced technology. With over 25 years of expertise in the fitness and technology industries, we are committed to enhancing visibility and operational efficiency for health and fitness businesses. Our mission is to provide solutions that foster business growth, ","Link-N-Tech provides technology solutions to health and fitness businesses, focusing on driving revenue, expanding membership, and streamlining operations. They offer a mobile app that integrates various functions, enhances provider connections, and boosts member engagement. Link-N-Tech differentiates itself through deep industry knowledge, customizable solutions, and robust customer support.",2026-09-14
SQ128546,33976,43,DataIncyte,dataincyte.com,https://dataincyte.com,https://www.linkedin.com/company/dataincyte,dataincyte,United States,"Plano, Texas",31.0,11-50 employees,Privately Held,B2B,,Funding unknown,IT Services and IT Consulting,Data and Analytics Software,"SaaS, Data Analytics, GenAI",2022.0,3.0,Business Type contains B2B,Pattern Tags contain SaaS; explicit SaaS / cloud / enterprise-software / platform language; SubIndustry is software/platform (Data and Analytics Software),affordability_exception,"revenue (missing) retained on operating scale (headcount 31, strong B2B SaaS signals)","Data insights that matter !
Passionate team of individuals with expertise on Data Architecture, Cloud Architecture, Big Data analytics, Gen AI & ML solutions. Pioneer in scalable SaaS product design and delivery.
Decoding messy data for actionable insights, patterns and trends leveraging platform agnostic solutions.","Dataincyte is a SaaS company offering data analytics solutions. They provide advanced analytics, data visualization, and Gen AI integration services to help businesses unlock insights and improve decision-making. Dataincyte aims to revolutionize data analytics and empower businesses to thrive through data-driven strategies.",2026-09-14
SQ129183,33987,43,Cardddle - #1 SEO-Optimized Personal Website & AI-Powered Lead Manager for Exhibitors,cardddle.com,https://cardddle.com,https://www.linkedin.com/company/cardddle,cardddle,United States,"Fair lawn, New Jersey",31.0,11-50 employees,Privately Held,B2B,,Funding unknown,Design,Enterprise Software Solutions,"Digital Business Cards, SaaS, Contactless",,987.0,Business Type contains B2B,Pattern Tags contain SaaS; explicit SaaS / cloud / enterprise-software / platform language; SubIndustry is software/platform (Enterprise Software Solutions),affordability_exception,"revenue (missing) retained on operating scale (headcount 31, strong B2B SaaS signals)","Cardddle – Empowering Exhibitors with AI-Driven Lead Management and SEO-Optimized Personal Websites

Cardddle is a revolutionary platform designed to address the challenges exhibitors face in managing leads effectively during exhibitions and trade shows. It offers an SEO-optimized personal website and an AI-enabled lead management system to ensure exhibitors stay connected with their leads and convert them efficiently.

Core Features and Benefits
1. SEO-Optimized Personal Website:
Increases brand visibility through higher search engine rankings.
Provides an interactive platform to showcase pro","Cardddle is a digital business card platform that allows users to create, customize, and share virtual business cards. It offers various templates and features designed for professionals and businesses to modernize their networking and client interactions. Users can share their cards via QR codes, links, email, and more. Cardddle differentiates itself by emphasizing ease of use, customization options, and contactless sharing, promoting a modern and eco-friendly alternative to traditional paper business cards.",2026-09-14
SQ148710,34178,43,Dheyo AI,dheyo.ai,https://dheyo.ai,https://www.linkedin.com/company/dheyo-ai,dheyo-ai,United States,"Palo Alto, CA",20.0,11-50 employees,Privately Held,B2B,,Funding unknown,"Technology, Information and Internet",AI and ML Platforms,"B2B, AI, SaaS",,1359.0,Business Type contains B2B; Pattern Tags contain B2B,Pattern Tags contain SaaS; explicit SaaS / cloud / enterprise-software / platform language; SubIndustry is software/platform (AI and ML Platforms),affordability_exception,"revenue (missing) retained on operating scale (headcount 20, strong B2B SaaS signals)","Elevating Agentic AI
Empower your AI-powered research team with Dheyo AI. Get personalized insights and custom reports, delivered with unmatched speed and precision.",Dheyo AI empowers AI-powered research teams with personalized insights and custom reports delivered with speed and precision.,2026-09-14
SQ156060,34265,43,Rydberg Technologies,rydbergtechnologies.com,https://rydbergtechnologies.com,https://www.linkedin.com/company/rydberg-technologies,rydberg-technologies,United States,"Ann Arbor, Michigan",13.0,11-50 employees,Privately Held,B2B,0-500K,$1M - $5M,Research Services,"Aviation and Aerospace Component Manufacturing,Quantum Computing Software","Quantum Computing, B2B, Deep Tech",2015.0,5421.0,Business Type contains B2B; Pattern Tags contain B2B,"SubIndustry is software/platform (Aviation and Aerospace Component Manufacturing,Qua)",affordability_exception,revenue 0-500K contradicted by funding $1M - $5M,"Rydberg Technologies is a developer of quantum sensing, measurement, and imaging solutions.","Rydberg Technologies is a developer of quantum sensing, measurement, and imaging solutions leveraging the unique properties of Rydberg atoms. Their core product is the Rydberg Field Measurement System (RFMS), the world's first atomic RF sensor, capable of precise RF electric field measurements. They also offer the miniSatSpec for atomic referencing and a range of atomic vapor cells for various quantum technology applications. Rydberg Technologies differentiates itself through its focus on deployable atomic quantum devices engineered for high performance and usability, with a particular emphasi",2026-09-14
SQ156355,34272,43,ReversExit,reversexit.com,https://reversexit.com,https://www.linkedin.com/company/reversexit,reversexit,United States,"San Jose, CA",31.0,11-50 employees,Privately Held,B2B,500K-1M,Funding unknown,Fundraising,"Financial Services Software,Enterprise Software Solutions","B2B, Startup Ecosystem, Investment Platform",2013.0,45.0,Business Type contains B2B; Pattern Tags contain B2B,"explicit SaaS / cloud / enterprise-software / platform language; SubIndustry is software/platform (Financial Services Software,Enterprise Software So)",affordability_exception,"revenue 500K-1M retained on operating scale (headcount 31, strong B2B SaaS signals)","ReversExit helps startups to succeed using a revolutionary, patent-pending method, backed by a smart metadata analysis platform that connects early stage startups with strategic partners, thus boosting a startup's successful activity by highlighting its attractiveness for investors, mentors, crowdfunding, accelerators, vendors and all other players in the industry that willing to conduct equity-based transaction.","ReversExit aimed to assist startups by connecting them with strategic partners, investors, mentors, crowdfunding sources, accelerators, and vendors for equity-based transactions. The platform used a patent-pending method and metadata analysis to highlight a startup's attractiveness to potential partners.",2026-09-14
SQ165466,34400,43,Benefits365.ai,benefits365.ai,https://benefits365.ai,https://www.linkedin.com/company/benefits365-ai,benefits365-ai,United States,"San Jose, CA",31.0,11-50 employees,Privately Held,B2B,,Funding unknown,"Technology, Information and Internet","Financial Services Software,Enterprise Software Solutions","B2B, SaaS, Benefits Administration",2018.0,0.0,Business Type contains B2B; Pattern Tags contain B2B,"Pattern Tags contain SaaS; explicit SaaS / cloud / enterprise-software / platform language; SubIndustry is software/platform (Financial Services Software,Enterprise Software So)",affordability_exception,"revenue (missing) retained on operating scale (headcount 31, strong B2B SaaS signals)","At Benefits 365, we're dedicated to revolutionizing the way benefits managers educate and empower their employees. Our comprehensive benefits and retirement platform offers a suite of tools and resources designed to streamline benefits administration, enhance employee education, and provide easy access to vital plan information.","Benefits365.ai is a comprehensive benefits and retirement platform that empowers benefits managers to educate and engage their employees. The platform offers tools and resources to streamline benefits administration, enhance employee education, and provide easy access to plan information. It leverages an AI-powered solution to make benefits management easier while increasing employee use and satisfaction. Benefits365.ai partners with Engagez, utilizing their platform to offer customized benefits and retirement engagement solutions.",2026-09-14
SQ165807,34406,43,ALMA.AI,alma.ai,https://alma.ai,https://www.linkedin.com/company/alma-fashion-ai,alma-fashion-ai,United States,"Los Angeles, California",31.0,11-50 employees,Privately Held,B2B,,Funding unknown,"Technology, Information and Internet","Retail and Ecommerce Software,Enterprise Software Solutions","B2B, SaaS, Fashion Tech",2022.0,62.0,Business Type contains B2B; Pattern Tags contain B2B,"Pattern Tags contain SaaS; explicit SaaS / cloud / enterprise-software / platform language; SubIndustry is software/platform (Retail and Ecommerce Software,Enterprise Software )",affordability_exception,"revenue (missing) retained on operating scale (headcount 31, strong B2B SaaS signals)","ALMA is the first all-in-one solution for fashion brands, merging comprehensive logistics, advanced PLM, and AI-powered e-commerce. Our tools for design, sourcing, manufacturing, and collaboration, combined with efficient order fulfillment and analytics, accelerate time to market, improve product quality, and drive sustainable growth.","ALMA.AI provides an all-in-one platform for fashion brands, integrating comprehensive logistics, advanced PLM, and AI-powered e-commerce solutions. The company offers tools for design, sourcing, manufacturing, and collaboration, combined with order fulfillment and analytics. ALMA's platform aims to accelerate time to market, improve product quality, and drive sustainable growth for fashion brands by streamlining their entire operation from product design to final sale, including rental and resale options.",2026-09-14
SQ166754,34419,43,Konecteaze.com,konecteaze.com,https://konecteaze.com,https://www.linkedin.com/company/konecteaze,konecteaze,United States,"San Antonio, Texas",31.0,11-50 employees,Privately Held,"B2B,B2C",,Funding unknown,"Technology, Information and Internet","IT Services and Cybersecurity,Digital Publishing and Streaming Platforms","Internet Services, Comparison Platform, B2C",2014.0,3.0,Business Type contains B2B,"explicit SaaS / cloud / enterprise-software / platform language; SubIndustry is software/platform (IT Services and Cybersecurity,Digital Publishing a)",affordability_exception,"revenue (missing) retained on operating scale (headcount 31, strong B2B SaaS signals)","KonectEaze is the first AI-powered internet-service comparison engine built for movers, upgraders, and anyone tired of slow broadband.

• Instant Provider Match: Enter an address, instantly see every plan—fiber, cable, 5G, satellite, fixed-wireless—ranked by speed, price, data, and 500+ verified reviews.
• Human Help On-Demand: Prefer a friendly voice? Our Texas-based experts (the same pros who have closed 1 M+ telecom sales since 2014) can walk you through options in minutes.
• Move Buddy & Voice Bots: From automated “turn-utilities-on/off” reminders to white-label voice agents that answer ca","Konecteaze.com is an internet service marketplace that helps users find and compare internet service providers, plans, and deals in their area. They aggregate listings from various providers, including AT&T, Rise Broadband, HughesNet, CenturyLink, Spectrum, and Viasat. Konecteaze caters to both residential and business customers, providing options for TV, internet, home security, and energy services. Konecteaze operates nationwide, serving over 40,000 ZIP codes.",2026-09-14
SQ168009,34445,43,Mailburn,mailburn.com,https://mailburn.com,https://www.linkedin.com/company/mailburn,mailburn,United States,"Redwood City, CA",31.0,11-50 employees,Privately Held,,,Under $1M,"Technology, Information and Internet",,,2014.0,49.0,description addresses businesses/teams/organisations,explicit SaaS / cloud / enterprise-software / platform language,affordability_exception,"revenue (missing) retained on operating scale (headcount 31, strong B2B SaaS signals)","Mailburn is clever email solution for companies. We are not here to replace Exchange or Gmail, but we will enhance it with advanced business features to facilitate your business workflow.

Mailburn
1. Eliminates manual email management activities we do on a daily basis, like reminders, scheduling and follow-ups
2. Integrates with your existing ERP and SaaS systems - now you can approve/reject expenditure requests, comment on tasks or update CRM leads without leaving email.
3. Is a secure, encrypted and safeguarded email.

And Mailburn is really smart. 
We will remind you to follow up o",,2026-09-14
SQ168467,34451,43,Finomics,finomics.ai,https://finomics.ai,https://www.linkedin.com/company/finomics-ai,finomics-ai,United States,"Chandler, AZ",32.0,11-50 employees,Privately Held,,,Funding unknown,Information Services,,,,402.0,description addresses businesses/teams/organisations,explicit SaaS / cloud / enterprise-software / platform language,affordability_exception,"revenue (missing) retained on operating scale (headcount 32, strong B2B SaaS signals)","Finomics is an intelligent FinOps platform to bring cost clarity and foresight across your Cloud, SaaS, and PaaS ecosystem. Key features like AI-enhanced forecasting, budgeting, and anomaly detection empower businesses to optimize costs and strategically fund the most valuable initiatives. Chargeback and showback features create awareness and accountability across finance and tech teams.",,2026-09-14
SQ168860,34456,43,BlinkPay ,blinkpay.ai,https://blinkpay.ai,https://www.linkedin.com/company/blinkpay-ai,blinkpay-ai,United States,"Austin, Texas",31.0,11-50 employees,Privately Held,,,Funding unknown,Financial Services,,,2016.0,8.0,description addresses businesses/teams/organisations,explicit SaaS / cloud / enterprise-software / platform language,affordability_exception,"revenue (missing) retained on operating scale (headcount 31, strong B2B SaaS signals)","Blink Pay | Creating New Paths in Merchant Payments & Fintech
At Blink Pay, we are creating new paths in merchant services, POS solutions, and fintech innovation by delivering a seamless, secure, and efficient payment experience. Our platform is designed to empower businesses, from small retailers to large enterprises, with cutting-edge digital payment solutions that optimize transactions and drive financial growth.

Blink Pay provides merchants with a comprehensive suite of payment tools, including:
 Smart POS systems for fast, reliable in-store transactions
 Integrated merchant services to s",,2026-09-14
SQ170548,34480,43,Winner Analytix,winneranalytix.com,https://winneranalytix.com,https://www.linkedin.com/company/winner-analytix,winner-analytix,United States,"Fremont, California",31.0,11-50 employees,Privately Held,B2B,,Funding unknown,Services for Renewable Energy,"AI and ML Platforms,Renewable Energy and Clean Tech","B2B, SaaS, AI Solutions",2015.0,17.0,Business Type contains B2B; Pattern Tags contain B2B,"Pattern Tags contain SaaS; explicit SaaS / cloud / enterprise-software / platform language; SubIndustry is software/platform (AI and ML Platforms,Renewable Energy and Clean Tec)",affordability_exception,"revenue (missing) retained on operating scale (headcount 31, strong B2B SaaS signals)",World's Most Advanced Actionable Insights Platform for Renewable Energy Assets,"Winner Analytix is a SaaS provider offering AI-driven analytics solutions to businesses. Their services include AI-powered analytics, chatbot development, predictive modeling, natural language processing, and image recognition. The company specializes in actionable insights for renewable energy assets and provides custom AI solutions tailored to specific business needs.",2026-09-14
SQ170743,34483,43,Azoya,azoya.com,https://azoya.com,https://www.linkedin.com/company/-ads,-ads,United States,"San Franciso , California",31.0,11-50 employees,Privately Held,B2B,,Funding unknown,"Technology, Information and Internet","IT Services and Cybersecurity,Management Consulting and Strategy Consulting","B2B, SaaS, Strategic Partnerships",2021.0,23.0,Business Type contains B2B; Pattern Tags contain B2B,Pattern Tags contain SaaS; explicit SaaS / cloud / enterprise-software / platform language,affordability_exception,"revenue (missing) retained on operating scale (headcount 31, strong B2B SaaS signals)","At Azoya, we offer comprehensive consulting services in strategic partnerships, revenue optimization, AI and cloud strategy, leadership development, and investor support. Our expertise, backed by successful collaborations with industry leaders, ensures continuous support to drive growth, innovation, and lasting impact for your business.","Azoya Advisory Services provides consulting services tailored to tech and SaaS companies, focusing on strategic partnerships, revenue optimization, AI and cloud strategy, leadership development, and investor support. They differentiate themselves by leveraging expertise, successful collaborations, and a commitment to innovation, growth, and impact in the tech industry.",2026-09-14
SQ016782,34856,41,Hawaii Action Academy,jumbula.com,https://jumbula.com,https://www.linkedin.com/company/hawaii-action-academy,hawaii-action-academy,United States,"Kailua Kona, Hawaii",23.0,11-50 employees,Privately Held,B2B,,Funding unknown,Software Development,"E-Learning Platforms and EdTech,Enterprise Software Solutions","SaaS, online registration, B2B",2013.0,376.0,Business Type contains B2B; Pattern Tags contain B2B,"Pattern Tags contain SaaS; explicit SaaS / cloud / enterprise-software / platform language; SubIndustry is software/platform (E-Learning Platforms and EdTech,Enterprise Softwar)",affordability_exception,"revenue (missing) retained on operating scale (headcount 23, strong B2B SaaS signals)","Jumbula is a powerful all-in-one online registration software platform fit for organizations of any type or size. Whether you want to free up time or fill up your programs to capacity, we have the right solutions for you. And equally as important, Jumbula is hassle-free and easy to use.

With features like customizable registration forms, automated communication tools, secure payment processing, and detailed reporting capabilities, Jumbula streamlines the registration process and helps organizations efficiently manage their activities, such as after-school programs, enrichment classes, educati","Jumbula is an online registration and management platform designed for organizations offering classes, camps, childcare, and after-school programs. It provides tools for online registration, online payments, business marketing, and scheduling. The platform caters to various sectors, including educational centers, performing arts, sports, and community services. Jumbula offers a suite of marketing tools, reporting, and mobile apps to help businesses manage enrollments, track attendance, and communicate with parents.",2026-09-14
SQ019677,34874,41,Whiteboard CRM,whiteboardcrm.com,https://whiteboardcrm.com,https://www.linkedin.com/company/whiteboardcrm,whiteboardcrm,United States,"Oklahoma City, Oklahoma",31.0,11-50 employees,Privately Held,,,,Software Development,,,2014.0,598.0,description addresses businesses/teams/organisations,explicit SaaS / cloud / enterprise-software / platform language,affordability_exception,"revenue (missing) retained on operating scale (headcount 31, strong B2B SaaS signals)","WHITEBOARD CRM (a division of Whiteboard Technology, LLC.) is a fast-growing SaaS provider of CRM software specifically created for the mortgage industry. Based in Oklahoma City, OK, our clients include many of the nation's top loan originators.

At WHITEBOARDCRM, our industry impact comes from our belief that successful businesses are built on solid customer partnerships and client relationships. Our mortgage-specific CRM helps loan originators close more loans, create better relationships, and increase referrals by automatically staying in touch with contacts, clients, and partners. See more",,2026-09-14
SQ128901,35112,41,CoCaptain,cocaptain.co,https://cocaptain.co,https://www.linkedin.com/company/cocaptainco,cocaptainco,United States,"New York, NY",31.0,11-50 employees,Privately Held,"B2B, B2C",500K-1M,Funding unknown,E-Learning Providers,"Retail and Ecommerce Software, E-Learning Platforms and EdTech","B2C, B2B, Marketplace",2020.0,472.0,Business Type contains B2B; Pattern Tags contain B2B,"explicit SaaS / cloud / enterprise-software / platform language; SubIndustry is software/platform (Retail and Ecommerce Software, E-Learning Platform)",affordability_exception,"revenue 500K-1M retained on operating scale (headcount 31, strong B2B SaaS signals)",CoCaptain is an online marketplace that connects Coaches and Clients for personal and professional growth. We are on a mission to make coaching accessible for all!,"CoCaptain is an online marketplace connecting coaches with individuals and organizations seeking personal and professional development. They provide a platform that facilitates the matching of clients with business coaches, life coaches, subject matter experts, and advisors. Their mission is to make coaching accessible to all, offering a wide range of services, including professional development, personal growth, mentorship, and advice. What differentiates CoCaptain is its focus on providing a convenient and affordable virtual coaching experience.",2026-09-14
SQ164092,35193,41,d'Vinci Interactive,dvinci.com,https://dvinci.com,https://www.linkedin.com/company/d'vinci-interactive,d'vinci-interactive,United States,"Hagerstown, MD",33.0,11-50 employees,Privately Held,B2B,500K-1M,Funding unknown,E-Learning Providers,"Enterprise Software Solutions,E-Learning Platforms and EdTech","eLearning, B2B, LMS",1994.0,1204.0,Business Type contains B2B; Pattern Tags contain B2B,"explicit SaaS / cloud / enterprise-software / platform language; SubIndustry is software/platform (Enterprise Software Solutions,E-Learning Platforms)",affordability_exception,"revenue 500K-1M retained on operating scale (headcount 33, strong B2B SaaS signals)","d’Vinci Interactive is an award-winning learning and technology partner trusted by leading organizations for over 30 years. We combine instructional strategy, creative design, and technical expertise to solve real-world training challenges.
From custom eLearning and gamified microlearning to educational websites and our ecoLearn LMS, we build solutions that help learners grow and organizations perform.

Who We Help:
Corporate Workforce • Consumer Brands • Government Agencies
Damage Prevention & Safety • K–12 Education • Law Enforcement
Nonprofits • Sales & Marketing Teams


Please Note:
Protec","d'Vinci Interactive creates custom eLearning and training solutions to engage learners. They offer a range of services including learning experience design, content development, video and animation, educational websites, and application development. They serve diverse clients, including corporations, government agencies, medical organizations, non-profits, and educational institutions. The company is known for its longevity in the industry, its expertise in learning and technology, and its ecoLearn LMS.",2026-09-14
SQ015940,35737,40,New Ocean Health Solutions,newoceanhealthsolutions.com,https://newoceanhealthsolutions.com,https://www.linkedin.com/company/new-ocean-health-solutions,new-ocean-health-solutions,United States,"Conshohocken, PA",26.0,11-50 employees,Privately Held,B2B,,Funding unknown,Software Development,"Healthcare Software,Digital Health and Telemedicine","Digital Health, B2B, Personalized Coaching",2013.0,1123.0,Business Type contains B2B; Pattern Tags contain B2B,"explicit SaaS / cloud / enterprise-software / platform language; SubIndustry is software/platform (Healthcare Software,Digital Health and Telemedicin)",affordability_exception,"revenue (missing) retained on operating scale (headcount 26, strong B2B SaaS signals)","New Ocean Health Solutions is a software design and development company focused singularly on healthcare. We empower health plans, hospital systems and companies to foster a healthy culture and enable people to better manage their physical, mental and emotional health with a 24/7 digital solution  We deliver on the need for a digital platform that connects employees to their companies and provide flexible integration with our health and wellness solutions and any and all third party solutions through APIs.

Led by business executive Hal Rosenbluth, the New Ocean team is committed to pioneering","New Ocean Health Solutions provides a personalized digital coaching application designed to assist employees and health plan members in managing their chronic health conditions, mental health, and overall lifestyle. Their platform, including the Voyage app, offers customized care plans, coaching, progress tracking, and integration with existing healthcare ecosystems. New Ocean distinguishes itself by offering a cost-effective solution that integrates quickly and achieves high engagement rates, helping organizations improve health outcomes and reduce healthcare costs.",2026-09-14
SQ017720,35801,40,Fortress OS,fortresstech.io,https://fortresstech.io,https://www.linkedin.com/company/fortressos,fortressos,United States,"Nashville, TN",48.0,11-50 employees,Privately Held,,,,Software Development,,,2017.0,5188.0,description addresses businesses/teams/organisations,platform language in a software-native industry,affordability_exception,"revenue (missing) retained on operating scale (headcount 48, strong B2B SaaS signals)","Fortress OS is the only property management platform purpose-built for affordable housing. Built by operators who’ve lived the challenges firsthand, Fortress simplifies compliance, leasing, maintenance, and reporting—all in one intuitive, powerful system. No workarounds. No outdated tools. Just software that gets affordable housing right. Affordable housing deserved better. So we built it.

Are you committed to another platform? We’ll transfer your information and onboard you—we offer a less than 48-hour conversion guarantee.",,2026-09-14
SQ018482,35826,40,Dev Roles,devroles.com,https://devroles.com,https://www.linkedin.com/company/devrole,devrole,United States,Los Angeles,31.0,11-50 employees,Privately Held,"B2B,B2C",,Funding unknown,Software Development,"Human Resources, Staffing and Recruitment,Developer Tools and Platforms","Developer focused, Job Platform",2017.0,1427.0,Business Type contains B2B,"SubIndustry is software/platform (Human Resources, Staffing and Recruitment,Develope)",affordability_exception,"revenue (missing) retained on operating scale (headcount 31, strong B2B SaaS signals)","Dev Roles is a dedicated job platform tailored specifically for developers looking to advance their careers. We connect skilled software engineers, web developers, data scientists, and other tech professionals with leading companies seeking top talent. Our mission is to streamline the job search process, providing a user-friendly experience that focuses on the unique needs of the developer community.","Dev Roles is a specialized job platform connecting skilled developers with companies seeking tech talent. It streamlines the job search process with a user-friendly experience tailored for the developer community, offering listings for roles such as software engineers, web developers, and data scientists. They appear to focus on remote and US-based opportunities.",2026-09-14
SQ020328,35871,40,OmniSync Incorporated (dba TurboInnovate),turboinnovate.com,https://turboinnovate.com,https://www.linkedin.com/company/omnisync,omnisync,United States,"San Diego, California",23.0,11-50 employees,Privately Held,"B2B,B2C",,Funding unknown,"Technology, Information and Internet","Management Consulting and Strategy Consulting,Data and Analytics Software","B2B, B2G, Market Intelligence",2019.0,2177.0,Business Type contains B2B; Pattern Tags contain B2B,"explicit SaaS / cloud / enterprise-software / platform language; SubIndustry is software/platform (Management Consulting and Strategy Consulting,Data)",affordability_exception,"revenue (missing) retained on operating scale (headcount 23, strong B2B SaaS signals)","OmniSync is a pioneering, VC and government-backed software and services company dedicated to empowering innovation experts and enthusiasts with actionable market, funding, and partnering insights.  

For more information check out our product page @TurboInnovate.","TurboInnovate is a market research tool that aggregates data from 10+ different databases containing information about innovations occurring across government, industry, and academia, easily accessible through a simple user interface. It serves both government and commercial clients, offering custom reports and a platform for research, analysis, scouting, and partnering. The company's key differentiator lies in its comprehensive data aggregation and AI-powered analysis, providing consultant-grade analytical reports without the traditional costs and delays. TurboInnovate is currently transition",2026-09-14
SQ048567,36623,40,DrayPower,dray-power.com,https://dray-power.com,https://www.linkedin.com/company/draypower,draypower,United States,"Carson, California",31.0,11-50 employees,Privately Held,B2B,,Funding unknown,"Transportation, Logistics, Supply Chain and Storage","Logistics Technology,Warehousing, Fulfillment and 3PL Services","B2B, Yard Management, Logistics Tech",2023.0,954.0,Business Type contains B2B; Pattern Tags contain B2B,"SubIndustry is software/platform (Logistics Technology,Warehousing, Fulfillment and )",affordability_exception,"revenue (missing) retained on operating scale (headcount 31, strong B2B SaaS signals)","At Draypower, we understand that managing yard logistics is challenging in today's complex transportation environment. That's why we've developed an innovative solution that goes beyond just software – a synergy of cutting–edge technology and human expertise designed to maximize your yards.

•	Access a network of premium yard spaces with flexible rental terms.
•	Leverage real-time data and analytics to optimize asset utilization and spot pricing.
•	Collaborate with our team of experts to execute strategies that meet changing market demands.
•	Integrate yards, equipment, and technology into one","DrayPower provides yard management solutions, combining technology and human expertise to maximize yard efficiency. They offer access to a network of premium yard spaces with flexible rental terms, real-time data and analytics, and expert guidance to optimize asset utilization and execute strategies. DrayPower integrates yards, equipment, and technology into a logistics ecosystem, aiming to boost operations and ROI.",2026-09-14
SQ062839,36959,40,Smarter Sorting,smartersorting.com,https://smartersorting.com,https://www.linkedin.com/company/smartersorting,smartersorting,United States,"Boulder, Colorado",37.0,11-50 employees,Privately Held,,,Funding unknown,Software Development,,,2015.0,2969.0,description addresses businesses/teams/organisations,explicit SaaS / cloud / enterprise-software / platform language,affordability_exception,"revenue (missing) retained on operating scale (headcount 37, strong B2B SaaS signals)","Smarter Sorting helps retailers and brands unlock product intelligence through AI-powered classification, enrichment, and compliance tools. From streamlining regulatory reviews to reducing hazardous waste, our platform transforms messy product data into actionable insights—saving time, cutting costs, and making compliance feel a whole lot smarter.",,2026-09-14
SQ064895,37014,40,"Nrby, Inc.",nrby.com,https://nrby.com,https://www.linkedin.com/company/nrbyai,nrbyai,United States,"Manchester, New Hampshire",32.0,11-50 employees,Privately Held,,,Funding unknown,Software Development,,,2015.0,616.0,description addresses businesses/teams/organisations,explicit SaaS / cloud / enterprise-software / platform language,affordability_exception,"revenue (missing) retained on operating scale (headcount 32, strong B2B SaaS signals)","Nrby is a platform designed to simplify operations utilizing predictive intelligence, AI, and machine learning. It provides a centralized platform for overseeing operations with real-time visibility and precision, enabling organizations to streamline workflows, enhance collaboration, and accelerate return on investment. By leveraging location-based intelligence, Nrby empowers organizations to anticipate and solve issues before they occur, keeping operations seamless and ahead of the curve.

At Nrby, we’re redefining how businesses streamline operations, maximize ROI, and drive smarter growth. ",,2026-09-14
SQ065621,37026,40,Mango Web,mangoweb.io,https://mangoweb.io,https://www.linkedin.com/company/mangoweb,mangoweb,United States,"San Jose, California",31.0,11-50 employees,Privately Held,B2B,,Funding unknown,Software Development,Developer Tools and Platforms,"Web Development, SaaS, Prototyping",2024.0,0.0,Business Type contains B2B,Pattern Tags contain SaaS; explicit SaaS / cloud / enterprise-software / platform language; SubIndustry is software/platform (Developer Tools and Platforms),affordability_exception,"revenue (missing) retained on operating scale (headcount 31, strong B2B SaaS signals)","Mango Web is a fast and powerful web page builder for prototyping and production. Whether you are a developer or business owner, Mango lets you move fast and scale your application, saving you time and money.","Mango Web is a web page builder platform designed for rapid prototyping and application development. It targets both developers and business owners, aiming to provide a fast and powerful solution for building and scaling web applications. The company's online presence is currently limited, suggesting an early stage of development.",2026-09-14
SQ067427,37060,40,Flux Solutions,fluxsolutions.co,https://fluxsolutions.co,https://www.linkedin.com/company/flux-solutions-usa,flux-solutions-usa,United States,"San Jose, California",31.0,11-50 employees,Privately Held,B2B,,Funding unknown,Software Development,Financial Services Software,"B2B, SaaS, Salesforce",2024.0,15.0,Business Type contains B2B; Pattern Tags contain B2B,Pattern Tags contain SaaS; explicit SaaS / cloud / enterprise-software / platform language; SubIndustry is software/platform (Financial Services Software),affordability_exception,"revenue (missing) retained on operating scale (headcount 31, strong B2B SaaS signals)","Your Innovation Partner in Digital Transformation: Redefining Financial Technologies

In the evolving landscape of financial technology, we are your pioneers, breaking new ground with innovative solutions. Flux Solutions doesn't follow change; we shape it, rewriting the rules for the future.","Flux Solutions is a financial technology company specializing in Salesforce-based loan management solutions. They offer a suite of products designed to streamline loan origination, underwriting, servicing, collections, and treasury management. Flux Solutions targets various lending institutions, including Community Development Financial Institutions (CDFIs), small business lenders, independent sales organizations, and real estate loan lenders. They differentiate themselves by providing AI-powered lending solutions that integrate seamlessly with the Salesforce platform, aiming to automate proce",2026-09-14
SQ072905,37174,40,ApexAI Sunscribe,sunscribe.us,https://sunscribe.us,https://www.linkedin.com/company/apexai-sunscribe,apexai-sunscribe,United States,"Carlsbad, California",31.0,11-50 employees,Privately Held,B2B,,Funding unknown,Software Development,"AI and ML Platforms,Legal Services and Regulatory Compliance","B2B, SaaS, AI-Powered",2024.0,34.0,Business Type contains B2B; Pattern Tags contain B2B,"Pattern Tags contain SaaS; explicit SaaS / cloud / enterprise-software / platform language; SubIndustry is software/platform (AI and ML Platforms,Legal Services and Regulatory )",affordability_exception,"revenue (missing) retained on operating scale (headcount 31, strong B2B SaaS signals)","Sunscribe is an AI-powered audio and video transcription service developed by ApexAI. With proficiency in 78 languages and the ability to recognize 140 accents, Sunscribe establishes itself as a dependable resource for meeting global transcription needs. The user-friendly interface has been meticulously designed to simplify the proofreading process, and our integration of advanced speech-to-text models ensures a level of precision and efficiency in automatic transcription that sets us apart in the industry.","Sunscribe, an ApexAI product, is an AI-driven audio and video transcription service, capable of handling 78 languages and recognizing 140 accents. It features a user-friendly interface for editing and proofreading. It targets a global market with a specific focus on legal, medical, and academic transcription needs.",2026-09-14
SQ075493,37225,40,Real Write,real-write.com,https://real-write.com,https://www.linkedin.com/company/real-write,real-write,United States,California,31.0,11-50 employees,Privately Held,,,Funding unknown,Software Development,,,2025.0,8.0,description addresses businesses/teams/organisations,explicit SaaS / cloud / enterprise-software / platform language,affordability_exception,"revenue (missing) retained on operating scale (headcount 31, strong B2B SaaS signals)","Real Write humanizes AI-generated text to sound human, helping:

 Sales teams craft messages that get opened and replied to.
 Marketers create content that truly engages.
 Students polish their work and confidently pass AI detectors.

Turn AI Text Into Human Language
Easily convert stiff, robotic writing into smooth, natural-sounding content. Real Write helps you rewrite text from tools like ChatGPT, making it feel authentic and more likely to pass AI detection.

Identify AI-Generated Content
Quickly check whether text was written by a human or an AI. Our AI checker makes it easy to spot robot",,2026-09-14
SQ078899,37291,40,"MisticusMind, INC.",misticusmind.com,https://misticusmind.com,https://www.linkedin.com/company/misticusmind,misticusmind,United States,"Alpharetta, Georgia",20.0,11-50 employees,Privately Held,B2B,,Funding unknown,Software Development,"AI and ML Platforms,Legal Services and Regulatory Compliance","B2B, AI Solutions, Digital Transformation",2021.0,2875.0,Business Type contains B2B; Pattern Tags contain B2B,"SubIndustry is software/platform (AI and ML Platforms,Legal Services and Regulatory )",affordability_exception,"revenue (missing) retained on operating scale (headcount 20, strong B2B SaaS signals)","MisticusMind envisions a future where intelligent technology seamlessly integrates with human ingenuity to transform industries and enhance lives. Our cutting-edge AI solutions, including proprietary language models and visual AI, are crafted to revolutionize how organizations handle unstructured data, ensuring precision and efficiency in digitalization.

We are committed to elevating manufacturing standards with advanced Visual AI-driven quality assurance and defect detection. Our AI sentiment analysis tools foster healthier and more harmonious environments by proactively predicting and addre","MisticusMind provides AI solutions to transform industries and improve business efficiency. They offer products like ContractGenius.AI for smart contract management, QueryGenius.AI for data querying, VisualGenius.AI for visual analysis, and SentimentGenius.AI for sentiment analysis. They differentiate themselves through AI-powered tools for unstructured data and improving manufacturing standards. They also provide Salesforce services through a strategic partnership with Soham Technologies India.",2026-09-14
SQ079233,37305,40,MeetingSift,meetingsift.com,https://meetingsift.com,https://www.linkedin.com/company/sift-co-,sift-co-,United States,"Palo Alto, California",31.0,11-50 employees,Privately Held,,,Funding unknown,Software Development,,,2013.0,229.0,description addresses businesses/teams/organisations,explicit SaaS / cloud / enterprise-software / platform language,affordability_exception,"revenue (missing) retained on operating scale (headcount 31, strong B2B SaaS signals)","MeetingSift is an enterprise productivity platform for meetings.

We help meeting leaders maximize the value of meeting time, by using participants' smart devices to enhance group processes in meetings.

We help meeting participants stay focused and engaged, by giving everyone equal opportunity to participate while displaying visualizations of real-time group output.

We help executive decision makers by providing organizational intelligence and help maximize the return of investment in human capital.",,2026-09-14
SQ081227,37342,40,Hublsoft,iportalis.com,https://iportalis.com,https://www.linkedin.com/company/hublsoft,hublsoft,United States,"York, Yorkshire",33.0,11-50 employees,Privately Held,,,,Software Development,,,2019.0,709.0,description addresses businesses/teams/organisations,recurring/subscription/licence language,affordability_exception,"revenue (missing) retained on operating scale (headcount 33, strong B2B SaaS signals)","Empowering Technology Service Providers with AI-Driven Operational Intelligence

At Hublsoft, we empower Technology Service Providers (TSPs) to achieve sustainable, profitable growth by transforming complex operational data into clear, actionable insights.

Our proprietary Decision AI Platform, powered by our Agentic AI model, Hubl-AI,  delivers real-time operational intelligence that helps leaders optimise decisions, enhance performance, and drive measurable business outcomes.

What We Do
• Cost Optimisation & Efficiency
Harness AI automation and predictive analytics to eliminate operational ",,2026-09-14
SQ082692,37366,40,GridRaster Inc.,gridraster.com,https://gridraster.com,https://www.linkedin.com/company/gridraster,gridraster,United States,Mountain View,31.0,11-50 employees,Privately Held,,,,Software Development,,,2014.0,1663.0,description addresses businesses/teams/organisations,platform language in a software-native industry,affordability_exception,"revenue (missing) retained on operating scale (headcount 31, strong B2B SaaS signals)","GridRaster is a pioneering technology company transforming how industrial sectors leverage spatial computing and AI for automation, robotics, and digital twins. We recognized early on the transformative potential of XR, AI, and cloud technologies to enhance efficiency and productivity across the entire product life cycle—from design and assembly to manufacturing, training, and maintenance operations. Utilizing distributed edge computing, low-latency remote rendering, and 3D AI-driven spatial mapping, GridRaster's cloud-based XR platform was developed in collaboration with large enterprise cust",,2026-09-14
SQ083600,37382,40,GC Cybersecurity,gccybersecurity.ai,https://gccybersecurity.ai,https://www.linkedin.com/company/gccybersecurity,gccybersecurity,United States,"San Jose, California",21.0,11-50 employees,Privately Held,,,Funding unknown,Software Development,,,2014.0,2977.0,description addresses businesses/teams/organisations,platform language in a software-native industry,affordability_exception,"revenue (missing) retained on operating scale (headcount 21, strong B2B SaaS signals)","GC Cybersecurity is a leading provider of 4th Generation Advanced Data Protection solutions. GC Cybersecurity’s Deep-AI-powered platform -  Information Security Enforcer (ISE) - gives enterprises complete control over securing their sensitive information and data assets from malicious or accidental disclosure, theft or exfiltration. 

ISE enables defense against most sophisticated Cyber Attacks on Information and Data Repositories and Applications. GC Cybersecurity has developed an array of unique sophisticated technologies that enable a paradigm shift in Information Security and Compliance me",,2026-09-14
SQ085679,37426,40,Dotwork,dotwork.com,https://dotwork.com,https://www.linkedin.com/company/dotworklabs,dotworklabs,United States,georgetown,28.0,11-50 employees,Privately Held,,,,Software Development,,,2023.0,3396.0,description addresses businesses/teams/organisations,explicit SaaS / cloud / enterprise-software / platform language,affordability_exception,"revenue (missing) retained on operating scale (headcount 28, strong B2B SaaS signals)","Dotwork is built for product and technology leaders who need a more insightful, adaptive way to drive their business forward. As the first AI-native platform for strategic planning and operations, Dotwork aligns to your target operating model - aligning goals, driving execution, and improving outcomes without the manual overhead.

Whether you’re stuck in spreadsheets, using legacy platforms, or having trouble scaling low-code tools, Dotwork provides a modern approach to how organizations manage complexity and drive outcomes at scale.",,2026-09-14
SQ088200,37455,40,Berry Data Solutions,berrydatasolutions.com,https://berrydatasolutions.com,https://www.linkedin.com/company/berry-data-solutions,berry-data-solutions,United States,"Milwaukee, Wisconsin",31.0,11-50 employees,Privately Held,B2B,,Funding unknown,Data Security Software Products,"Advertising, Marketing and Multimedia Design,AI and ML Platforms","B2B, SaaS, AI Tooling",2024.0,0.0,Business Type contains B2B; Pattern Tags contain B2B,"Pattern Tags contain SaaS; explicit SaaS / cloud / enterprise-software / platform language; SubIndustry is software/platform (Advertising, Marketing and Multimedia Design,AI an)",affordability_exception,"revenue (missing) retained on operating scale (headcount 31, strong B2B SaaS signals)","Berry Data Solutions is a leading provider of cybersecurity and data security solutions. We offer a comprehensive range of services and products to protect your sensitive information, from data consulting and penetration testing to advanced firewalls and data encryption.","Berry Data Solutions is an AI-powered platform that helps businesses and individuals streamline content creation and automate various tasks. They provide a suite of tools for generating blog posts, social media content, email campaigns, and other forms of media. Berry Data Solutions differentiates itself through its versatility and user-friendly design, offering over 70 pre-built templates and a range of AI-powered features to cater to various content needs.",2026-09-14
SQ088383,37456,40,backstitch,backstitch.io,https://backstitch.io,https://www.linkedin.com/company/backstitch,backstitch,United States,"Kansas City, MO",33.0,11-50 employees,Privately Held,,,,Software Development,,,2012.0,5117.0,description addresses businesses/teams/organisations,explicit SaaS / cloud / enterprise-software / platform language,affordability_exception,"revenue (missing) retained on operating scale (headcount 33, strong B2B SaaS signals)","70% of American employees are disengaged at work, costing businesses more than $500 billion annually. Engaged employees not only deliver higher-quality work, but they are also 87% more likely to stay with their employer.

At backstitch, we believe that effective communication around total rewards is key to driving employee engagement, productivity, and retention. Employees who understand the full value of their compensation — beyond just salary — are more motivated and committed to their organization.

Our platform simplifies total rewards  and employee communications by enabling HR teams to c",,2026-09-14
SQ092703,37480,40,Opptly.,opptly.ai,https://opptly.ai,https://www.linkedin.com/company/opptly,opptly,United States,"Houston, Texas",23.0,11-50 employees,Privately Held,,,,Software Development,,,2016.0,3695.0,description addresses businesses/teams/organisations,explicit SaaS / cloud / enterprise-software / platform language,affordability_exception,"revenue (missing) retained on operating scale (headcount 23, strong B2B SaaS signals)","Talent search meets talent found. 

We have modernized hiring strategies. Combining our purpose-built AI, intuitive user experience, and expert curation partners, Opptly has created a platform that enables optimal connections between job seekers and hiring companies.  

Using AI to effect positive change. Our goal has always been to match the right people with the right work. Armed with massive amounts of data, we designed our AI to ensure the matches we provide aren’t just highly accurate, they’re meaningful. It’s that combination of data and people-oriented intent that makes Opptly truly uni",,2026-09-14
SQ097029,37491,40,Blue Wave AI Labs,bwailabs.com,https://bwailabs.com,https://www.linkedin.com/company/blue-wave-ai-labs,blue-wave-ai-labs,United States,"Naples, Florida",20.0,11-50 employees,Privately Held,B2B,,Funding unknown,Software Development,"Nuclear and Advanced Generation,AI and ML Platforms","AI Solutions, Nuclear Energy, GovTech",2016.0,1337.0,Business Type contains B2B,"SubIndustry is software/platform (Nuclear and Advanced Generation,AI and ML Platform)",affordability_exception,"revenue (missing) retained on operating scale (headcount 20, strong B2B SaaS signals)","Blue Wave customizes AI-centric process streamlining solutions for the energy, aerospace, and defense industries. 

We combine 5-star customer service with the insight of exceptional scientific methodologies and the latest advancements in AI and Machine Learning to transform your data into solutions for your most complex operational problems. 

Our solutions cover #MoistureCarryover, #ThermalLimits, #CoreDesign, #5059, and #FluxMonitoring to name a few.","Blue Wave A.I. Labs is a technology company specializing in developing AI-driven solutions for complex problems. They primarily serve the nuclear energy industry, offering a suite of products for core optimization, fuel cycle management, and automated regulatory documentation. They also provide AI and machine learning solutions for military defense and national security applications. What sets them apart is their focus on using advanced AI techniques combined with industry-specific knowledge to improve efficiency, reduce costs, and enhance safety for their clients.",2026-09-14
SQ101202,37554,40,Builder Copilot,buildercopilot.net,https://buildercopilot.net,https://www.linkedin.com/company/builder-copilot,builder-copilot,United States,"Houston, TX",31.0,11-50 employees,Privately Held,B2B,,Funding unknown,"Technology, Information and Internet","Real Estate and PropTech Software,Construction and Civil Engineering Services","AI Automation, Construction Tech, B2B",2024.0,7.0,Business Type contains B2B; Pattern Tags contain B2B,"explicit SaaS / cloud / enterprise-software / platform language; SubIndustry is software/platform (Real Estate and PropTech Software,Construction and)",affordability_exception,"revenue (missing) retained on operating scale (headcount 31, strong B2B SaaS signals)","Builder Copilot uses AI-driven automation to anticipate and drive efficient workflows so that Builders, Suppliers, Homeowners and Business Partners can create better outcomes in residential construction.  https://youtu.be/I60sGIQ0KVk","Builder Copilot is developing an AI-driven automation platform to streamline workflows in residential construction. They aim to connect builders, suppliers, homeowners, and business partners through their software. Currently under development.",2026-09-14
SQ106637,37719,40,Konexial,konexial.com,https://konexial.com,https://www.linkedin.com/company/konexial,konexial,United States,"Knoxville, Tennessee",40.0,11-50 employees,Privately Held,,,,"Transportation, Logistics, Supply Chain and Storage",,,2016.0,3911.0,description addresses businesses/teams/organisations,explicit SaaS / cloud / enterprise-software / platform language,affordability_exception,"revenue (missing) retained on operating scale (headcount 40, strong B2B SaaS signals)","Konexial revolutionizes supply chain, logistics, and asset management with a unified platform that eliminates IT risks and manual workarounds. Our native solutions replace multiple systems, providing end-to-end visibility and empowering businesses to operate smarter, safer, and more profitably.

With features like dispatch and load tendering, multi-stop workflow automation, telematics, AI-powered cameras, freight fraud prevention, QR code-enabled inventory tracking, and real-time data insights, Konexial simplifies complex operations.

What sets us apart is our unwavering focus on innovation an",,2026-09-14
SQ134864,38595,40,Atarona Ventures,speetar.com,https://speetar.com,https://www.linkedin.com/company/atarona,atarona,United States,Boston,49.0,11-50 employees,Privately Held,"B2B,B2C",,Funding unknown,"Technology, Information and Internet","Healthcare Software,Digital Health and Telemedicine","Telemedicine, Emerging Markets, B2B Solutions",2019.0,7054.0,Business Type contains B2B,"SubIndustry is software/platform (Healthcare Software,Digital Health and Telemedicin)",affordability_exception,"revenue (missing) retained on operating scale (headcount 49, strong B2B SaaS signals)","Atarona means “our impact,” and through this, we see a world where bold ideas and creative, passionate entrepreneurs unlock the power of abundance. Our vision is to foster a global movement of transformational high-impact ventures that minimize the net amount of suffering in the world turning purpose to prosperity. We imagine a future where every idea with the potential to make a meaningful difference is realized.","Speetar is a digital healthcare platform focused on transforming healthcare in emerging markets, particularly in the Middle East and Africa. It offers a comprehensive point-of-care solution with telemedicine consultations, online clinic booking, e-pharmacy services, and homecare. Speetar also provides white-labeled solutions for businesses seeking to enhance employee wellness.",2026-09-14
SQ154044,39297,40,TechNewsPub,technewspub.com,https://technewspub.com,https://www.linkedin.com/company/technewspub,technewspub,United States,"Chicago, IL",31.0,11-50 employees,Privately Held,B2B,,Funding unknown,Information Services,"Enterprise Software Solutions,Digital Publishing and Streaming Platforms","B2B, Online Publication, Tech News",2023.0,994.0,Business Type contains B2B; Pattern Tags contain B2B,"explicit SaaS / cloud / enterprise-software / platform language; SubIndustry is software/platform (Enterprise Software Solutions,Digital Publishing a)",affordability_exception,"revenue (missing) retained on operating scale (headcount 31, strong B2B SaaS signals)","We aim to providing you with the most informative, up-to-date news, articles, and analysis shaping these dynamic fields.","TechNewsPub is an online news publication dedicated to providing the most up-to-date information, articles, and analysis in the fields of HR Tech, Marketing Tech, AI, Information Technology, and Operations. They deliver insightful and impactful content to professionals in these dynamic industries.",2026-09-14
SQ158799,39453,40,NebulaNAS,nebulanas.com,https://nebulanas.com,https://www.linkedin.com/company/nebulanas,nebulanas,United States,"Santa Clarita, California",31.0,11-50 employees,Privately Held,B2B,,Funding unknown,Broadcast Media Production and Distribution,"Film, Television and Broadcasting,Cloud and Infrastructure Software","B2B, SaaS, Cloud Storage",2024.0,75.0,Business Type contains B2B; Pattern Tags contain B2B,"Pattern Tags contain SaaS; explicit SaaS / cloud / enterprise-software / platform language; SubIndustry is software/platform (Film, Television and Broadcasting,Cloud and Infras)",affordability_exception,"revenue (missing) retained on operating scale (headcount 31, strong B2B SaaS signals)","NebulaNAS is a production cloud storage solution that provides many of the usability benefits of on-prem storage, plus several innovations exclusively focused on delivering world-class performance, usability, collaboration, scalability, and security to media and production professionals.

NebulaNAS has been developed from the ground up for media and production professionals. Regardless of location, users will appreciate its NAS-like ease of use. Editors and artists can see files immediately, access files fast, and collaborate globally as if they were in the same location. Producers will apprec","NebulaNAS is a cloud storage solution tailored for media and production professionals, offering a blend of on-prem storage usability with cloud-based flexibility, performance, global access, and enterprise-level security. Designed to streamline media workflows, it supports collaboration among distributed teams, fast file access, and integration with third-party asset management applications. Key differentiators include its media-centric file system, distributed cloud architecture, and features like AES 256-bit file encryption, user access controls, and detailed audit reporting.",2026-09-14
SQ169911,39718,40,Lamina,laminafs.com,https://laminafs.com,https://www.linkedin.com/company/laminafs,laminafs,United States,"Chicago, Illinois",25.0,11-50 employees,Partnership,,,Funding unknown,Financial Services,,,2024.0,409.0,description addresses businesses/teams/organisations,explicit SaaS / cloud / enterprise-software / platform language,affordability_exception,"revenue (missing) retained on operating scale (headcount 25, strong B2B SaaS signals)","Lamina, a West Monroe company, was formed to address a critical gap in the marketplace. Syndication and participation loans are riddled with challenges from origination to servicing—manual data entry, inefficient processes that drag out deal times, and limited access to deals confined by existing relationships.

With over 20 years of experience partnering with banks and financial institutions of all sizes, we knew there had to be a better way. That’s why Lamina was developed: to redefine how syndication and participation loans are handled today, maximizing speed, efficiency, and transparency a",,2026-09-14
SQ172623,39725,40,DecoderSpace,decoderspace.com,https://decoderspace.com,https://www.linkedin.com/company/decoderspace,decoderspace,United States,San Jose California,31.0,11-50 employees,Privately Held,B2B,,Funding unknown,Education,"Corporate Training and Learning and Development,Developer Tools and Platforms","B2B, SaaS, Interview Prep",2024.0,36.0,Business Type contains B2B; Pattern Tags contain B2B,"Pattern Tags contain SaaS; explicit SaaS / cloud / enterprise-software / platform language; SubIndustry is software/platform (Corporate Training and Learning and Development,De)",affordability_exception,"revenue (missing) retained on operating scale (headcount 31, strong B2B SaaS signals)","A platform to practice and master Verilog Coding skills for interviews.
Empowering You to Crack Hardware Interviews!
Making tech understandable","DecoderSpace is a platform designed to help hardware engineers practice and master Verilog coding skills for technical interviews. It offers a compilation of hardware-related questions and a user-friendly coding environment for users to practice, compile, and validate their code. The platform aims to provide a complete learning ecosystem for aspiring hardware engineers.",2026-09-14
SQ093401,39732,39,"MerchantAdvantage, LLC",merchantadvantage.com,https://merchantadvantage.com,https://www.linkedin.com/company/xion,xion,United States,"Bay Harbor Islands, FL",21.0,11-50 employees,Privately Held,B2B,500K-1M,Funding unknown,Software Development,"Retail and Ecommerce Software,Advertising, Marketing and Multimedia Design","B2B, SaaS, E-commerce Solutions",2005.0,142.0,Business Type contains B2B; Pattern Tags contain B2B,"Pattern Tags contain SaaS; explicit SaaS / cloud / enterprise-software / platform language; SubIndustry is software/platform (Retail and Ecommerce Software,Advertising, Marketi)",affordability_exception,"revenue 500K-1M retained on operating scale (headcount 21, strong B2B SaaS signals)","The MerchantAdvantage Suite of Tools, including Channel Management,  KeywordControl & Google Shopping Campaigns Module, empowers Merchants to sell more products more efficiently by enabling them to optimize and distribute their product catalog to any online shopping destination.   Stay ahead of the competition while reducing data related headaches and saving on IT resources with MerchantAdvantage.","Arndt Strategies, Ltd., through its Merchant Advantage platform, offers channel management and dynamic ad control solutions tailored for e-commerce businesses. Their platform helps businesses manage product listings, automate advertising, and optimize their online presence across various channels. The company distinguishes itself by providing scalable solutions, from 'Lite' plans for smaller businesses to 'Pro' plans for larger enterprises, with features like automated catalog imports, product removal capabilities, and support for multiple shopping engines and marketplaces.",2026-09-14
SQ006969,39816,38,Paramediq,paramediq.com,https://paramediq.com,https://www.linkedin.com/company/paramediqems,paramediqems,United States,"El Dorado Hills, CA",31.0,11-50 employees,Privately Held,B2B,,Funding unknown,Software Development,"Healthcare Software,Government and Public Sector Software","B2B, SaaS, EMS Solutions",,5.0,Business Type contains B2B; Pattern Tags contain B2B,"Pattern Tags contain SaaS; explicit SaaS / cloud / enterprise-software / platform language; SubIndustry is software/platform (Healthcare Software,Government and Public Sector S)",affordability_exception,"revenue (missing) retained on operating scale (headcount 31, strong B2B SaaS signals)","All-In-One EMS Software for the Most Demanding Agencies.
(ePCR, EMS billing, dispatch, and more)","Paramediq offers iPCR, an all-in-one EMS software solution designed for demanding agencies. Their electronic Patient Care Reporting (ePCR) system is NEMSIS Gold compliant and includes features such as EMS billing, dispatch, and integration capabilities. Paramediq differentiates itself through its user-friendly design, built-in validation, and automatic state submissions, allowing first responders to focus on patient care.",2026-09-14
SQ018475,39913,38,DevXols,devxols.com,https://devxols.com,https://www.linkedin.com/company/devxols,devxols,United States,"Los Angeles, California",31.0,11-50 employees,Privately Held,,,Funding unknown,Software Development,,,,6.0,description addresses businesses/teams/organisations,explicit SaaS / cloud / enterprise-software / platform language,affordability_exception,"revenue (missing) retained on operating scale (headcount 31, strong B2B SaaS signals)","DevXols is a full-stack software development company specializing in MERN & MEAN stack solutions, AI-driven applications, and scalable web platforms. We partner with startups, SMEs, and enterprises to build high-quality digital products that accelerate growth and deliver measurable results.

Our team of experienced developers, designers, and AI engineers focuses on creating custom software, SaaS platforms, enterprise web apps, and next-gen AI integrations that are secure, reliable, and future-ready.

 What We Do:

Full-Stack Development (MERN, MEAN, TypeScript)
Custom Web & SaaS Applications
A",,2026-09-14
SQ028404,40038,38,Codex Inc.,codexinc.co,https://codexinc.co,https://www.linkedin.com/company/codex-inc-official,codex-inc-official,United States,"San Francisco, California",31.0,11-50 employees,Partnership,,,Funding unknown,Software Development,,,2021.0,51.0,description addresses businesses/teams/organisations,explicit SaaS / cloud / enterprise-software / platform language,affordability_exception,"revenue (missing) retained on operating scale (headcount 31, strong B2B SaaS signals)","Founded in 2021, Codex Inc. is a full-stack SaaS software development company dedicated to delivering scalable cloud applications and intelligent digital solutions that empower businesses to grow, innovate, and lead in their industries. Headquartered in a rapidly evolving digital era, Codex Inc. combines cutting-edge technology with a deep understanding of business strategy to transform ideas into real, measurable results.

At our core, we are not just developers we are digital architects, problem solvers, and innovation enablers. Our mission is to simplify complex technological challenges thr",,2026-09-14
SQ029554,40059,38,AbidiGroup Technologies,abidigrouptechnologies.com,https://abidigrouptechnologies.com,https://www.linkedin.com/company/abidi-group-technologies-com,abidi-group-technologies-com,United States,"Redwood City, California",31.0,11-50 employees,Partnership,,,Funding unknown,Software Development,,,2019.0,124.0,description addresses businesses/teams/organisations,explicit SaaS / cloud / enterprise-software / platform language,affordability_exception,"revenue (missing) retained on operating scale (headcount 31, strong B2B SaaS signals)","Welcome to Abidi Group Technologies , where innovative technology meets exceptional service. We are a full-service software agency dedicated to transforming your ideas into powerful, high-performing digital solutions. Our mission is to empower businesses of all sizes by crafting tailored software, web, and mobile solutions that drive growth and success.

At Abidi Group Technologies , we take pride in our expertise across a broad range of services, including custom web and mobile app development, eCommerce solutions, UI/UX design, SaaS development, AI-powered applications, and digital marketing",,2026-09-14
SQ053855,40334,38,compliPOINT,complipoint.com,https://complipoint.com,https://www.linkedin.com/company/complipointsd,complipointsd,United States,"San Diego, California",31.0,11-50 employees,Privately Held,B2B,,Funding unknown,Software Development,"Enterprise Software Solutions,IT Services and Cybersecurity","EHS, SaaS, compliance software",2002.0,17.0,Business Type contains B2B,"Pattern Tags contain SaaS; explicit SaaS / cloud / enterprise-software / platform language; SubIndustry is software/platform (Enterprise Software Solutions,IT Services and Cybe)",affordability_exception,"revenue (missing) retained on operating scale (headcount 31, strong B2B SaaS signals)","Compliance exposure that larger companies have personnel and resources to manage can be crippling for mid-market and growing organizations. compliPOINT provides you with an Environmental, Health, Safety, and Training resource designed and scaled for the needs of your company. This functionality can assist your company in improving its compliance and overall safety performance to reduce costs associated with weaknesses in your programs.","compliPOINT is a software company offering Environmental, Health, Safety, Quality, Risk, and Training (EHSQRT) solutions designed for mid-market and expanding organizations. Their platform integrates various functionalities including incident management, health and safety protocols, sustainability and environmental tracking, learning and training programs, quality assurance, and ESG (Environmental, Social, and Governance) reporting. compliPOINT aims to enhance compliance, improve safety, and reduce costs by providing a scalable, mobile-friendly, and data-driven solution with real-time KPIs.",2026-09-14
SQ061837,40380,38,TransitCheck,transit-check.com,https://transit-check.com,https://www.linkedin.com/company/transitcheck,transitcheck,United States,"Rocklin, California",31.0,11-50 employees,Privately Held,B2B,,Funding unknown,IT System Custom Software Development,Logistics Technology,"Fleet management, SaaS",,9.0,Business Type contains B2B,Pattern Tags contain SaaS; explicit SaaS / cloud / enterprise-software / platform language; SubIndustry is software/platform (Logistics Technology),affordability_exception,"revenue (missing) retained on operating scale (headcount 31, strong B2B SaaS signals)","TransitCheck system provides access to inspection results, maintenance information, performance and audit reports, vehicle location, driver management, and automation of any paper forms used by drivers such as incident reports.","TransitCheck, a Revecorp product, offers fleet inspection and management software. It automates pre-trip, post-trip, and maintenance inspections through a tablet app, converting paper processes to real-time data. Features include customizable inspections, mobile access, data reporting, and security. Solutions: TransitCheck, TransitForms, TransitLinq, TransitLock. It improves fleet safety, reliability, and uptime.",2026-09-14
SQ065006,40400,38,Nextfaze.ai,nextfaze.ai,https://nextfaze.ai,https://www.linkedin.com/company/nextfaze-ai,nextfaze-ai,United States,"Austin, TX",31.0,11-50 employees,Privately Held,B2B,,Funding unknown,Desktop Computing Software Products,"Financial Services Software,Enterprise Software Solutions","B2B, SaaS, AI Automation",,8.0,Business Type contains B2B; Pattern Tags contain B2B,"Pattern Tags contain SaaS; explicit SaaS / cloud / enterprise-software / platform language; SubIndustry is software/platform (Financial Services Software,Enterprise Software So)",affordability_exception,"revenue (missing) retained on operating scale (headcount 31, strong B2B SaaS signals)","NextFaze is transforming how businesses manage Accounts Payable. Our AI-driven platform automates invoice processing, document classification, PO matching, fraud detection, and more, delivering faster workflows, fewer errors, and greater savings.

- AI-powered invoice capture & validation
- Seamless PO matching & discrepancy alerts
- Smart document routing & fraud prevention
- Real-time analytics & early payment insights
- Cloud-based, ERP-integrated, and fully secure

Whether you're scaling operations or optimizing your finance team, NextFaze helps you do more with less, unlocking efficiency ","NextFaze is an AI-driven Accounts Payable (AP) automation company dedicated to transforming traditional AP workflows. They offer a suite of products and services including AI-powered invoice processing, intelligent document classification, PO matching and validation, early payment discount optimization, fraud detection, real-time analytics and reporting, cloud-based access, integration services, and training and support. NextFaze helps businesses save time and reduce costs in their AP processes, while providing valuable insights for strategic decision-making.",2026-09-14
SQ069294,40429,38,AI Resources,airesources.agency,https://airesources.agency,https://www.linkedin.com/company/ai-resources,ai-resources,United States,"San Diego, California",31.0,11-50 employees,Partnership,B2B,,Funding unknown,Embedded Software Products,AI and ML Platforms,"B2B, SaaS, AI Chatbots",2022.0,2.0,Business Type contains B2B; Pattern Tags contain B2B,Pattern Tags contain SaaS; explicit SaaS / cloud / enterprise-software / platform language; SubIndustry is software/platform (AI and ML Platforms),affordability_exception,"revenue (missing) retained on operating scale (headcount 31, strong B2B SaaS signals)",Supercharge Your Customer Support Efficiency with AI Support Team,"AI Resources provides AI-powered chatbot solutions designed to enhance customer support efficiency for businesses. Their chatbots are trained using natural language processing to simulate human-like conversations, improving customer engagement and streamlining support operations. They offer features such as bot-to-human transition, AI-powered search, and analytics to track chatbot performance. AI Resources serves various industries, aiming to automate responses, provide real-time assistance, and improve overall customer satisfaction.",2026-09-14
SQ070839,40459,38,Vector Compass,vectorcompass.com,https://vectorcompass.com,https://www.linkedin.com/company/vector-compass,vector-compass,United States,"San Jose, California",31.0,11-50 employees,Privately Held,B2B,,Funding unknown,Software Development,"Online Commerce and Marketplaces,AI and ML Platforms","B2B, SaaS, AI-Powered Search",,79.0,Business Type contains B2B; Pattern Tags contain B2B,"Pattern Tags contain SaaS; explicit SaaS / cloud / enterprise-software / platform language; SubIndustry is software/platform (Online Commerce and Marketplaces,AI and ML Platfor)",affordability_exception,"revenue (missing) retained on operating scale (headcount 31, strong B2B SaaS signals)",Building the future of search with AI. Search like you think. Find exactly what you want!,"Vector Compass is an AI-powered search solution specifically designed for e-commerce businesses. They aim to improve the online shopping experience by using semantic search technology that understands user intent, rather than relying solely on keywords. This allows customers to find exactly what they are looking for, increasing sales and customer satisfaction. Vector Compass differentiates itself by guaranteeing ROI, offering easy integration, and providing a modern search experience.",2026-09-14
SQ101261,40966,38,AccessMeCare,accessmecare.com,https://accessmecare.com,https://www.linkedin.com/company/accessmecarebyheudia,accessmecarebyheudia,United States,"Bethlehem, Pennsylvania",31.0,11-50 employees,,B2B,,Funding unknown,"Technology, Information and Internet","Healthcare Software, Digital Health and Telemedicine","B2B, SaaS, Healthcare Solutions",2014.0,150.0,Business Type contains B2B; Pattern Tags contain B2B,"Pattern Tags contain SaaS; explicit SaaS / cloud / enterprise-software / platform language; SubIndustry is software/platform (Healthcare Software, Digital Health and Telemedici)",affordability_exception,"revenue (missing) retained on operating scale (headcount 31, strong B2B SaaS signals)","AccessMeCare powered by Heudia helps individuals to live healthier, more productive lives via cloud-based, network-forming framework designed to connect vulnerable individuals with appropriate health care, social and economic services. This community-engagement platform is tailored to address the top five health and social priorities for each client community and creates sustainable, locally-relevant resource networks. 

AccessMeCare's features and functions far exceed ordinary SDoH platforms that focus exclusively on screening and referrals. Our model of care uniquely:
• Serves as a team-buil","AccessMeCare, powered by Heudia, is a cloud-based platform that connects vulnerable individuals with healthcare, social, and economic services. It serves as a community-engagement platform, addressing health and social priorities by creating sustainable resource networks. AccessMeCare differentiates itself through its team-building approach, actionable data insights, and collaborative relationships, leading to reduced poverty, improved access to care, and cost savings. The platform blends accessible services with telehealth, digital solutions, and educational content and incorporates a HIPAA/4",2026-09-14
SQ109882,41049,38,myAlphie,myalphie.com,https://myalphie.com,https://www.linkedin.com/company/myalphie,myalphie,United States,"Dublin, Ohio",31.0,11-50 employees,Privately Held,B2B,,Funding unknown,"Technology, Information and Internet","Real Estate and PropTech Software,Enterprise Software Solutions","B2B, SaaS, Scheduling Software",,6.0,Business Type contains B2B; Pattern Tags contain B2B,"Pattern Tags contain SaaS; explicit SaaS / cloud / enterprise-software / platform language; SubIndustry is software/platform (Real Estate and PropTech Software,Enterprise Softw)",affordability_exception,"revenue (missing) retained on operating scale (headcount 31, strong B2B SaaS signals)","myAlphie allows customers and contractors to communicate easily for renovations. The app schedules your jobs efficiently, so you can spend less time driving and more time getting paid.","myAlphie provides a communication and job scheduling platform designed to streamline renovation projects. It aims to facilitate easy communication between customers and contractors, and to optimize job scheduling to reduce driving time and increase earning potential for contractors.",2026-09-14
SQ110918,41056,38,Med Staff Plus,medstaffplus.com,https://medstaffplus.com,https://www.linkedin.com/company/med-staff-plus,med-staff-plus,United States,"Longmont, Colorado",21.0,11-50 employees,Privately Held,B2B,500K-1M,Funding unknown,Professional Services,Healthcare Software,"B2B, Healthcare, Reimbursement Solutions",2000.0,33.0,Business Type contains B2B; Pattern Tags contain B2B,SubIndustry is software/platform (Healthcare Software),affordability_exception,"revenue 500K-1M retained on operating scale (headcount 21, strong B2B SaaS signals)","Specializing in DMEPOS and Infusion- Med Staff Plus offers a proven partnership that significantly enhances your operational efficiency and financial stability.  We handle the complexities of your Revenue Cycle Management  — stepping in, right at the start of your cycle with patient intake and insurance verification. 
In addition, our experts are able to provide AI guidance to ensure successful adoption and maximized business benefits. 
Visit www.medstaffplus.com.","Med Staff Plus, founded in 2001, provides reimbursement solutions for Home Medical Equipment (HME) and Orthotic and Prosthetic Providers. They specialize in customer service intake, insurance verification, and prior authorizations. In addition, they provide consulting expertise in software integration, compliance audits, educational services, and revenue cycle management. The company differentiates itself by helping DMEPOS providers navigate complex reimbursement guidelines and improve revenue cycle management. They serve established corporations with tens of millions in revenue, working as an",2026-09-14
SQ127676,41254,38,EventIQ,eventiq.cloud,https://eventiq.cloud,https://www.linkedin.com/company/eventiqcloud,eventiqcloud,United States,"San Ramon, California",31.0,11-50 employees,Partnership,B2B,,Funding unknown,IT Services and IT Consulting,Enterprise Software Solutions,"B2B, SaaS, Event Management",2022.0,4.0,Business Type contains B2B; Pattern Tags contain B2B,Pattern Tags contain SaaS; explicit SaaS / cloud / enterprise-software / platform language; SubIndustry is software/platform (Enterprise Software Solutions),affordability_exception,"revenue (missing) retained on operating scale (headcount 31, strong B2B SaaS signals)","Transforming event management with our all-in-one platform. We simplify planning, registration, and attendee engagement while providing powerful analytics to measure success. Our user-friendly interface enhances collaboration, making event execution seamless. From corporate conferences to community gatherings, we cater to all event types, ensuring a memorable experience for every participant. Join us in revolutionizing the future of events with innovative solutions tailored to your needs.","EventIQ is an all-in-one event management platform designed to transform how organizations plan, execute, and evaluate their events. It provides a comprehensive suite of tools and features to streamline every aspect of event management, from initial planning to post-event analysis. EventIQ caters to organizations of all sizes, offering an intuitive interface, comprehensive features, and seamless integrations to empower event organizers in creating memorable experiences.",2026-09-14
SQ129953,41273,38,Digital In Chemicals,agilischemicals.com,https://agilischemicals.com,https://www.linkedin.com/company/digital-in-chemicals,digital-in-chemicals,United States,"New York, New York",31.0,11-50 employees,,B2B,,Funding unknown,Chemical Manufacturing,"Building Materials and Chemicals, Enterprise Software Solutions","B2B, SaaS, Chemical Industry",2017.0,76.0,Business Type contains B2B; Pattern Tags contain B2B,"Pattern Tags contain SaaS; explicit SaaS / cloud / enterprise-software / platform language; SubIndustry is software/platform (Building Materials and Chemicals, Enterprise Softw)",affordability_exception,"revenue (missing) retained on operating scale (headcount 31, strong B2B SaaS signals)","Digital in Chemicals is an Agilis Chemicals sponsored webinar series with experts around the digitalization of commerce in the B2B industrial space.

Guests from BASF, Google, Salesforce, and many tech entrepreneurs will share their experiences in implementing digital commerce, with Emmy-award-winning host Jeff Houghton as moderator.

Jeff and our guests will cover the importance of an online digital channel, customer experience, cybersecurity, digital marketing, and more.","Agilis Commerce provides digital customer engagement solutions specifically for the chemical industry. They offer a platform that includes product information management (PIM), digital product catalogs, customer portals, AI assistants, and e-commerce solutions. Agilis helps chemical companies transform product data into tools for customer engagement, improve online presence, and enhance customer experience. They differentiate themselves through their deep expertise in the chemical industry, tailored solutions, and a commitment to data ownership protection. The Digital In Chemicals series is a ",2026-09-14
SQ160483,41578,38,Kollect1,kollect1.com,https://kollect1.com,https://www.linkedin.com/company/kollect1,kollect1,United States,"Southlake, Texas",31.0,11-50 employees,Privately Held,B2B,,Funding unknown,Financial Services,"Healthcare Software,Financial Services Software","B2B, SaaS, Healthcare Payments",,50.0,Business Type contains B2B; Pattern Tags contain B2B,"Pattern Tags contain SaaS; explicit SaaS / cloud / enterprise-software / platform language; SubIndustry is software/platform (Healthcare Software,Financial Services Software)",affordability_exception,"revenue (missing) retained on operating scale (headcount 31, strong B2B SaaS signals)","Transform your business with the ultimate customer engagement and payment collection platform: SMS & Email reminders, analytics & dashboard and payment gateway!","Kollect1 is a customer engagement and payment collection platform designed to streamline revenue cycle management for healthcare providers. It offers features such as patient profiling, custom installment plans, automated reminder campaigns, chatbot support, and bulk invoice uploading. The platform aims to reduce administrative burdens, improve patient engagement, and accelerate payment cycles.",2026-09-14
SQ163864,41611,38,E-funnels,e-funnels.com,https://e-funnels.com,https://www.linkedin.com/company/e-funnels,e-funnels,United States,"Tracy, CA",31.0,11-50 employees,Privately Held,B2B,,Funding unknown,IT System Design Services,"Retail and Ecommerce Software,Enterprise Software Solutions","SaaS, Marketing Automation, Website Builder",,0.0,Business Type contains B2B,"Pattern Tags contain SaaS; explicit SaaS / cloud / enterprise-software / platform language; SubIndustry is software/platform (Retail and Ecommerce Software,Enterprise Software )",affordability_exception,"revenue (missing) retained on operating scale (headcount 31, strong B2B SaaS signals)","""Welcome to The Most Complete Cutting Edge Technology 
Website Builder Ever""","E-funnels is a website and sales funnel builder that provides users with tools to create websites, landing pages, and marketing funnels. It offers features such as templates, an integrated autoresponder, split testing, and payment processor integration. E-funnels aims to provide an all-in-one platform for businesses to build and manage their online presence and marketing campaigns.",2026-09-14
SQ163978,41612,38,Ecom Automizers,ecomautomizers.com,https://ecomautomizers.com,https://www.linkedin.com/company/ecom-automizers,ecom-automizers,United States,"Houston, Texas",31.0,11-50 employees,Privately Held,B2B,,Funding unknown,IT Services and IT Consulting,Retail and Ecommerce Software,"SaaS, Ecommerce Automation, B2B",,88.0,Business Type contains B2B; Pattern Tags contain B2B,Pattern Tags contain SaaS; explicit SaaS / cloud / enterprise-software / platform language; SubIndustry is software/platform (Retail and Ecommerce Software),affordability_exception,"revenue (missing) retained on operating scale (headcount 31, strong B2B SaaS signals)","At EcomAutomizers, we empower businesses to thrive in the fast-paced world of eCommerce through cutting-edge automation solutions. Our platform streamlines operations, optimizes workflows, and enhances customer experiences, enabling you to focus on scaling your business.

From inventory management to order fulfillment, marketing automation to customer support, we integrate seamlessly with leading eCommerce platforms, driving efficiency and maximizing ROI.

With a commitment to innovation and a passion for results, we help businesses of all sizes unlock their potential, reduce operational costs","Ecom Automizers empowers businesses to thrive in the fast-paced world of eCommerce through cutting-edge automation solutions. Their platform streamlines operations, optimizes workflows, and enhances customer experiences, enabling businesses to focus on scaling. They offer solutions for inventory management, order fulfillment, marketing automation, and customer support, integrating seamlessly with leading eCommerce platforms. Ecom Automizers differentiates itself by providing scalable solutions, data-driven insights, and expert support, helping businesses of all sizes unlock their potential, re",2026-09-14
SQ168601,41640,38,Double O Security,doubleosecurity.com,https://doubleosecurity.com,https://www.linkedin.com/company/double-o-security,double-o-security,United States,"Houston, TX",25.0,11-50 employees,Privately Held,,,Funding unknown,Computer and Network Security,,,,52.0,description addresses businesses/teams/organisations,explicit SaaS / cloud / enterprise-software / platform language,affordability_exception,"revenue (missing) retained on operating scale (headcount 25, strong B2B SaaS signals)","Double O Security is a cybersecurity company specializing in SaaS identity risk management. Founded in 2021, the company offers a SaaS Security Control Plane platform that helps enterprises discover, prioritize, secure, and orchestrate the mitigation and remediation of risks associated with widespread SaaS adoption. By leveraging identity as the key control point, double O Security enables organizations to secure all SaaS applications, including those outside IT's direct oversight. Their approach addresses challenges such as shadow IT, risky OAuth grants, and misconfigurations, providing compr",,2026-09-14
SQ171063,41647,38,ThePromptDoc.ai,thepromptdoc.ai,https://thepromptdoc.ai,https://www.linkedin.com/company/thepromptdoc,thepromptdoc,United States,"Dallas, Texas",31.0,11-50 employees,Privately Held,B2B,,Funding unknown,Professional Training and Coaching,"Healthcare Software,Advertising, Marketing and Multimedia Design","SaaS, healthcare, AI marketing",,6.0,Business Type contains B2B,"Pattern Tags contain SaaS; explicit SaaS / cloud / enterprise-software / platform language; SubIndustry is software/platform (Healthcare Software,Advertising, Marketing and Mul)",affordability_exception,"revenue (missing) retained on operating scale (headcount 31, strong B2B SaaS signals)","UNLOCK AI Powered Marketing for your Practice
Med-Spa & Wellness Centers, Dental, Medical, Chiropractic Practices & more.
Get over 1,000 AI prompts tailored for healthcare practices.
Prompts for Facebook, Instagram, Twitter, YouTube and much more!
Just COPY and PASTE","ThePromptDoc.ai provides AI-powered marketing solutions for healthcare practices, including med-spas, dental offices, medical concierge services, and chiropractic practices. They offer a library of over 1,000 AI prompts designed to generate marketing content tailored to the healthcare industry. Their pre-written prompts are designed for various social platforms, emails, texts, blogs, and website content. They differentiate themselves by providing AI prompts that enable practices to create content that reflects their unique brand voice.",2026-09-14
SQ008595,41660,37,Celaarix LLC,celaarix.com,https://celaarix.com,https://www.linkedin.com/company/celaarix,celaarix,United States,Texas,27.0,11-50 employees,Privately Held,B2B,,Funding unknown,Software Development,"IT Services and Cybersecurity,Data and Analytics Software","Software Development, AI, Data Analytics",2024.0,1119.0,Business Type contains B2B,"SubIndustry is software/platform (IT Services and Cybersecurity,Data and Analytics S)",affordability_exception,"revenue (missing) retained on operating scale (headcount 27, strong B2B SaaS signals)","Celaarix is an AI & Data Consulting company focused on helping organizations move from data-rich to intelligence-driven.

We specialize in AI engineering, analytics architecture, and custom software development — designing secure, scalable systems that turn data into insight and insight into measurable revenue.


Our Core Capabilities

AI & Machine Learning — predictive / generative / causal intelligence.

Data Engineering & Governance — cloud lakehouse design (Delta, Iceberg), ETL, compliance frameworks.

Custom Software Development — end-to-end digital product engineering, dashboards, and au","Celaarix is a technology company specializing in digital solutions, particularly web and mobile application development. They excel in data analytics and AI, providing custom software development, legacy modernization, and staff augmentation. Serving diverse industries like healthcare, finance, retail, and logistics, Celaarix offers tailored IT solutions, including data engineering, BI, and UI/UX design. They provide comprehensive support throughout the entire product lifecycle, from product discovery to continuous iteration.",2026-09-14
SQ040184,41693,37,Stratify Holdings,stratifyholdings.com,https://stratifyholdings.com,https://www.linkedin.com/company/stratifyholdings,stratifyholdings,United States,"Wilmington, North Carolina",22.0,11-50 employees,Privately Held,,,Funding unknown,Professional Services,,,2025.0,201.0,description addresses businesses/teams/organisations,explicit SaaS / cloud / enterprise-software / platform language,affordability_exception,"revenue (missing) retained on operating scale (headcount 22, strong B2B SaaS signals)","Stratify Holdings is a diversified technology company based out of Wilmington, NC delivering commercial, supply chain and technology advisory services, enterprise software solutions, and professional and managed services to middle and lower middle market manufacturers, distributors, retailers and Private Equity sponsors.  We currently operate four collaborative lines of business:

ProphetForce – Platinum Epicor Prophet 21 ERP reseller partner in the Americas focused on delivering world-class solutions to distributors.  Prophet 21 is the market leader in data driven distribution solutions with ",,2026-09-14
SQ066432,41723,37,Impresa.ai,impresa.ai,https://impresa.ai,https://www.linkedin.com/company/impresaai,impresaai,United States,"Fremont, California",40.0,11-50 employees,Privately Held,B2B,,Funding unknown,Software Development,"Electric Power and Grid Management,Enterprise Software Solutions","B2B, AI, UtilityTech",2024.0,433.0,Business Type contains B2B; Pattern Tags contain B2B,"explicit SaaS / cloud / enterprise-software / platform language; SubIndustry is software/platform (Electric Power and Grid Management,Enterprise Soft)",affordability_exception,"revenue (missing) retained on operating scale (headcount 40, strong B2B SaaS signals)","Impresa.ai is a forward-thinking company dedicated to empowering the energy and water utility sectors through innovative AI-driven solutions. Their mission centers on driving the future of these industries by offering a suite of applications and platforms designed to enhance operational efficiency and customer engagement.

Key Offerings:
Impresa CX: A comprehensive customer engagement platform tailored for utilities, aiming to improve customer experiences and reduce operational costs. 

Impresa Insights Data Platform: A modular, scalable, and future-proof AI/ML-enabled big data enterprise plat","Impresa.ai is dedicated to empowering the energy and water utility sectors through innovative AI-driven solutions. They provide a suite of applications and platforms to enhance operational efficiency and customer engagement, including customer engagement platforms (Impresa CX), meter data management systems (Impresa Meter Data Hub), and AI solutions for energy disaggregation, smart meter insights, grid insights, and asset insights. Impresa.ai differentiates itself by bridging the gap between IT and Operational Technology (OT), enabling smarter decision-making and driving digital transformation",2026-09-14
SQ069307,41728,37,Ai Humans X,aihumansx.com,https://aihumansx.com,https://www.linkedin.com/company/aihumansx,aihumansx,United States,Los Angeles,31.0,11-50 employees,Privately Held,B2B,,Funding unknown,Software Development,AI and ML Platforms,"B2B, AI Solutions, Productivity Tools",2024.0,628.0,Business Type contains B2B; Pattern Tags contain B2B,SubIndustry is software/platform (AI and ML Platforms),affordability_exception,"revenue (missing) retained on operating scale (headcount 31, strong B2B SaaS signals)","At Ai Humans X, we are pioneering AI solutions that not only streamline operations but also tackle one of today’s most pressing challenges—tech overload. We design cutting-edge AI that empowers businesses and individuals to regain control, boosting productivity while reducing the digital noise that overwhelms modern life. By automating repetitive tasks and optimizing workflows, we enable our clients to focus on strategic growth, creativity, and well-being. Investors in Ai Humans X are backing a future where AI doesn’t just replace human effort but enhances it, creating scalable opportunities f","Ai Humans X provides AI solutions that aim to streamline operations and reduce tech overload. They design AI to empower businesses and individuals to regain control, boosting productivity while reducing digital noise. They automate tasks and optimize workflows, enabling clients to focus on strategic growth, creativity, and well-being. The company targets a future where AI enhances human effort and creates scalable opportunities for long-term growth.",2026-09-14
SQ076014,41742,37,Propper AI,propper.ai,https://propper.ai,https://www.linkedin.com/company/propperai,propperai,United States,"Alpharetta, Georgia",24.0,11-50 employees,Privately Held,,,Funding unknown,Software Development,,,2024.0,597.0,description addresses businesses/teams/organisations,explicit SaaS / cloud / enterprise-software / platform language,affordability_exception,"revenue (missing) retained on operating scale (headcount 24, strong B2B SaaS signals)","Propper is pioneering the next era of agreement management, well beyond eSignature! Our Intelligent Agreement Cloud Platform unites document creation, signing, compliance, and business insights.",,2026-09-14
SQ084727,41755,37,EverWorker,everworker.ai,https://everworker.ai,https://www.linkedin.com/company/everworker,everworker,United States,"Greenwich, Connecticut",36.0,11-50 employees,Privately Held,,,Funding unknown,Software Development,,,2025.0,1927.0,description addresses businesses/teams/organisations,platform language in a software-native industry,affordability_exception,"revenue (missing) retained on operating scale (headcount 36, strong B2B SaaS signals)","At EverWorker, we exist to help leaders unlock limitless potential at work.

That’s why we’ve built a cutting edge Agentic AI platform, so anyone can create AI Workers without writing code–helping businesses scale without complexity. We help boost productivity, reduce costs, and free your teams up to focus on what matters most. More capabilities. More creativity. More innovation. More impact. With more possibilities than ever imagined. That’s what doing more with more is all about.",,2026-09-14
SQ085769,41758,37,Docscience.ai,docscience.ai,https://docscience.ai,https://www.linkedin.com/company/docscience-ai,docscience-ai,United States,"Folsom, California",31.0,11-50 employees,Privately Held,,,Funding unknown,Software Development,,,2024.0,252.0,description addresses businesses/teams/organisations,explicit SaaS / cloud / enterprise-software / platform language,affordability_exception,"revenue (missing) retained on operating scale (headcount 31, strong B2B SaaS signals)","Docscience.ai is Nexyom’s advanced Intelligent automation IDP product, revolutionizing the way businesses handle, analyze, and utilize their documents. With the integration of AI technologies like natural language processing (NLP), machine learning, and computer vision, Docscience.ai automates the extraction, classification, and management of data from diverse document types, including structured, semi-structured, and unstructured formats.

Designed for industries where managing large volumes of documents is crucial—such as finance, healthcare, insurance, banking etc.—Docscience.ai provides a ",,2026-09-14
SQ112245,41792,37,Stitch,stitchers.ai,https://stitchers.ai,https://www.linkedin.com/company/thestitchers,thestitchers,United States,"Newark, Delaware",24.0,11-50 employees,Privately Held,B2B,,Funding unknown,"Technology, Information and Media",AI and ML Platforms,"B2B, AI Solutions, Customer Engagement",2024.0,5729.0,Business Type contains B2B; Pattern Tags contain B2B,SubIndustry is software/platform (AI and ML Platforms),affordability_exception,"revenue (missing) retained on operating scale (headcount 24, strong B2B SaaS signals)","Stitch is redefining customer engagement with AI-driven solutions that are tailor-made for your business. Whether it's automating customer service, personalizing marketing, or driving sales, Stitch seamlessly connects every touchpoint into a unified experience. We blend cutting-edge AI with deep industry insights to deliver smarter, faster, and more personalized interactions, all in one powerful platform","Stitch is an AI-driven solution provider focused on enhancing customer engagement for businesses. Their platform streamlines communication using AI agents (Call, Respond, Train, Listen) to automate customer service, personalize marketing, and drive sales. Stitch aims to make AI accessible to businesses, enabling them to harness advanced capabilities without technical complexity. They provide data analytics, AI-driven automation, omnichannel messaging, and custom software development.",2026-09-14
SQ057684,42038,36,myFirm.io,myfirm.io,https://myfirm.io,https://www.linkedin.com/company/myfirm-io,myfirm-io,United States,"Artesia, CA",31.0,11-50 employees,Privately Held,B2B,,Funding unknown,Software Development,Enterprise Software Solutions,"SaaS, B2B, Platform Economy",2023.0,77.0,Business Type contains B2B; Pattern Tags contain B2B,Pattern Tags contain SaaS; explicit SaaS / cloud / enterprise-software / platform language; SubIndustry is software/platform (Enterprise Software Solutions),affordability_exception,"revenue (missing) retained on operating scale (headcount 31, strong B2B SaaS signals)","Introducing myFirm: Transforming Your Business with Innovation!

Welcome to our LinkedIn profile, where innovation meets your business's unique needs. At myFirm, we're more than just a SaaS platform; we're your partner in revolutionizing business operations. Picture a world where hassle is replaced with efficiency, where communication is seamless, documents are effortlessly managed, and payments are integrated – all in one unified platform.

Whether you're a service provider, a freelancer, or a forward-thinking startup, myFirm is tailored precisely to your requirements. In the immediate term, ","myFirm.io provides a unified SaaS platform designed to streamline business operations for service providers, freelancers, and startups. Their platform offers features such as communication tools, document management, and integrated payment solutions, all in one place. myFirm.io differentiates itself by tailoring the platform to fit the specific needs of its target customer segments and prioritizing user feedback for continuous improvement. The company is focused on an upcoming product launch, strategic partnerships, and eventual global expansion.",2026-09-14
SQ060959,42050,36,WPRelay,wprelay.com,https://wprelay.com,https://www.linkedin.com/company/wprelay,wprelay,United States,"Mill Valley, California",31.0,11-50 employees,Privately Held,B2B,,Funding unknown,Software Development,"Retail and Ecommerce Software,Enterprise Software Solutions","B2B, SaaS, WooCommerce",,213.0,Business Type contains B2B; Pattern Tags contain B2B,"Pattern Tags contain SaaS; explicit SaaS / cloud / enterprise-software / platform language; SubIndustry is software/platform (Retail and Ecommerce Software,Enterprise Software )",affordability_exception,"revenue (missing) retained on operating scale (headcount 31, strong B2B SaaS signals)","Create, track, and scale your affiliate marketing program with the best affiliate management tool for eCommerce. This tool integrates seamlessly with your website in just minutes.","WPRelay is a WooCommerce affiliate management plugin designed to automate affiliate marketing campaigns for online store owners. It allows users to easily track and manage affiliates, commissions, and payouts from a centralized dashboard. Key features include customizable affiliate programs, automated commission tracking, real-time performance insights, and integration with payment tools like PayPal. WPRelay simplifies affiliate marketing, helping WooCommerce store owners grow sales and expand their brand reach through word-of-mouth marketing.",2026-09-14
SQ062520,42052,36,storeone.app,storeone.app,https://storeone.app,https://www.linkedin.com/company/storeone-app,storeone-app,United States,"Austin, Texas",31.0,11-50 employees,Privately Held,B2B,,Funding unknown,Software Development,Retail and Ecommerce Software,"B2B, SaaS, No-Code",,629.0,Business Type contains B2B; Pattern Tags contain B2B,Pattern Tags contain SaaS; explicit SaaS / cloud / enterprise-software / platform language; SubIndustry is software/platform (Retail and Ecommerce Software),affordability_exception,"revenue (missing) retained on operating scale (headcount 31, strong B2B SaaS signals)","Turn your ideas into apps with this user-friendly No-Code App Builder and design a slick, feature-rich iOS or Android e-commerce store.","Storeone.app is a no-code app builder platform designed to help e-commerce businesses create native iOS and Android mobile apps for their online stores. The platform allows users to design and launch feature-rich apps without writing any code, providing integrations with popular e-commerce platforms like WooCommerce, Shopify, and Magento. Storeone.app differentiates itself by simplifying the app-building process, reducing costs, and offering complete design freedom to customize the app. They aim to help businesses increase conversion rates and improve the customer experience.",2026-09-14
SQ065921,42062,36,LabStats,labstats.com,https://labstats.com,https://www.linkedin.com/company/labstats,labstats,United States,"Idaho Falls, Idaho",25.0,11-50 employees,Privately Held,,,,Software Development,,,2004.0,826.0,description addresses businesses/teams/organisations,explicit SaaS / cloud / enterprise-software / platform language,affordability_exception,"revenue (missing) retained on operating scale (headcount 25, strong B2B SaaS signals)","LabStats enables strategic IT asset management by delivering advanced monitoring solutions designed exclusively for higher education institutions. 
It provides cutting-edge insights and powerful tools to empower IT decision-makers to strategically manage their IT resources, maximize investments, streamline operations, and improve the student experience.",,2026-09-14
SQ074351,42076,36,Sell My Menu,sellmymenu.com,https://sellmymenu.com,https://www.linkedin.com/company/appfinity-labs,appfinity-labs,United States,Los Angeles,31.0,11-50 employees,Privately Held,B2B,,Funding unknown,Software Development,"Retail and Ecommerce Software,Food and Beverage Services","Restaurant Tech, B2B, SaaS",2023.0,29.0,Business Type contains B2B; Pattern Tags contain B2B,"Pattern Tags contain SaaS; explicit SaaS / cloud / enterprise-software / platform language; SubIndustry is software/platform (Retail and Ecommerce Software,Food and Beverage Se)",affordability_exception,"revenue (missing) retained on operating scale (headcount 31, strong B2B SaaS signals)","Our mission is to empower restaurants to thrive in the digital age by providing cutting-edge tools that enhance operational efficiency, boost sales, and improve customer satisfaction. We believe that when your customers eat, you eat; and when you eat, we just want a bite.","Sell My Menu empowers restaurants to thrive in the digital age by providing tools that enhance operational efficiency, boost sales, and improve customer satisfaction. They offer restaurants a commission-free online ordering system with significantly better rates than third-party platforms. Their services include online ordering systems, menu management, sales-optimized websites, online payment processing, table reservation systems, delivery integration, and custom branded mobile apps. Sell My Menu differentiates itself by offering a way for restaurants to build their own branded app and websit",2026-09-14
SQ090916,42086,36,SyncMatters,syncmatters.com,https://syncmatters.com,https://www.linkedin.com/company/syncmatters,syncmatters,United States,"Austin, Texas",20.0,11-50 employees,Privately Held,,,,Software Development,,,,1177.0,description addresses businesses/teams/organisations,explicit SaaS / cloud / enterprise-software / platform language,affordability_exception,"revenue (missing) retained on operating scale (headcount 20, strong B2B SaaS signals)","SyncMatters was the first middleware built specifically for CRM systems. We connect HubSpot, Salesforce, MS Dynamics, and many more (45+) to various cloud systems used by Sales, Marketing, and Finance teams.

We have expert-level CRM, integration, CRM migration, and middleware experience. We have the well-rounded skills and expertise to execute any integration or migration project to the highest degree. 

Below are our areas of expertise: 

- CRM Integrations (45+ systems)
- CRM Migrations (30+ systems)
- HubSpot Onboarding
- HubSpot Support
- HubSpot Asset Migrations",,2026-09-14
SQ119218,42121,36,WoowPdf,woowpdf.com,https://woowpdf.com,https://www.linkedin.com/company/woowpdf,woowpdf,United States,Hawaii,31.0,11-50 employees,Privately Held,B2B,,Funding unknown,"Technology, Information and Internet",Enterprise Software Solutions,"B2B, SaaS, PDF Tools",2023.0,0.0,Business Type contains B2B; Pattern Tags contain B2B,Pattern Tags contain SaaS; explicit SaaS / cloud / enterprise-software / platform language; SubIndustry is software/platform (Enterprise Software Solutions),affordability_exception,"revenue (missing) retained on operating scale (headcount 31, strong B2B SaaS signals)","WoowPdf (WP), we pride ourselves on providing efficient business management PDF tools to countless small business owners or individuals worldwide. With our robust product, our talented team, and our compelling vision. Join us and unlock the potential of your business today!","WoowPdf (WP) is an online platform providing a suite of PDF tools designed for small business owners and individuals. It offers a comprehensive set of features including converting, merging, splitting, compressing, rotating, organizing, encrypting, unlocking, and watermarking PDFs. Differentiating factors include its commitment to providing 100% free access to all tools (currently), its user-friendly interface, and its emphasis on data security with advanced encryption and automatic file deletion. The platform is accessible on any device through a web browser, making it convenient for users wo",2026-09-14
SQ122263,42133,36,RocketPages,rocketpages.io,https://rocketpages.io,https://www.linkedin.com/company/rocketpages,rocketpages,United States,"San Jose, CA",31.0,11-50 employees,Privately Held,B2B,,Funding unknown,"Technology, Information and Internet",Consumer Software,"SaaS, Website Builder, Free Tier",2023.0,17.0,Business Type contains B2B,Pattern Tags contain SaaS; explicit SaaS / cloud / enterprise-software / platform language; SubIndustry is software/platform (Consumer Software),affordability_exception,"revenue (missing) retained on operating scale (headcount 31, strong B2B SaaS signals)","RocketPages is a free website builder that offers customizable templates and automated content generation through ChatGPT integration. Our mission is to make website building simple, fast, and accessible for everyone.","RocketPages is a website builder that offers customizable templates and automated content generation through ChatGPT integration. The platform focuses on making website building simple, fast, and accessible, particularly for small businesses and individuals. RocketPages differentiates itself by providing a free plan with unlimited access, a custom domain option, and unlimited contributors, features often restricted to paid plans by competitors such as Wix, Weebly, and Squarespace. Their mission is to empower users to create stunning websites without breaking the bank.",2026-09-14
SQ128627,42149,36,Custom Burst,customburst.com,https://customburst.com,https://www.linkedin.com/company/customburst,customburst,United States,"Los Angeles, California",31.0,11-50 employees,Privately Held,B2B,,Funding unknown,"Technology, Information and Internet",Manufacturing Software,"B2B, SaaS, 3D Modeling",2020.0,36.0,Business Type contains B2B; Pattern Tags contain B2B,Pattern Tags contain SaaS; explicit SaaS / cloud / enterprise-software / platform language; SubIndustry is software/platform (Manufacturing Software),affordability_exception,"revenue (missing) retained on operating scale (headcount 31, strong B2B SaaS signals)","At Custom Burst, we bring your ideas to life through innovative and customizable 3D solutions. As a dedicated SaaS provider, we specialize in transforming complex concepts into immersive, high-quality 3D models that elevate your product development, design, and visualization experiences. Our commitment to excellence and precision ensures tailored solutions that meet your unique needs, empowering your business to innovate and succeed. Experience the future of 3D technology seamlessly integrated into your vision with Custom Burst.","Custom Burst is a SaaS provider specializing in innovative and customizable 3D solutions. They transform complex concepts into immersive, high-quality 3D models, enhancing product development, design, and visualization experiences. Custom Burst differentiates itself through tailored solutions designed to meet unique customer needs, empowering businesses to innovate and succeed by seamlessly integrating advanced 3D technology.",2026-09-14
SQ163898,42207,36,Educere LLC,educere.net,https://educere.net,https://www.linkedin.com/company/educere-llc,educere-llc,United States,"Fort Washington, Pennsylvania",21.0,11-50 employees,Privately Held,"B2B,B2C",500K-1M,Funding unknown,E-Learning Providers,"Enterprise Software Solutions,E-Learning Platforms and EdTech","Virtual Learning, K-12 Focus",,853.0,Business Type contains B2B,"explicit SaaS / cloud / enterprise-software / platform language; SubIndustry is software/platform (Enterprise Software Solutions,E-Learning Platforms)",affordability_exception,"revenue 500K-1M retained on operating scale (headcount 21, strong B2B SaaS signals)","Educere provides K-12 virtual education programs for Core, Electives, all 40 AP courses, World Language (Spanish, French, German, Italian, Latin, Chinese, Japanese, and ASL), PE/Health, etc. Original Credit, Credit Recovery, Homebound and Temporary Instruction are available. Educere is committed to expanding access to education by using a teacher-supported, personalized learning approach that enables K-12 students at all rigor levels to pursue their academic goals.","Educere LLC delivers innovative virtual education opportunities to K-12 schools, students, and educators. They partner with universities, colleges, and other education providers to offer a single entry point for customers to access over 5,000 high-quality, cost-effective virtual education programs. Educere provides customized technology-based education solutions through their Edtell platform and offers personalized support via Personal Learning Coaches. Their offerings range from single courses to full curricula, catering to public, private, and home school students.",2026-09-14
SQ164432,42209,36,Digication,digication.com,https://digication.com,https://www.linkedin.com/company/digication,digication,United States,"Providence, RI",21.0,11-50 employees,Privately Held,B2B,500K-1M,Funding unknown,E-Learning Providers,"Enterprise Software Solutions,E-Learning Platforms and EdTech","B2B, EdTech, Assessment Tools",2001.0,913.0,Business Type contains B2B; Pattern Tags contain B2B,"explicit SaaS / cloud / enterprise-software / platform language; SubIndustry is software/platform (Enterprise Software Solutions,E-Learning Platforms)",affordability_exception,"revenue 500K-1M retained on operating scale (headcount 21, strong B2B SaaS signals)","Designed by educators, for educators, Digication is a leading provider of easy-to-use e-Portfolio
solutions for teachers and students at all levels, from grades K through 12 to higher education.
Students at more than 6,000 schools use Digication e-Portfolios as a workspace for learning and
to easily, flexibly and professionally showcase their work and achievements across schools and
districts. E-Portfolios create new opportunities for learning, reflection, communication,
assessment, and career advancement. Integrated tightly with the company’s award winning e-
Portfolio system is the Assessmen","Digication is a leading provider of e-Portfolio solutions and assessment management systems designed specifically for the education sector. Serving over 7,000 schools from K-12 through higher education, Digication empowers students to create dynamic e-Portfolios to showcase their academic work, experiences, and achievements. The platform supports various media formats, collaborative editing, and customizable templates, fostering personalized learning and reflection. Beyond e-Portfolios, Digication offers a comprehensive Assessment Management System (AMS) for tracking and reporting student prog",2026-09-14
SQ006104,42433,35,Symphony,symphonyanalytics.io,https://symphonyanalytics.io,https://www.linkedin.com/company/symphonyanalytics,symphonyanalytics,United States,"Emeryville, CA",31.0,11-50 employees,Privately Held,B2B,,Funding unknown,Embedded Software Products,Data and Analytics Software,"Embedded Analytics, B2B, Data Collaboration",2020.0,130.0,Business Type contains B2B; Pattern Tags contain B2B,explicit SaaS / cloud / enterprise-software / platform language; SubIndustry is software/platform (Data and Analytics Software),affordability_exception,"revenue (missing) retained on operating scale (headcount 31, strong B2B SaaS signals)","Symphony provides a practical way to enable data storytelling and collaboration across your mixed analytics landscape.  Combine Tableau, Power BI, Qlik, etc. to engage internal or external users.  Let your company use a toolbox of analytics, and use Symphony to tell stories across silos, engage users, and learn what analytics are being used actively.

Symphony started as a bespoke service that our team provided to our advisory clients.  Those clients needed us to provide data engineering and analytics development to solve their problems, which was our pleasure to do. We quickly realized that t","Symphony is a software platform that enables data storytelling and collaboration across mixed analytics environments. It integrates with tools like Tableau, Power BI, and Qlik to engage both internal and external users. By centralizing analytics, Symphony allows organizations to share insights, facilitate decision-making, and connect data to actionable outcomes, eliminating the need for static reports and slide decks. Symphony is a product of Berkeley Research Group.",2026-09-14
SQ008810,42502,35,"DICORP, Inc.",zpdsolutions.com,https://zpdsolutions.com,https://www.linkedin.com/company/di-corp-inc,di-corp-inc,United States,"Forest Hill, Maryland",39.0,11-50 employees,Privately Held,B2B,,Funding unknown,Software Development,Enterprise Software Solutions,"B2B, Low-Code, Digital Transformation",1985.0,407.0,Business Type contains B2B; Pattern Tags contain B2B,explicit SaaS / cloud / enterprise-software / platform language; SubIndustry is software/platform (Enterprise Software Solutions),affordability_exception,"revenue (missing) retained on operating scale (headcount 39, strong B2B SaaS signals)","DICORP acts a management company to provide a common business infrastructure for all members of its portfolio which is compromised of many companies and foundations, including ZPD Solutions, DICORP Equity Partners, Tribunal Technologies, The Kutcher Foundation, and the William J. Sacco Foundation.

A History of DICORP and its Portfolio Companies & Affiliates

- 2020: DICORP launched DICORP Equity Partners to acquire and grow specialty software companies
- 2019: DICORP launches its ZPD Solutions and Tribunal Technologies subsidiaries
- 2019: DICORP sells its interests in DI, ASN, and the TVA to","ZPD Solutions is a software and services company specializing in providing solutions for digital transformation. They offer a suite of products including ZappSmith (a low-code application platform), pre-built Zapps (business applications), Data Driller (visual analytics), and ZappSheets (customized data collection tools). ZPD targets organizations in mission-critical industries, offering an 'application development partner' model where they work alongside clients to ensure successful implementation and customization. They emphasize cost-effective solutions achieved through their unique softwar",2026-09-14
SQ008980,42506,35,Webfrolic,webfrolic.com,https://webfrolic.com,https://www.linkedin.com/company/webfrolic,webfrolic,United States,"FREMONT, CALIFORNIA",31.0,11-50 employees,Privately Held,B2B,,Funding unknown,Information Services,Enterprise Software Solutions,"B2B, Custom Solutions, Tech Audits",2021.0,45.0,Business Type contains B2B; Pattern Tags contain B2B,explicit SaaS / cloud / enterprise-software / platform language; SubIndustry is software/platform (Enterprise Software Solutions),affordability_exception,"revenue (missing) retained on operating scale (headcount 31, strong B2B SaaS signals)","At Webfrolic, we create custom websites and software solutions for businesses, startups, and individuals. Our goal is simple to help you grow with smart digital solutions that fit your unique needs.

Our mission is to deliver top-quality web and software solutions that help businesses thrive in the digital age. We believe in the power of technology to transform industries and create opportunities.","Webfrolic is a custom web and software development company that specializes in creating tailored digital solutions for businesses, startups, and individuals. Their offerings include website development, AI-powered business solutions, social media management, tech resource audits, custom software, and cybersecurity services. They differentiate themselves by offering a pay-only-if-satisfied model for website development and expert tech audits for cloud infrastructure and IT services.",2026-09-14
SQ012569,42616,35,BLR BitLocker Recovery Tool,bitlocker-recovery.com,https://bitlocker-recovery.com,https://www.linkedin.com/company/bitlocker-recovery-tool,bitlocker-recovery-tool,United States,"Austin, Texas",31.0,11-50 employees,Partnership,B2B,,Funding unknown,"Technology, Information and Media","IT Services and Cybersecurity,Security and Identity Software","Data Recovery, Cybersecurity, B2B Software",2021.0,304.0,Business Type contains B2B,"explicit SaaS / cloud / enterprise-software / platform language; SubIndustry is software/platform (IT Services and Cybersecurity,Security and Identit)",affordability_exception,"revenue (missing) retained on operating scale (headcount 31, strong B2B SaaS signals)","The BitLocker Recovery Tool is an advanced piece of software that can extract data encrypted with BitLocker from a variety of storage media, such as encrypted disks, hard disk drives (HDDs), fixed media, logical partitions, USB flash drives, and other devices of a similar nature. The BLR group, which is a professional community focused on managing data crises encountered by IT users, is the organization that developed the solution known as the BitLocker Recovery tool. This tool is helpful in situations such as the loss of data, problems with BitLocker encryption, the discovery of data breaches","BLR BitLocker Recovery Tool is a software solution developed by the BLR group that specializes in data recovery from BitLocker encrypted storage media. It helps IT users recover lost data due to BitLocker encryption issues, data breaches, or hacking attempts. The company offers data recovery software and other related tools like data shredders and file shredders.",2026-09-14
SQ018613,42782,35,CrashBytes,crashbytes.com,https://crashbytes.com,https://www.linkedin.com/company/crashbytes,crashbytes,United States,"Washington Court House, Ohio",31.0,11-50 employees,Privately Held,,,Funding unknown,Software Development,,,2016.0,57.0,description addresses businesses/teams/organisations,platform language in a software-native industry,affordability_exception,"revenue (missing) retained on operating scale (headcount 31, strong B2B SaaS signals)","CrashBytes is a premier technology insights platform delivering cutting-edge perspectives on cloud engineering, software architecture, and technology leadership. We provide engineering leaders with in-depth analysis and strategic intelligence on evolving tech landscapes to drive innovation and informed decision-making.
Our Focus

Cloud Architecture Analysis: Expert insights on optimizing cloud-native systems and microservices implementation
Software Engineering Trends: Deep dives into emerging development practices and architectural patterns
Cybersecurity Intelligence: Comprehensive analysis o",,2026-09-14
SQ027360,42986,35,Envoy Development,envoydevelopment.com,https://envoydevelopment.com,https://www.linkedin.com/company/envoy-development,envoy-development,United States,phoenix,40.0,11-50 employees,Privately Held,,,,Software Development,,,2003.0,722.0,description addresses businesses/teams/organisations,explicit SaaS / cloud / enterprise-software / platform language; recurring/subscription/licence language,affordability_exception,"revenue (missing) retained on operating scale (headcount 40, strong B2B SaaS signals)","About Envoy Development

Unlocking Profit through Data Excellence

At Envoy Development, we specialize in harnessing the power of data historians to drive profitability for your business. Whether it's enhancing operational efficiency or reducing costs, we have the solutions you need.

Our Offerings:

Comprehensive Remote Data Service: Our virtual data analytics utilizes your in-house data by identifying major exceptions on a daily basis. This streamlines your daily operations, boosts productivity, and enhances efficient resource management at your facility.

Software Licensing: Alternatively, ",,2026-09-14
SQ039154,43243,35,TransBridge Advisors,transbridgeusa.com,https://transbridgeusa.com,https://www.linkedin.com/company/transbridge-advisors,transbridge-advisors,United States,"Bozeman, Montana",22.0,11-50 employees,Privately Held,B2B,,Funding unknown,Financial Services,"Legal Services and Regulatory Compliance,Financial Services Platforms","MSB, Regulatory Compliance, Banking Solutions",,1985.0,Business Type contains B2B,"SubIndustry is software/platform (Legal Services and Regulatory Compliance,Financial)",affordability_exception,"revenue (missing) retained on operating scale (headcount 22, strong B2B SaaS signals)","TransBridge Advisors is the #1 Seller of US MSBs and Core Banking Software for US MSBs.

Core Banking Platform includes White Label Banking Dashboards for Individual, Business, and MSB clients.","TransBridge Advisors specializes in the sale of US Money Service Businesses (MSBs), focusing on Montana-based entities. They cater primarily to international payments companies seeking to acquire US MSB licenses and secure MSB banking access. TransBridge offers aged and new MSB companies and assists with setting up banking relationships to facilitate large-scale money transfers. They emphasize seamless transactions, increased payment volumes, and reduced operating costs for their clients.",2026-09-14
SQ043729,43340,35,MT,mt.works,https://mt.works,https://www.linkedin.com/company/getmtworks,getmtworks,United States,new york,31.0,11-50 employees,Privately Held,,,Funding unknown,"Transportation, Logistics, Supply Chain and Storage",,,2022.0,14.0,description addresses businesses/teams/organisations,explicit SaaS / cloud / enterprise-software / platform language; recurring/subscription/licence language,affordability_exception,"revenue (missing) retained on operating scale (headcount 31, strong B2B SaaS signals)","MT is the game-changer the logistics industry has been waiting for, offering a versatile software platform that caters to a wide range of businesses like 3PLs, importers, exporters, retailers, BCOs, NVOCCs, terminals, ports, carriers, and shipping lines. Our all-in-one dashboard brings real-time terminal data to your fingertips, so everyone involved can collaborate seamlessly and make decisions faster than ever before.

Our platform is packed with innovative features that save you time and money. Say goodbye to late fees with just a few clicks, and let our automated document processing take th",,2026-09-14
SQ044213,43353,35,MediaBricks,mediabricks.com,https://mediabricks.com,https://www.linkedin.com/company/mediabricks,mediabricks,United States,"Palo Alto, CA",31.0,11-50 employees,Privately Held,,,Funding unknown,"Technology, Information and Internet",,,2022.0,39.0,description addresses businesses/teams/organisations,explicit SaaS / cloud / enterprise-software / platform language,affordability_exception,"revenue (missing) retained on operating scale (headcount 31, strong B2B SaaS signals)","Own your story. Stream your brand. MediaBricks is the intelligent platform brand channels are built on.

MediaBricks empowers organizations to host live events, distribute highlights, and build their own streaming media channels with intuitive cloud-based software. Transform your behind-the-scenes frenzy with simplified workflows to effortlessly expand your brand into the new streaming frontier.  

Launching in spring 2022.",,2026-09-14
SQ044663,43363,35,LOBSCARE,lobscare.com,https://lobscare.com,https://www.linkedin.com/company/the-lobs-inc,the-lobs-inc,United States,"Dallas, Texas",31.0,11-50 employees,Privately Held,,,Funding unknown,Home Health Care Services,,,2017.0,15.0,description addresses businesses/teams/organisations,recurring/subscription/licence language,affordability_exception,"revenue (missing) retained on operating scale (headcount 31, strong B2B SaaS signals)","At Lobscare, we bridge the gap between families in need of compassionate care and the agencies & professionals who provide it. Whether you're an aspiring entrepreneur, a healthcare worker, or a seasoned care agency owner — we are your trusted partner for growth, compliance, and connection.

We specialize in:
 Helping individuals set up Personal Care Agencies, Home Health, Hospice, and NEMT businesses across the U.S.
 Providing done-for-you consulting, licensing, and compliance support — no professional license required to start.
 Connecting Certified Nursing Assistants (CNAs), Licensed Practic",,2026-09-14
SQ046880,43410,35,"Global Convergence Solutions, Inc. GCS",globalconverge.com,https://globalconverge.com,https://www.linkedin.com/company/global-convergence-solutions,global-convergence-solutions,United States,"Cranbury, NEW JERSEY",25.0,11-50 employees,Privately Held,,,,Telecommunications,,,,2990.0,description addresses businesses/teams/organisations,explicit SaaS / cloud / enterprise-software / platform language,affordability_exception,"revenue (missing) retained on operating scale (headcount 25, strong B2B SaaS signals)","GCS is a next gen solutions provider focusing specifically on the global inter-carrier telecommunications industry.  Our dynamic management solution is software built to automate 99% of the tasks carriers perform on a daily basis relating to their inter-carrier voice. 

Whether you are a retail carrier or a pure play wholesale carrier, the GCS Dynamic OSS & BSS solution will increase efficiency, productivity and reduce your operational costs.  Our Interconnect Command Platform (ICP) is the enterprise software solution for anyone that works within the interconect voice industry.  It is purpose ",,2026-09-14
SQ047011,43413,35,"American Integration Contractors, LLC (AIC)",getaic.com,https://getaic.com,https://www.linkedin.com/company/american-integration-contractors-llc,american-integration-contractors-llc,United States,"Broussard, Louisiana",21.0,11-50 employees,Privately Held,,,,Security and Investigations,,,2009.0,900.0,description addresses businesses/teams/organisations,recurring/subscription/licence language,affordability_exception,"revenue (missing) retained on operating scale (headcount 21, strong B2B SaaS signals)","American Integration Contractors (AIC) provides best of breed integration products and services to commercial and governmental clients.  Our strategy is to provide you with the most effective solutions to mitigate the ever-changing risks your company or agency face. Our approach is unique, as shown by our relentless determination to provide our clients with a TOTAL solutions package. AIC is an authorized Manufacturer Representative with a specialty in delivering Motorola's software and video solutions to public safety, commercial and industrial customers. 

AIC's complete approach to researc",,2026-09-14
SQ053256,43507,35,ISoft Data Systems,isoftdata.com,https://isoftdata.com,https://www.linkedin.com/company/isoft-data-systems,isoft-data-systems,United States,lincoln,36.0,11-50 employees,Privately Held,B2B,,Funding unknown,Software Development,"Enterprise Software Solutions, Logistics Technology","Inventory Management, Heavy Equipment, Digital Marketplace",,291.0,Business Type contains B2B,"explicit SaaS / cloud / enterprise-software / platform language; SubIndustry is software/platform (Enterprise Software Solutions, Logistics Technolog)",affordability_exception,"revenue (missing) retained on operating scale (headcount 36, strong B2B SaaS signals)","Specializing in industrial computer technology process and data management, legacy data migration/recovery, and custom enterprise integrations of systems.","ISoft Data Systems provides inventory management systems for the used, recycled, and remanufactured heavy truck parts and vehicles industry for over 20 years. ITrack Chromium is a mobile-first inventory management system designed to allow users to manage and sell their inventory from anywhere using a smartphone, tablet, or laptop. Beyond inventory management software, ISoft Data Systems also operates online marketplaces, such as HeavyTruckParts.Net and Truckbay, and provides data analytics services (Presage Analytics) and digital marketing solutions.",2026-09-14
SQ055737,43555,35,SmartQC,smartqc.io,https://smartqc.io,https://www.linkedin.com/company/smartqc,smartqc,United States,"San Diego, California",31.0,11-50 employees,Privately Held,B2B,,Funding unknown,Software Development,"Enterprise Software Solutions,AI and ML Platforms","B2B, AI-powered, Lead Generation",,874.0,Business Type contains B2B; Pattern Tags contain B2B,"explicit SaaS / cloud / enterprise-software / platform language; SubIndustry is software/platform (Enterprise Software Solutions,AI and ML Platforms)",affordability_exception,"revenue (missing) retained on operating scale (headcount 31, strong B2B SaaS signals)","In the ever-evolving B2B space, success hinges on more than just leads; it's about identifying the PERFECT leads.

Allow us to introduce SmartQC, a groundbreaking technology platform for Lead Quality evaluation, providing businesses with the means to laser-focus on top-tier leads, resulting in unmatched conversion rates, revenue acceleration, and triumphant business journeys.

SmartQC is no ordinary quality check platform; it's a state-of-the-art AI-powered solution crafted to redefine your approach to lead quality.

Key Benefits:
Precision with AI 
18-Point Quality Scale 
Real-Time Reporting ","SmartQC is a B2B technology platform that leverages AI to evaluate lead quality. It provides businesses with tools to identify top-tier leads, improve conversion rates, accelerate revenue, and optimize their sales processes. SmartQC offers a state-of-the-art, AI-powered solution crafted to redefine approaches to lead quality.",2026-09-14
SQ056987,43576,35,Pimio Cloud,pimiocloud.com,https://pimiocloud.com,https://www.linkedin.com/company/pimio-cloud,pimio-cloud,United States,"Dallas, TX",31.0,11-50 employees,Privately Held,B2B,,Funding unknown,Software Development,Enterprise Software Solutions,"PIM, Salesforce, Data Management",2023.0,45.0,Business Type contains B2B,explicit SaaS / cloud / enterprise-software / platform language; SubIndustry is software/platform (Enterprise Software Solutions),affordability_exception,"revenue (missing) retained on operating scale (headcount 31, strong B2B SaaS signals)","Centralize, Enrich, Syndicate and Analyze your product data with Pimio.  We use the power of the Salesforce ecosystem to get more out of your product data.","Pimio Cloud is a Product Information Management (PIM) solution built natively on Salesforce, enabling businesses to centralize, enrich, syndicate, and analyze product data. It optimizes commerce workflows, supports sales and service with product data, and is designed for scalability. Pimio differentiates itself with native Salesforce integration, industry-specific templates, and pre-built integrations for platforms like Salesforce Commerce Cloud, Amazon, and eBay.",2026-09-14
SQ057701,43590,35,MVP Works,mvpworks.io,https://mvpworks.io,https://www.linkedin.com/company/mvpworks,mvpworks,United States,"San Diego, Californa",31.0,11-50 employees,Privately Held,B2B,,Funding unknown,Software Development,Developer Tools and Platforms,"B2B, Startup Services, MVP Development",2023.0,16.0,Business Type contains B2B; Pattern Tags contain B2B,SubIndustry is software/platform (Developer Tools and Platforms),affordability_exception,"revenue (missing) retained on operating scale (headcount 31, strong B2B SaaS signals)","Comprehensive Services for Transformative Startup Success

At MVPWorks, we are dedicated to empowering startups by providing a full spectrum of services designed to transform innovative ideas into market-leading solutions. With a focus on custom, scalable technologies and strategic support, we guide your project from the spark of an idea to a successful enterprise.","MVPWorks is dedicated to empowering startups by offering a full spectrum of services to transform innovative ideas into successful market solutions. They specialize in Minimum Viable Product (MVP) development and provide custom, scalable technologies. They offer end-to-end product development services, tackling everything from sophisticated backend infrastructures to elegant front-end designs. MVPWorks provides expertise in AI, Blockchain, Web3/Web4, VR/AR, and OTT/UGC, helping startups navigate the complexities of tech development and launch with confidence.",2026-09-14
SQ066204,43725,35,JACK AI Solutions,jackaisolutions.com,https://jackaisolutions.com,https://www.linkedin.com/company/jack-ai-solutions,jack-ai-solutions,United States,"Wilmington, Delaware",31.0,11-50 employees,Privately Held,B2B,,Funding unknown,Software Development,"Advertising, Marketing and Multimedia Design,Management Consulting and Strategy Consulting,Data and Analytics Software","B2B, AI Solutions, Digital Transformation",2023.0,3.0,Business Type contains B2B; Pattern Tags contain B2B,"SubIndustry is software/platform (Advertising, Marketing and Multimedia Design,Manag)",affordability_exception,"revenue (missing) retained on operating scale (headcount 31, strong B2B SaaS signals)","We drive digital transformation by integrating artificial intelligence and cutting-edge digital technologies. As a tech-focused firm, we tailor our solutions to meet the unique needs of businesses across various industries. Our approach empowers organizations to adapt swiftly and efficiently to the evolving digital landscape.","JACK AI Solutions is a technology-focused firm specializing in digital transformation through the integration of artificial intelligence and cutting-edge digital technologies. They provide tailored solutions to meet the unique needs of businesses across various industries, offering services such as digital marketing, market research, data analytics, business strategy, AI-powered content creation, and process automation. JACK AI empowers organizations to adapt to the evolving digital landscape, helping them enhance their online presence, gain strategic insights, and streamline operations.",2026-09-14
SQ066280,43731,35,INTOSTREAM INC.,intostream.com,https://intostream.com,https://www.linkedin.com/company/intostream-inc,intostream-inc,United States,"Alpharetta, GA",31.0,11-50 employees,Privately Held,,,,Software Development,,,2015.0,4.0,description addresses businesses/teams/organisations,recurring/subscription/licence language,affordability_exception,"revenue (missing) retained on operating scale (headcount 31, strong B2B SaaS signals)","INTOSTREAM is a privately held company specializing in delivering highly secure communication platforms to corporate clients in the U.S., Asia and Europe. We are primarily focused on providing encrypted communication solutions for voice and data traffic. Our clients include law firms, health industry, financial institutions and high tech companies that appreciate privacy of business communication. 

Due to ever-advancing risks of data breaches, businesses need to ensure that their communication is secure. INTOSTREAM solutions allow customers to place encrypted, peer-to-peer calls over a priv",,2026-09-14
SQ069311,43773,35,AiCollaborate.ai,aicollaborate.ai,https://aicollaborate.ai,https://www.linkedin.com/company/aicollaborate-ai,aicollaborate-ai,United States,"Los Angeles , California",31.0,11-50 employees,Privately Held,B2B,,Funding unknown,Software Development,AI and ML Platforms,"AI Community, AI Consulting, Collaboration Platform",,283.0,Business Type contains B2B,explicit SaaS / cloud / enterprise-software / platform language; SubIndustry is software/platform (AI and ML Platforms),affordability_exception,"revenue (missing) retained on operating scale (headcount 31, strong B2B SaaS signals)","Unlock the potential of AI collaboration and innovation with AICollaborateAI.ai   #AIAdoption #AIConsulting
Our platform fosters a vibrant AI community, connecting professionals, researchers, organizations to jointly tackle projects, share AI solutions, and drive collaborative research and development.","AiCollaborate.ai is a platform designed to foster AI collaboration and innovation. It connects AI professionals, researchers, and organizations to jointly tackle projects, share AI solutions, and drive collaborative research and development. They offer AI consulting and aim to be a vibrant AI community.",2026-09-14
SQ071408,43797,35,TruVis,truvis.ai,https://truvis.ai,https://www.linkedin.com/company/truvisai,truvisai,United States,"Wilmington, Delaware",22.0,11-50 employees,Privately Held,,,Funding unknown,Software Development,,,,230.0,description addresses businesses/teams/organisations,platform language in a software-native industry,affordability_exception,"revenue (missing) retained on operating scale (headcount 22, strong B2B SaaS signals)","TruVis empowers highly regulated enterprises to establish an active system of trust that accelerates decision-making, mitigates AI-related risks, and opens new pathways for sustainable growth. Central to this mission is TruFlow—our fully managed Enterprise Data Trust Platform—which prioritizes data quality, security, observability, cost optimization and both regulatory and business reporting through an AI-driven, lineage-first framework.",,2026-09-14
SQ080452,43913,35,Kodiak Data,kodiakdata.com,https://kodiakdata.com,https://www.linkedin.com/company/kodiak-data,kodiak-data,United States,"Mountain View, CA",31.0,11-50 employees,Privately Held,,,,Software Development,,,2014.0,44.0,description addresses businesses/teams/organisations,explicit SaaS / cloud / enterprise-software / platform language,affordability_exception,"revenue (missing) retained on operating scale (headcount 31, strong B2B SaaS signals)","Kodiak Data is an edge-cloud solution provider enabling customers to easily deploy and scale big data infrastructure in both private and hybrid clouds. Designed from the ground up to meet the needs of Big Data, our data-optimized clouds deliver on the promise of the public cloud’s agility with even greater simplicity and flexibility, combined with much lower costs.  The Kodiak Data platform is the only solution that can create, within minutes, virtual clusters for cloud, data and storage services that run at memory-speed, and scale dynamically to the needs of big data applications and processi",,2026-09-14
SQ080529,43915,35,"Kismatic, Inc.",kismatic.com,https://kismatic.com,https://www.linkedin.com/company/kismatic,kismatic,United States,"San Francisco, CA",31.0,11-50 employees,Privately Held,,,,Software Development,,,2014.0,123.0,description addresses businesses/teams/organisations,platform language in a software-native industry,affordability_exception,"revenue (missing) retained on operating scale (headcount 31, strong B2B SaaS signals)","Kismatic provides enterprise support and production platform tooling for Kubernetes. We are reimagining the enterprise datacenter through containerization. Our mission is to maximize developer productivity and minimize hardware costs by collapsing disparate developer and operations workflows into a unified cluster orchestration platform, creating a homogenous pool of resources that provisions applications and services with a few clicks, scaling to thousands of machines running seamlessly in any private or public cloud.

If you’ve already cut your teeth in distributed systems, networking, ope",,2026-09-14
SQ081194,43925,35,IsaaCloud,isaacloud.com,https://isaacloud.com,https://www.linkedin.com/company/isaacloud,isaacloud,United States,"Rosemont, Illinois",31.0,11-50 employees,Privately Held,,,,Software Development,,,2013.0,15.0,description addresses businesses/teams/organisations,explicit SaaS / cloud / enterprise-software / platform language,affordability_exception,"revenue (missing) retained on operating scale (headcount 31, strong B2B SaaS signals)","IsaaCloud is the first Engagement Automation Platform for app developers as well as enterprises. Easy to implement, fully customizable and reactive in real time – an API to get and keep your users captivated. 

If you are a dev looking to begin your adventure with gamification design then head straight to https://dev.isaacloud.com/v1/

We also provide end-to-end solutions for companies and marketers interested in user engagement. Check https://isaacloud.com/solutions/case-studies/ for some of our successful implementations.

Sign up and try it for free to decide which plan suits your nee",,2026-09-14
SQ081914,43937,35,Humonic Inc.,humonic.com,https://humonic.com,https://www.linkedin.com/company/humonic-inc,humonic-inc,United States,"Seattle , WA",31.0,11-50 employees,Privately Held,,,,Software Development,,,2019.0,21.0,description addresses businesses/teams/organisations,platform language in a software-native industry,affordability_exception,"revenue (missing) retained on operating scale (headcount 31, strong B2B SaaS signals)","Humonic is a Seattle-based healthcare data analytics and research platform startup. Our goal is to empower research scientists and Biopharma companies to accelerate drug discovery and  commercialization of new therapies  by integrating RWD /RWE , genetic sequencing and multi-omic  studies with longitudinal patients clinical EHR records.   Our AI /Machine learning and  NLP capabilities work to make this a reality across the spectrum of drug  discovery and Lifecycle Management including Phase I,II, III, IV PASS, REMS, pharmacovigilance and label expansion activities.",,2026-09-14
SQ082136,43944,35,HiringRobo,hiringrobo.io,https://hiringrobo.io,https://www.linkedin.com/company/hiringrobo,hiringrobo,United States,Los Angeles,31.0,11-50 employees,Privately Held,,,Funding unknown,Software Development,,,2020.0,4.0,description addresses businesses/teams/organisations,explicit SaaS / cloud / enterprise-software / platform language,affordability_exception,"revenue (missing) retained on operating scale (headcount 31, strong B2B SaaS signals)","HiringRobo is an Intelligent AI and Machine Learning powered Hiring Platform that enables enterprises and recruiters to get automated sourcing, screening, engage and hire talents 4x faster and save organizations 63% of their hiring cost.

What HiringRobo Offer?

* Intelligent JD Creation
* Auto Resume Sourcing
* AI Resume Parser
* Intelligent Candidate Screening and AI Stack Ranking of Candidates
* Chatbot Screening
* Skill Based Test
* Pre & Post Background Verification

What can HiringRobo do for you?

* Complete transformation of hiring process through an AI Engine and Intelligent Automatio",,2026-09-14
SQ082360,43949,35,HealthSync,healthsync.io,https://healthsync.io,https://www.linkedin.com/company/ssot-health-foundation,ssot-health-foundation,United States,"Cambridge, Massachusetts",31.0,11-50 employees,Privately Held,,,,Software Development,,,2015.0,26.0,description addresses businesses/teams/organisations,platform language in a software-native industry,affordability_exception,"revenue (missing) retained on operating scale (headcount 31, strong B2B SaaS signals)","POWERING FUTURE OF HEALTHCARE APPS.
FOR MODERN HEALTHCARE ORGANIZATIONS.
The HealthSync Platform delivers flexible infrastructure for healthcare institutions to share processes and data securely, on a need-to-know basis, without the need for reconciliation. It combines a permissioned Distributed Ledger with a powerful healthcare modeling language to ensure that each institution operates from a single source of truth.",,2026-09-14
SQ082474,43951,35,HandiTap,handitap.com,https://handitap.com,https://www.linkedin.com/company/handitap,handitap,United States,"Los Angeles, CA",31.0,11-50 employees,Privately Held,,,Funding unknown,Software Development,,,2020.0,186.0,description addresses businesses/teams/organisations,platform language in a software-native industry,affordability_exception,"revenue (missing) retained on operating scale (headcount 31, strong B2B SaaS signals)","Handitap is the premier platform connecting homeowners with trusted service providers for all their home maintenance and improvement needs. From cleaning and plumbing to landscaping and electrical work, we make it easy to find skilled professionals in your area.

With AI-powered search, verified providers, and seamless job posting, Audtiklance ensures a hassle-free experience for both homeowners and service pros. Whether you’re looking to hire or grow your business, Audtiklance is your trusted partner in home services.

 Find the right expert fast
 Post a job and get matched with professionals",,2026-09-14
SQ082970,43957,35,GoldFinch Cloud Solutions,goldfinchcloudsolutions.com,https://goldfinchcloudsolutions.com,https://www.linkedin.com/company/goldfinchcloudsolutions,goldfinchcloudsolutions,United States,"Iselin, NJ",21.0,11-50 employees,Privately Held,,,,Embedded Software Products,,,1986.0,1065.0,description addresses businesses/teams/organisations,explicit SaaS / cloud / enterprise-software / platform language,affordability_exception,"revenue (missing) retained on operating scale (headcount 21, strong B2B SaaS signals)","At GoldFinch Cloud Solutions, we help mid-sized manufacturing and distribution companies seamlessly scale their operations with our powerful, cloud-based business management solution built natively on Salesforce.

GoldFinch ERP unifies management of inventory, purchase orders, sales orders, warehouse, demand planning, accounting and manufacturing into ONE single, cohesive platform that eliminates data silos and delivers real-time visibility across your organization. With advanced industry-specific functionality included from day one, we empower mid-sized businesses to achieve efficiency, compl",,2026-09-14
SQ083386,43965,35,Integral Technologies,getintegral.ai,https://getintegral.ai,https://www.linkedin.com/company/integraltechnologies,integraltechnologies,United States,"New York, NY",24.0,11-50 employees,Privately Held,,,,Software Development,,,,369.0,description addresses businesses/teams/organisations,platform language in a software-native industry,affordability_exception,"revenue (missing) retained on operating scale (headcount 24, strong B2B SaaS signals)","Integral Technologies transforms transfer pricing compliance with cutting-edge AI. 
Our intuitive platform delivers precision, real-time insights, and effortless global compliance, empowering businesses to save time, reduce costs, and stay ahead in a complex regulatory landscape.

Get in touch: hello@integraltechnologies.io

Experience the future of compliance today!",,2026-09-14
SQ084596,43986,35,Eyelation Technologies,eyelation.com,https://eyelation.com,https://www.linkedin.com/company/eyelation,eyelation,United States,Tinley Park,32.0,11-50 employees,Privately Held,,,,Software Development,,,2009.0,784.0,description addresses businesses/teams/organisations,explicit SaaS / cloud / enterprise-software / platform language,affordability_exception,"revenue (missing) retained on operating scale (headcount 32, strong B2B SaaS signals)","Welcome to the Eyelation Safety Benefits Platform. We take a health-centric approach to safety benefits and compliance, giving your workforce access to products, health assessments, services, and information - anytime, anywhere.

Companies lack effective tools for administering safety benefits and organizing procurement of PPE. Eyelation uniquely solves these challenges by consolidating safety benefits management and workplace PPE procurement under one unified platform.

Our end-to-end solution lets managers control and supervise benefits according to corporate policies, and empowers employees",,2026-09-14
SQ087852,44031,35,BonData,bondata.ai,https://bondata.ai,https://www.linkedin.com/company/bondataai,bondataai,United States,"Wilmington, Delaware",25.0,11-50 employees,Privately Held,,,Funding unknown,Software Development,,,,1049.0,description addresses businesses/teams/organisations,explicit SaaS / cloud / enterprise-software / platform language,affordability_exception,"revenue (missing) retained on operating scale (headcount 25, strong B2B SaaS signals)","BonData is an AI-powered Virtual Data Connections platform that automatically unlocks the value of your siloed data in just 2 days.

While enterprises struggle with traditional data stacks that have become too slow for today's fast-paced data relaying technologies, BonData provides a single platform solution. Our technology seamlessly connects hundreds of systems, databases, data lakes, warehouses, and files, automatically transforming them into one virtual data layer that drives growth initiatives.

Whether preparing data for AI applications, synchronizing systems, or making business decision",,2026-09-14
SQ092991,44065,35,Nevis,neviswealth.com,https://neviswealth.com,https://www.linkedin.com/company/neviswealth,neviswealth,United States,"New York, NY",22.0,11-50 employees,Privately Held,,,,Software Development,,,,3216.0,description addresses businesses/teams/organisations,explicit SaaS / cloud / enterprise-software / platform language,affordability_exception,"revenue (missing) retained on operating scale (headcount 22, strong B2B SaaS signals)",Nevis is a purpose-built AI platform that helps financial advisors and their teams automate administrative workflows end-to-end.,,2026-09-14
SQ100256,44122,35,Vallr,vallrsol.com,https://vallrsol.com,https://www.linkedin.com/company/vallrsolutions,vallrsolutions,United States,"Columbus, Ohio",31.0,11-50 employees,Privately Held,B2B,,Funding unknown,"Technology, Information and Internet",Enterprise Software Solutions,"B2B, GIS, Mobile Solutions",,243.0,Business Type contains B2B; Pattern Tags contain B2B,explicit SaaS / cloud / enterprise-software / platform language; SubIndustry is software/platform (Enterprise Software Solutions),affordability_exception,"revenue (missing) retained on operating scale (headcount 31, strong B2B SaaS signals)","Transform your fieldwork with Vallr's cutting-edge solutions. Improve team collaboration, organization, and data distribution with our innovative tools.","Vallr Solutions specializes in providing GIS mobile applications designed to enhance fieldwork operations. They offer two main products: Locatr, which aids in precise location identification beyond standard coordinates, and Xplor, a comprehensive mobile mapping solution for field teams. Vallr differentiates itself by offering accessible GIS technology to non-GIS experts, focusing on improving collaboration, organization, and data distribution. They cater primarily to utilities, water, transit, and transportation sectors, and their Xplor product features tiered pricing suitable for government a",2026-09-14
SQ110977,44353,35,AgileBrain,leadingindicator.com,https://leadingindicator.com,https://www.linkedin.com/company/agilebrain-measure-emotions,agilebrain-measure-emotions,United States,"Boston, Ma",22.0,11-50 employees,Privately Held,B2B,,Funding unknown,Professional Services,"Enterprise Software Solutions, Human Resources, Staffing and Recruitment","B2B, HR Tech, Talent Management",2001.0,722.0,Business Type contains B2B; Pattern Tags contain B2B,"explicit SaaS / cloud / enterprise-software / platform language; SubIndustry is software/platform (Enterprise Software Solutions, Human Resources, St)",affordability_exception,"revenue (missing) retained on operating scale (headcount 22, strong B2B SaaS signals)","AgileBrain is fast and fun #EmotionalMeasurement assessment that helps us better understand ourselves and the motivations that drive us.

Understanding our emotions is key to successful, lasting change but many of us don’t have the ability to fully identify or articulate them. AgileBrain’s image-based tool provides a quantitative and qualitative picture of your emotional needs and motivations as well as the language and framework necessary understand and communicate them to your #ProfessionalCoaches, therapists, family, and friends.","Leading Indicator Systems (also known as AgileBrain, Inc.) provides human capital solutions designed to deliver actionable insights for critical decision-making. Their configurable technology platform includes modules for emotional well-being, talent assessment, and workforce surveys. They differentiate themselves through their agile platform, which is easily tailored, and the direct relationships they offer clients who seek direct access to leading behavioral scientists, psychometric experts, data scientists, software developers, program managers, QA and support professionals, and experience ",2026-09-14
SQ113996,44424,35,Eyeballs Advisors,eyeballsadvisors.com,https://eyeballsadvisors.com,https://www.linkedin.com/company/eyeballs-advisors,eyeballs-advisors,United States,"Newport Beach, California",31.0,11-50 employees,Privately Held,B2B,,Funding unknown,Financial Services,Financial Services Software,"B2B, Fintech, Regulatory Tech",2018.0,73.0,Business Type contains B2B; Pattern Tags contain B2B,explicit SaaS / cloud / enterprise-software / platform language; SubIndustry is software/platform (Financial Services Software),affordability_exception,"revenue (missing) retained on operating scale (headcount 31, strong B2B SaaS signals)","Avoid playing phone tag with clients.
Insight into your clients’ concerns through monitoring their questions.
Instant notification and messaging through an Advisor App and RIQ dashboard.
Greater transparency for FINRA and SEC compliance issues.","Eyeballs Advisors is a software company that offers a voice-activated financial app and advisor dashboard designed to streamline communication between financial advisors and their clients. The platform provides instant access to investment information for clients, while offering advisors insight into client inquiries and portfolio concerns. Eyeballs aims to enhance transparency, improve client relationships, and assist with regulatory compliance for financial firms.",2026-09-14
SQ125940,44664,35,Inglodia Applied Labs,inglodia.com,https://inglodia.com,https://www.linkedin.com/company/inglodia-data-labs,inglodia-data-labs,United States,California,31.0,11-50 employees,Privately Held,B2B,,Funding unknown,Data Infrastructure and Analytics,"AI and ML Platforms,Data and Analytics Software","B2B, AI Solutions, Data Analytics",2022.0,3.0,Business Type contains B2B; Pattern Tags contain B2B,"SubIndustry is software/platform (AI and ML Platforms,Data and Analytics Software)",affordability_exception,"revenue (missing) retained on operating scale (headcount 31, strong B2B SaaS signals)","Inglodia Data Labs on a journey through the intricacies of data engineering and analytics as we unveil our story of innovation and mastery. For the past six years, our company has been at the forefront of the technological landscape, spearheading projects that redefine the boundaries of possibility. With over 150 projects under our belt and a clientele spanning 42 countries, we have honed our expertise to deliver solutions that transcend geographical borders. Our commitment to excellence is evident in every line of code we write, every algorithm we design, and every insight we uncover. Join us","Inglodia AI Labs is a technology company specializing in data engineering and analytics, with a focus on AI solutions. They provide services such as big data consulting, data engineering, data analytics, AI transformation, and cloud services. Inglodia has completed over 150 projects for clients in 42 countries. They offer AaaS (Agent as a Service) to drive innovation and improve efficiency for their clients. They are expanding their reach from Boston, Massachusettes to offices in India, Singapore, Canada and Dubai.",2026-09-14
SQ128089,44715,35,"Eagle Marketing & Consulting, Inc",eaglemarketing.ai,https://eaglemarketing.ai,https://www.linkedin.com/company/eagle-marketing-ai,eagle-marketing-ai,United States,"Newport Beach, CA",31.0,11-50 employees,Privately Held,B2B,,Funding unknown,"Technology, Information and Internet","Enterprise Software Solutions,AI and ML Platforms","B2B, Voice AI, Customer Engagement",2023.0,10.0,Business Type contains B2B; Pattern Tags contain B2B,"explicit SaaS / cloud / enterprise-software / platform language; SubIndustry is software/platform (Enterprise Software Solutions,AI and ML Platforms)",affordability_exception,"revenue (missing) retained on operating scale (headcount 31, strong B2B SaaS signals)","Eagle Marketing wants to transform how businesses interact with customers. We enrich customer engagement with cutting-edge AI technology, ensuring your business operates without compromising on quality or performance. Our AI platform features a blend of inbound and outbound tools meticulously designed to respond to customer needs and enhance their satisfaction. With our advanced capabilities, staff turnover and burnout are a thing of the past, elevating your business outreach and support to new heights.","Eagle Marketing and Consulting, Inc. offers AI-powered voice solutions designed to transform how businesses interact with their customers. Their platform enriches customer engagement through inbound and outbound calling solutions featuring agent customization, campaign management, and integration capabilities. They aim to improve customer satisfaction, reduce staff turnover and burnout, and elevate business outreach and support using cutting-edge AI technology. Eagle Marketing serves various sectors including call centers, real estate, staffing agencies, e-commerce, manufacturing, and auto dea",2026-09-14
SQ129659,44738,35,Athena,athena.global,https://athena.global,https://www.linkedin.com/company/athenaglobal,athenaglobal,United States,"Los Angeles, CA",31.0,11-50 employees,Privately Held,B2B,,Funding unknown,Data Infrastructure and Analytics,"AI and ML Platforms, Data and Analytics Software","B2B, AI-powered, Data Analytics",,351.0,Business Type contains B2B; Pattern Tags contain B2B,"explicit SaaS / cloud / enterprise-software / platform language; SubIndustry is software/platform (AI and ML Platforms, Data and Analytics Software)",affordability_exception,"revenue (missing) retained on operating scale (headcount 31, strong B2B SaaS signals)","At Athena, we put data to work for everyone, empowering businesses to unlock their full potential. Our AI-powered business intelligence platform integrates data, people, and systems into a unified environment. With the advanced use of AI, Athena is designed to help organizations understand and visualize their data like never before.

We bring real-time analytics and interactive dashboards to the forefront, making data visible and actionable. Athena's advanced analytics capabilities enable companies to anticipate future trends and challenges, while automation tools generate actionable intellige","Athena is a B2B company providing an AI-powered business intelligence platform that unifies data, people, and systems. It offers real-time analytics and interactive dashboards to visualize data and anticipate trends. Athena differentiates itself through AI-driven actionable intelligence and automation, optimizing business processes at scale.",2026-09-14
SQ149307,45302,35,Contrib.com,contrib.com,https://contrib.com,https://www.linkedin.com/company/contrib-official,contrib-official,United States,"Wilmington, Delaware",23.0,11-50 employees,Partnership,"B2B, B2C",,Funding unknown,"Technology, Information and Internet","Blockchain and Web3, Financial Services Platforms","B2B, B2C, Blockchain, Gig Economy",2013.0,252.0,Business Type contains B2B; Pattern Tags contain B2B,"explicit SaaS / cloud / enterprise-software / platform language; SubIndustry is software/platform (Blockchain and Web3, Financial Services Platforms)",affordability_exception,"revenue (missing) retained on operating scale (headcount 23, strong B2B SaaS signals)","The Contrib.com platform mints branded digital money for your domain and you can own, control it’s pie within your own social crypto economy.","Contrib.com is a global, blockchain-based platform connecting contributors with companies, primarily startups, for task completion and engagement. It leverages its CTB token to incentivize contributions. It emphasizes decentralization and utilizes various apps to offer new opportunities. The platform targets the premium domain name channel.",2026-09-14
SQ149888,45312,35,CareHub,carehub.health,https://carehub.health,https://www.linkedin.com/company/carehub-official,carehub-official,United States,"Katy, Texas",25.0,11-50 employees,Privately Held,B2B,,Funding unknown,Hospitals and Health Care,"Healthcare Software,Digital Health and Telemedicine","B2B, Healthcare Solutions, HIPAA Compliant",,1018.0,Business Type contains B2B; Pattern Tags contain B2B,"SubIndustry is software/platform (Healthcare Software,Digital Health and Telemedicin)",affordability_exception,"revenue (missing) retained on operating scale (headcount 25, strong B2B SaaS signals)",CareHub empowers medical facilities in the US with a broad range of HIPAA-compliant back-office solutions and care-gap closure services.,"CareHub empowers medical facilities in the US with a broad range of HIPAA-compliant back-office solutions and care-gap closure services. They reduce administrative burden and improve patient care for Clinics, ACOs, MSOs, and Hospitals through offerings like appointment scheduling, prescription refills, and chronic disease management programs.",2026-09-14
SQ152469,45366,35,Mobile Security and Surveillance Systems,vms3.com,https://vms3.com,https://www.linkedin.com/company/mobile-security-and-surveillance-systems,mobile-security-and-surveillance-systems,United States,"Cleveland, Ohio",31.0,11-50 employees,Privately Held,B2B,,Funding unknown,Security Systems Services,"IT Services and Cybersecurity,Security and Identity Software","Mobile Security, Surveillance, AI-Powered",2023.0,57.0,Business Type contains B2B,"SubIndustry is software/platform (IT Services and Cybersecurity,Security and Identit)",affordability_exception,"revenue (missing) retained on operating scale (headcount 31, strong B2B SaaS signals)","We work with you to protect what's important to you.  

Building Security and Surveillance Trailers and Portable Towers in Ohio.  MS3 provides video solutions using industry leading platforms: Genetec, Hanwha, Axis, Digital Watchdog, Milestone, Uniview and more to integrate into the end users existing platforms.  Using our cellular product that has 4 built in Virtual SIMs for stand alone solutions, or Cradlepoints, bridges, and APs to connect to the end users existing networks.  Unlike our competition that forces you to use their services, data and video platforms.

We can provide solutions an","Mobile Security and Surveillance Systems (MS3) provides mobile security and surveillance solutions, including trailers, towers, and mountable pole toppers. MS3 serves industries such as construction, retail, restaurants, education, government, and property management. Unlike their competitors that lock customers into proprietary systems, MS3 supports industry leading platforms like Genetec, Hanwha, Axis, Digital Watchdog, Milestone, and Uniview, offering flexibility and integration with existing systems. They provide both purchase and lease options, along with remote monitoring, AI-powered thr",2026-09-14
SQ158736,45485,35,Networkible_inc,networkible.com,https://networkible.com,https://www.linkedin.com/company/networkible-inc,networkible-inc,United States,"solana beach, CA",31.0,11-50 employees,Privately Held,B2B,,Funding unknown,"Technology, Information and Internet","Human Resources, Staffing and Recruitment,Enterprise Software Solutions","B2B, Job Matching, Mobile App",2023.0,2.0,Business Type contains B2B; Pattern Tags contain B2B,"explicit SaaS / cloud / enterprise-software / platform language; SubIndustry is software/platform (Human Resources, Staffing and Recruitment,Enterpri)",affordability_exception,"revenue (missing) retained on operating scale (headcount 31, strong B2B SaaS signals)","Exciting News! Networkible is launching our NEW APP late 2023! Stop Searching, Start Working! Get matched with #realjobs #JOBS #HIRING","Networkible is launching a new app in late 2023 designed to match job seekers with employment opportunities. The company's focus is on connecting candidates with jobs, as indicated by their tagline 'Stop Searching, Start Working!' and the use of hashtags like #realjobs and #HIRING.",2026-09-14
SQ159451,45500,35,MetaAuthIAM,metaauthiam.com,https://metaauthiam.com,https://www.linkedin.com/company/metaauthiam,metaauthiam,United States,Texas,31.0,11-50 employees,Privately Held,B2B,,Funding unknown,"Technology, Information and Internet","Financial Services Software,IT Services and Cybersecurity,Security and Identity Software","B2B, IAM, Cybersecurity",2023.0,31.0,Business Type contains B2B; Pattern Tags contain B2B,"SubIndustry is software/platform (Financial Services Software,IT Services and Cybers)",affordability_exception,"revenue (missing) retained on operating scale (headcount 31, strong B2B SaaS signals)","MetaAuthIAM is a one of the products of Metahorizon Inc., who has already achieved a significant presence in the market with 100+ Fortune 500 companies as clients, 400+ successful projects, and a team of 200+ certified engineers. Leveraging Metahorizon's decade-long experience in the field of Identity and Access Management (IAM) services, MetaAuthIAM was established to create its own IAM product. This product aims to be more affordable, while also being sweet and simple to use, catering specifically to small and medium businesses. With the backing of Metahorizon's expertise, MetaAuthIAM aims t","MetaAuthIAM is an Identity and Access Management (IAM) solution created by Metahorizon Inc., building on their decade of experience serving Fortune 500 companies. MetaAuthIAM provides affordable and user-friendly IAM services designed for small and medium businesses. The solution offers secure access management, compatibility with existing systems, and connections to various applications and directories. MetaAuthIAM serves industries including banking, insurance, healthcare, retail, and telecommunications.",2026-09-14
SQ164813,45617,35,Contrail Networks Inc.,contrailnetworks.com,https://contrailnetworks.com,https://www.linkedin.com/company/contrail-networks,contrail-networks,United States,"Frisco, TX",31.0,11-50 employees,Privately Held,B2B,,Funding unknown,Communications Equipment Manufacturing,"Enterprise Software Solutions,IT Services and Cybersecurity","B2B, Private Networks, Telecom Solutions",2019.0,121.0,Business Type contains B2B; Pattern Tags contain B2B,"explicit SaaS / cloud / enterprise-software / platform language; SubIndustry is software/platform (Enterprise Software Solutions,IT Services and Cybe)",affordability_exception,"revenue (missing) retained on operating scale (headcount 31, strong B2B SaaS signals)","Contrail Networks is part of the PrivateNetConsortium in the realm of Private Networks, specializing in both indoor and outdoor connectivity solutions. As the key technical contributor in this industry, we cover every aspect, ensuring excellence in standards, compliance, and beyond.

Our focus spans a wide spectrum:

Products & Solutions: Our cutting-edge products like Zero-touch ORAN Orchestrator & Management Platform and Generative-AI for Telco (ChatGPT for Telco) empower you to lead in the Private Network landscape.

OEM Collaboration: We facilitate collaboration with OEMs to ensure the hig","Contrail Networks is a technology company focused on private network solutions, specializing in both indoor and outdoor connectivity. They are a key technical contributor within the PrivateNetConsortium, ensuring standards, compliance, and innovation. Their products and services include a Zero-touch ORAN Orchestrator and Management Platform, Generative-AI for Telco (ChatGPT for Telco), OEM collaboration support, use case exploration, deployment flexibility (on-premise, private, or public cloud-native), monetization strategies, security solutions, and DevOps/AI best practices for Network Operat",2026-09-14
SQ126413,45670,34,Helio,helio.app,https://helio.app,https://www.linkedin.com/company/helio,helio,United States,"Campbell, California",31.0,11-50 employees,,B2B,,Funding unknown,Research Services,"Enterprise Software Solutions,Data and Analytics Software","UX Research, B2B, SaaS",,25943.0,Business Type contains B2B; Pattern Tags contain B2B,"Pattern Tags contain SaaS; explicit SaaS / cloud / enterprise-software / platform language; SubIndustry is software/platform (Enterprise Software Solutions,Data and Analytics S)",affordability_exception,"revenue (missing) retained on operating scale (headcount 31, strong B2B SaaS signals)","Helio’s LinkedIn page shares product design insights, connects you to resources, and shows how UX metrics help teams.

Our goal is to help teams gather actionable UX metrics from users before building. This includes understanding the processes teams follow, the tools they use to reach their goals, and how to measure their performance.

We share daily content with a curated selection of top product ideas to help you learn and discover new people to follow.

Helio simplifies product design with fast user research, prototype testing, and concept validation. It streamlines participant recruitment ","Helio is a UX research platform designed to help product teams gather actionable UX metrics from users before building. It offers tools for fast user research, prototype testing, and concept validation. Key features include participant recruitment, usability tests, feedback surveys, prototype testing, Figma integration, and realtime reports. Helio differentiates itself by streamlining the user research process and delivering reliable UX metrics to help teams work faster and make data-informed decisions.",2026-09-14
SQ001001,45693,33,ARM Rental Software,armsoftware.com,https://armsoftware.com,https://www.linkedin.com/company/automated-rental-management,automated-rental-management,United States,"San Antonio, Texas",31.0,11-50 employees,,B2B,,Funding unknown,Software Development,Enterprise Software Solutions,"B2B, SaaS, Rental Management",1986.0,44.0,Business Type contains B2B; Pattern Tags contain B2B,Pattern Tags contain SaaS; explicit SaaS / cloud / enterprise-software / platform language; SubIndustry is software/platform (Enterprise Software Solutions),affordability_exception,"revenue (missing) retained on operating scale (headcount 31, strong B2B SaaS signals)","BCS ProSoft is a technology services firm specializing in rental business applications and solutions. We help small and mid-market customers solve their business challenges through strategic consulting services, innovative offerings and industry-specific solutions built on the latest technologies. BCS ProSoft delivers expertise for where your rental business is headed.","ARM Rental Software, a product of BCS ProSoft, provides specialized software solutions designed for rental businesses across various industries. Their software offers comprehensive features, including inventory management, contract and reservation handling, accounting integration, delivery routing, and robust reporting. A key differentiator is the integration with Sage 100 ERP for accounting and Omnitracs Roadnet Anywhere Routing for delivery optimization. ARM targets small to mid-sized rental businesses, emphasizing customizable solutions and dedicated U.S.-based support to improve operationa",2026-09-14
SQ020602,45896,33,Thin Scanner,thinscanner.com,https://thinscanner.com,https://www.linkedin.com/company/thinscanner,thinscanner,United States,"San Jose, CA",31.0,11-50 employees,Partnership,B2B,,Funding unknown,Business Intelligence Platforms,Enterprise Software Solutions,"SaaS, Document Management, IoT Security",,8.0,Business Type contains B2B,Pattern Tags contain SaaS; explicit SaaS / cloud / enterprise-software / platform language; SubIndustry is software/platform (Enterprise Software Solutions),affordability_exception,"revenue (missing) retained on operating scale (headcount 31, strong B2B SaaS signals)","Thin Scanner for document scanners is a centralized document scanner control system with dashboard analytics plus IoT device, user and workflow management.

With intuitive and fully configurable dashboard analytics, Thin Scanner allows for non-technical users to create informative and insightful charts, graphs and reports to more effectively operate their business processes.

Providing extreme simplicity and easy usability, Thin Scanner offers a single control system for effective management for fleets of document scanners using industry accepted standards for device connectivity and software ","Thin Scanner is a centralized document scanner control system providing dashboard analytics, IoT device management, user management, and workflow management. It simplifies document scanning with a web browser interface and integrates with existing business applications. Thin Scanner aims to reduce IT costs through efficient scanner fleet management and improve security with features like biometric identity and document encryption.",2026-09-14
SQ027374,46001,33,EntityRisk,entityrisk.com,https://entityrisk.com,https://www.linkedin.com/company/entityrisk,entityrisk,United States,"Princeton, New Jersey",30.0,11-50 employees,Privately Held,,,,Software Development,,,2021.0,1458.0,description addresses businesses/teams/organisations,explicit SaaS / cloud / enterprise-software / platform language,affordability_exception,"revenue (missing) retained on operating scale (headcount 30, strong B2B SaaS signals)","EntityRisk redefines drug value assessment and evidence planning with a fast, transparent, predictive software solution powered by renowned health economics, policy, and data science expertise — giving clients advanced tools to choose justifiable prices, inform evidence investments, and communicate and win on value.

EntityRisk's PROVEN software replaces fragmented and static Excel-based disease models with a unified and dynamic Python software environment.

This enables the generation of rigorous and centralized core disease models in the background earlier in the product development lifecycl",,2026-09-14
SQ052609,46420,33,Project Plan 365,projectplan365.com,https://projectplan365.com,https://www.linkedin.com/company/projectplan365,projectplan365,United States,"Pittsfield, MA",31.0,11-50 employees,,B2B,,Funding unknown,Software Development,"Enterprise Software Solutions, Management Consulting and Strategy Consulting","Project Management, SaaS, B2B",2001.0,196.0,Business Type contains B2B; Pattern Tags contain B2B,"Pattern Tags contain SaaS; explicit SaaS / cloud / enterprise-software / platform language; SubIndustry is software/platform (Enterprise Software Solutions, Management Consulti); recurring/subscription/licence language",affordability_exception,"revenue (missing) retained on operating scale (headcount 31, strong B2B SaaS signals)",Project Plan 365 is an intuitive solution for project planning and project collaboration perfect for individual Project Managers and/or small teams working in fast-paced collaborative environments which may be across disparate geographic locations.,"Project Plan 365, developed by Housatonic Software, is a project management software solution designed for individuals and teams. It is compatible with Microsoft Project, allowing users to open and save .MPP files. Project Plan 365 offers features such as Gantt charts, Agile scheduling, resource allocation, and real-time collaboration. It targets various industries including construction, manufacturing, software development, and academia. The software is available on multiple platforms including Windows, Mac, iOS, and Android, with subscription plans tailored for individual project managers, b",2026-09-14
SQ062827,46476,33,SmartTexting.com,smarttexting.com,https://smarttexting.com,https://www.linkedin.com/company/smarttexting,smarttexting,United States,"San Diego, California",31.0,11-50 employees,,B2B,,Funding unknown,Software Development,"Enterprise Software Solutions,Advertising, Marketing and Multimedia Design","SaaS, Marketing Automation, AI-powered",,6.0,Business Type contains B2B,"Pattern Tags contain SaaS; explicit SaaS / cloud / enterprise-software / platform language; SubIndustry is software/platform (Enterprise Software Solutions,Advertising, Marketi)",affordability_exception,"revenue (missing) retained on operating scale (headcount 31, strong B2B SaaS signals)","Automate, Personalize, Engage with SmartTexting

Designed to revolutionize your customer engagement, our unique approach combines multi-channel text messaging and voicemail drops with powerful automation, AI analysis, and data enrichment†.

Visit our website to get started","SmartTexting by Rally Corp offers a multi-channel messaging platform that combines text messaging and voicemail drops with AI-driven automation and data enrichment. It enables businesses to automate and personalize customer engagement through SMS, MMS, and voicemail, offering features like automated workflows, mass and 1:1 messaging, and intelligent sentiment analysis.",2026-09-14
SQ068542,46529,33,Cosmind LLC,cosmind.co,https://cosmind.co,https://www.linkedin.com/company/cosmind-llc,cosmind-llc,United States,"Houston, Texas",31.0,11-50 employees,Partnership,B2B,,Funding unknown,Mobile Computing Software Products,"Enterprise Software Solutions,Retail Technology","B2B, SaaS, Marketplace Platform",,3.0,Business Type contains B2B; Pattern Tags contain B2B,"Pattern Tags contain SaaS; explicit SaaS / cloud / enterprise-software / platform language; SubIndustry is software/platform (Enterprise Software Solutions,Retail Technology)",affordability_exception,"revenue (missing) retained on operating scale (headcount 31, strong B2B SaaS signals)","Cosmind is a Digital Solution designed for entrepreneurs, Corporations and Startups looking to launch a Digital Delivery Marketplace
Cosmind offers advanced features like:
- Client Mobile App available in Android and iOS
- a Client Web site
- Delivery Mobile App available in Android and iOS
- Admin panel
- Vendors access
- Loyalty module
- Notifications center
- Vouchers
- Micro-segmentation
- Customer data platform
- Advanced Firebase integration
- Advanced Facebook integration
- Multiple payment gateways 
- Real time tracking
- Dashboard and Analytics
- and so much more","Cosmind is a digital solution designed for entrepreneurs, corporations, and startups looking to launch a digital delivery marketplace. It offers an all-in-one platform with features like client mobile apps (Android and iOS), a client website, delivery mobile apps (Android and iOS), an admin panel, vendor access, loyalty module, notifications center, vouchers, micro-segmentation, customer data platform, advanced Firebase and Facebook integrations, multiple payment gateways, real-time tracking, and dashboards and analytics. They enable businesses to create and manage their own online ordering an",2026-09-14
SQ117720,47140,33,Gener8 Education,gener8.space,https://gener8.space,https://www.linkedin.com/company/gener8-education,gener8-education,United States,"Belton, Texas",31.0,11-50 employees,Privately Held,B2B,,Funding unknown,Education,"Consumer Software,E-Learning Platforms and EdTech","EdTech, Immersive Learning, B2B",2014.0,594.0,Business Type contains B2B; Pattern Tags contain B2B,"SubIndustry is software/platform (Consumer Software,E-Learning Platforms and EdTech)",affordability_exception,"revenue (missing) retained on operating scale (headcount 31, strong B2B SaaS signals)","Gener8 is transforming education through interactive and engaging learning environments that put students at the center of their own learning experiences. Our Blended Learning Interactive Space (BLISS) model enhances traditional teaching with immersive digital tools, allowing students to explore, create, and collaborate in dynamic ways.

At the heart of Gener8’s approach is its student-centred philosophy, ensuring access for all students. Our technology turns ordinary classrooms into interactive spaces where students can engage with digital content through touch-enabled surfaces, bringing less","Gener8 Education transforms traditional classrooms into immersive and interactive learning environments designed to enhance student engagement and improve learning outcomes. They offer a Blended Learning Interactive Space (BLISS) model that combines physical spaces with immersive digital tools. Their solutions include fully touch-enabled rooms, easy-to-use drag-and-drop software for creating custom learning scenarios, and access to a library of interactive 3D scenes, educational videos, and games. Gener8 Education provides training and support to educators to maximize the benefits of their imm",2026-09-14
SQ160676,47571,33,KÄGWERKS,kagwerks.com,https://kagwerks.com,https://www.linkedin.com/company/kägwerks,kägwerks,United States,"Vancouver, Washington",24.0,11-50 employees,Privately Held,B2B,,Funding unknown,Armed Forces,"Defense Systems and Marine Manufacturing,IoT and Embedded Systems Software","B2G, Tactical Communications, Veteran-owned",2015.0,2726.0,Business Type contains B2B,"SubIndustry is software/platform (Defense Systems and Marine Manufacturing,IoT and E)",affordability_exception,"revenue (missing) retained on operating scale (headcount 24, strong B2B SaaS signals)","Kagwerks is a veteran-owned company comprised of a talented and agile team of individuals with decades of operational, design, and engineering experience. We are dedicated to the core values of Integrity, Innovation, and Professionalism. Our purpose is to Change the Dynamic by Identifying and Delivering Intelligent Tactical Solutions - We Serve, We Innovate, We Get It Done, and We Live Excellence

Never A Fair Fight.","Kägwerks is a veteran-owned company that designs and develops rugged, tactical operator-worn communications technologies. They aim to enhance the connectivity and integrated secure networking capabilities of individual warfighters. Their key products include the DOCK Ecosystem (integrating communications, situational awareness, and power systems), FYNDER (a plug-and-play edge sensor), and the Operators Kit (powering tactical communications). Kägwerks serves the U.S. and allied nation defense and public safety forces, differentiating itself through operator-focused innovation and a commitment t",2026-09-14
SQ168057,47649,33,Leuctra,leuctra.dev,https://leuctra.dev,https://www.linkedin.com/company/leuctra,leuctra,United States,"Beverly Hills, CA",31.0,11-50 employees,Privately Held,,,Funding unknown,"Technology, Information and Internet",,,2025.0,15.0,description addresses businesses/teams/organisations,explicit SaaS / cloud / enterprise-software / platform language,affordability_exception,"revenue (missing) retained on operating scale (headcount 31, strong B2B SaaS signals)","Founded in 2025, Leuctra is the go-to studio for founders who want to build and scale multiple projects under one roof. We're not your typical incubator or accelerator. Our team works across mobile apps, SaaS tools, and digital products, bringing ideas to life in a way that defies the standard startup playbook. We focus on building real businesses, not just MVPs, embedding hands-on support and strategic insight into every project. Unlike traditional studios, we prioritize agility, creativity, and outcomes that make a difference.",,2026-09-14
SQ171326,47666,33,Shipsearch,shipsearch.com,https://shipsearch.com,https://www.linkedin.com/company/shipsearch,shipsearch,United States,"Dallas, Texas",31.0,11-50 employees,Partnership,B2B,,Funding unknown,Maritime Transportation,"Logistics Technology,IT Services and Cybersecurity","Maritime, B2B, SaaS Platform",,28.0,Business Type contains B2B; Pattern Tags contain B2B,"explicit SaaS / cloud / enterprise-software / platform language; SubIndustry is software/platform (Logistics Technology,IT Services and Cybersecurity)",affordability_exception,"revenue (missing) retained on operating scale (headcount 31, strong B2B SaaS signals)","Shipsearch is the ultimate maritime web app for all your shipping needs! Find the right vessel for your cargo with our Cargo Finder, connect with trusted ship owners, operators, agents, and other maritime personnels with our Vessel Charter, and buy or sell ships with our Vessel Sale and Purchase feature. Join Shipsearch today and simplify your shipping process!","Shipsearch is a maritime web application designed to streamline the shipping process. It connects cargo owners with vessel charterers and facilitates the buying and selling of ships. The platform provides tools for finding vessels, connecting with maritime professionals, and accessing real-time weather insights. It aims to simplify cargo management and maritime transactions, offering services such as cargo listing, vessel chartering, and ship sales. Shipsearch differentiates itself by providing a comprehensive platform tailored to the maritime industry, complete with a directory, messaging sys",2026-09-14
SQ009317,47694,32,TiramAi,tiram.ai,https://tiram.ai,https://www.linkedin.com/company/zpqv-tiramai,zpqv-tiramai,United States,"Austin, TX",31.0,11-50 employees,Privately Held,B2B,,Funding unknown,Software Development,Developer Tools and Platforms,"AI-powered, No-code, B2B",2024.0,32.0,Business Type contains B2B; Pattern Tags contain B2B,explicit SaaS / cloud / enterprise-software / platform language; SubIndustry is software/platform (Developer Tools and Platforms),affordability_exception,"revenue (missing) retained on operating scale (headcount 31, strong B2B SaaS signals)","At Tiram.ai, we're revolutionizing the software development landscape by enabling product owners, innovators, and business leaders to transform their ideas into fully functional applications without the need for extensive coding expertise. Our platform leverages advanced AI to capture requirements through voice or text inputs, analyze user personas and stories, and generate working code with integrated databases.","TiramAi, developed by ZPQV Inc., provides an AI-powered platform that enables users to convert their ideas into web, mobile, and logic applications without requiring traditional coding. By inputting voice or text prompts, the platform extracts user personas and user stories to generate tailored applications. TiramAi aims to expedite the software development process, reduce rework, and facilitate collaboration. It differentiates itself by offering AI-driven app generation, integration with tools like Jira and Excel, and the ability to iterate on user stories, offering cost estimates for builds ",2026-09-14
SQ013821,47715,32,Technova Global,technova-global.com,https://technova-global.com,https://www.linkedin.com/company/technova1global,technova1global,United States,"Dallas, Texas",31.0,11-50 employees,Privately Held,B2B,,Funding unknown,"Technology, Information and Media",Enterprise Software Solutions,"B2B, AI Solutions, Digital Transformation",2024.0,31.0,Business Type contains B2B; Pattern Tags contain B2B,explicit SaaS / cloud / enterprise-software / platform language; SubIndustry is software/platform (Enterprise Software Solutions),affordability_exception,"revenue (missing) retained on operating scale (headcount 31, strong B2B SaaS signals)","We at Technova Global are prepared to take advantage of AI-driven technology to develop ground-breaking solutions that transform sectors and propel expansion, effectiveness, and prosperity for companies worldwide. Our state-of-the-art AI knowledge allows us to customize solutions that address the particular requirements of different industries, guaranteeing that your company not only prospers but also maintains its lead in a quickly changing digital environment.

Our Mission
Our mission is to empower businesses by delivering AI-enabled technology solutions customized to meet the specific deman","Technova Global is a technology company specializing in providing comprehensive digital solutions to businesses worldwide. They leverage AI-driven technology to develop software, ERP systems, and custom applications designed to enhance business processes and drive growth. The company differentiates itself by offering end-to-end digital solutions that integrate seamlessly with existing systems and providing expert consulting, implementation, support, and training services.",2026-09-14
SQ015859,47725,32,NovaMedClaim (NMC),novamedclaim.com,https://novamedclaim.com,https://www.linkedin.com/company/novamedclaim-nmc1,novamedclaim-nmc1,United States,"Plano, Texas",31.0,11-50 employees,Privately Held,B2B,,Funding unknown,Medical Practices,Healthcare Software,"B2B, Healthcare, Medical Billing",2024.0,145.0,Business Type contains B2B; Pattern Tags contain B2B,SubIndustry is software/platform (Healthcare Software),affordability_exception,"revenue (missing) retained on operating scale (headcount 31, strong B2B SaaS signals)","NovaMedClaim (NMC) is your trusted partner in medical billing, compliance, and revenue cycle management. We specialize in streamlining the billing process, reducing claim denials, and maximizing revenue for healthcare providers. Powered by our advanced medical billing software, Manix, we ensure accurate patient data management, seamless cash flow tracking, and comprehensive reporting. With expertise in compliance and a dedicated support team, we take the hassle out of billing, allowing you to focus on what matters most—caring for your patients. Experience efficiency, accuracy, and peace of min","NovaMedClaim (NMC) is a medical billing and revenue cycle management company that provides services and software to healthcare providers. NMC aims to streamline the billing process, reduce claim denials, and maximize revenue. They offer medical billing, credentialing, and AR follow-up services, powered by their Manix billing software.",2026-09-14
SQ073399,47900,32,Spiffcoin.io,spiffcoin.io,https://spiffcoin.io,https://www.linkedin.com/company/spiffcoin,spiffcoin,United States,"Austin, Texas",31.0,11-50 employees,Privately Held,,,Funding unknown,Software Development,,,2025.0,42.0,description addresses businesses/teams/organisations,platform language in a software-native industry,affordability_exception,"revenue (missing) retained on operating scale (headcount 31, strong B2B SaaS signals)","Spiffcoin.io is the first Bitcoin-based sales incentive platform designed to motivate modern sales teams with rewards that appreciate over time.

Traditional SPIFFs and gift cards lose their impact quickly. Spiffcoin transforms performance rewards by using Bitcoin payouts—delivered directly and securely to each rep’s wallet—without the hassle of managing crypto custody or compliance.

Key Highlights:

Non-custodial architecture: Private keys never leave the employee’s control.

Corporate-level KYC only: No per-employee friction at payout time.

Seamless payouts: Fiat → Bitcoin conversion and o",,2026-09-14
SQ075119,47903,32,RewardBee,rewardbee.co,https://rewardbee.co,https://www.linkedin.com/company/reward.bee,reward.bee,United States,"San Jose, California",31.0,11-50 employees,Privately Held,"B2B,B2C",,Funding unknown,Software Development,"Retail and Ecommerce Software,AI and ML Platforms","B2C, B2B, AI-powered, Customer Engagement",2025.0,108.0,Business Type contains B2B; Pattern Tags contain B2B,"explicit SaaS / cloud / enterprise-software / platform language; SubIndustry is software/platform (Retail and Ecommerce Software,AI and ML Platforms)",affordability_exception,"revenue (missing) retained on operating scale (headcount 31, strong B2B SaaS signals)","ay goodbye to multiple loyalty cards and complicated sign-ups! RewardBee is your all-in-one AI-powered rewards platform that makes shopping more rewarding than ever. Whether you’re shopping online or in-store, earning and redeeming rewards has never been easier!

 Why RewardBee?

 One App, All Loyalty – No more juggling multiple programs
 AI-Powered Smart Rewards – Personalized deals just for you
 Shop Online & In-Store – Earn anywhere, anytime
 No Extra Sign-Ups – Instant rewards, hassle-free
 Boost Customer Retention – More engagement, more value","RewardBee is an AI-powered rewards platform designed to simplify and enhance customer loyalty for both consumers and businesses. For consumers, RewardBee offers a single app to manage multiple loyalty programs, earn personalized rewards, and track purchases with Smart Receipts. For businesses, the platform provides tools to create AI-driven loyalty programs, deliver personalized offers, gain insights from customer behavior, and automate marketing efforts. RewardBee differentiates itself through its AI-powered personalization, seamless integration of multiple brands into a single platform, and ",2026-09-14
SQ105906,48041,32,Neximatech,neximatech.com,https://neximatech.com,https://www.linkedin.com/company/neximatech,neximatech,United States,"Houston, TX",31.0,11-50 employees,Privately Held,,,Funding unknown,IT System Operations and Maintenance,,,2025.0,14.0,description addresses businesses/teams/organisations,explicit SaaS / cloud / enterprise-software / platform language,affordability_exception,"revenue (missing) retained on operating scale (headcount 31, strong B2B SaaS signals)","Nexima is a technology-driven company specializing in next-generation Computerized Maintenance Management Systems (CMMS) and reliability solutions.

We help organizations/ Facilities accurately assess their current asset condition, build structured asset hierarchies, and implement optimized maintenance and reliability programs.

By combining global standards such as ISO 14224 with modern digital tools, Nexima provides an integrated, user-friendly platform that supports asset categorization, work order management, data analytics, and performance monitoring — all in one place.

Focused on buildi",,2026-09-14
SQ119200,48087,32,Worklance,worklane.org,https://worklane.org,https://www.linkedin.com/company/worklance-org,worklance-org,United States,"New Jersey, New Jersey",31.0,11-50 employees,Privately Held,B2B,,Funding unknown,Social Networking Platforms,Enterprise Software Solutions,"B2B, Networking Platform, Career Development",2024.0,78.0,Business Type contains B2B; Pattern Tags contain B2B,explicit SaaS / cloud / enterprise-software / platform language; SubIndustry is software/platform (Enterprise Software Solutions),affordability_exception,"revenue (missing) retained on operating scale (headcount 31, strong B2B SaaS signals)","Tagline:
Empowering Connections. Unlocking Opportunities.

Overview:
Worklance.org is a cutting-edge professional community and social networking platform designed to foster meaningful connections, career growth, and collaboration. Whether you're a job seeker, entrepreneur, freelancer, or established professional, Worklance provides the tools and resources to elevate your career and expand your network.

Features:

Professional Profiles: Showcase your skills, experiences, and achievements.
Networking Opportunities: Connect with industry leaders, colleagues, and potential collaborators.
Job Lis","Worklance.org is a professional community and social networking platform designed to foster connections, career growth, and collaboration. It aims to provide tools and resources for job seekers, entrepreneurs, freelancers, and established professionals to elevate their careers and expand their networks. Features include professional profiles, networking opportunities, job listings, groups and forums, portfolio display, and a freelancer marketplace. The platform is currently not live.",2026-09-14
SQ130265,48109,32,Zentaix,zentaix.com,https://zentaix.com,https://www.linkedin.com/company/zentaix,zentaix,United States,"Los Angeles, California",31.0,11-50 employees,Privately Held,B2B,,Funding unknown,"Technology, Information and Internet",AI and ML Platforms,"B2B, Artificial Intelligence, Superagents",2024.0,1.0,Business Type contains B2B; Pattern Tags contain B2B,SubIndustry is software/platform (AI and ML Platforms),affordability_exception,"revenue (missing) retained on operating scale (headcount 31, strong B2B SaaS signals)","At Zentaix, we are shaping the next frontier of intelligence by advancing the potential of Artificial General Intelligence (AGI) Superagents. Our mission is to develop AI systems that autonomously perform complex, cross-domain tasks with the adaptability and depth of human cognition, yet operate with the precision and efficiency of machines. These agents learn continuously, evolving in real-time to meet dynamic demands in industries such as healthcare, finance, and logistics, where adaptability and foresight are crucial.

What sets Zentaix apart is our focus on multi-domain intelligence—our AG","Zentaix is an artificial intelligence company focused on developing Artificial General Intelligence (AGI) Superagents. These AI systems autonomously perform complex, cross-domain tasks with adaptability and precision. Zentaix's AGI Superagents analyze vast amounts of information, synthesize insights across disciplines, and deliver solutions for decision-making and innovation in industries such as healthcare, finance, and logistics.",2026-09-14
SQ001009,48219,31,All Hands Software,allhandssoftware.com,https://allhandssoftware.com,https://www.linkedin.com/company/all-hands,all-hands,United States,"Mesa, Arizona",31.0,11-50 employees,,B2B,,Funding unknown,Software Development,"E-Learning Platforms and EdTech,Government and Public Sector Software","B2B, SaaS, Niche Market",2018.0,9.0,Business Type contains B2B; Pattern Tags contain B2B,"Pattern Tags contain SaaS; explicit SaaS / cloud / enterprise-software / platform language; SubIndustry is software/platform (E-Learning Platforms and EdTech,Government and Pub)",affordability_exception,"revenue (missing) retained on operating scale (headcount 31, strong B2B SaaS signals)","All Hands empowers churches and nonprofit organizations to connect individuals, collaborate around common cause, and grow together in unity. 

This software is customizable to what makes communities unique, easy to use, powerful enough to meet the needs of the whole community, data-secure, and cost effective. All Hands also helps community leaders, staff, volunteers, members and others to cultivate enduring relationships while enabling efficiency and effectiveness.

All Hands empowers all members to expand their own personal circles of connection while growing the size, reach, and strength of ","All Hands Software provides software solutions for churches and non-profit organizations focused on community management, connection, and growth. The software is designed to be customizable, easy to use, secure, and cost-effective, enabling leaders, staff, volunteers, and members to cultivate relationships and improve efficiency. However, the company's website displays an account suspension notice, raising concerns about its current operational status.",2026-09-14
SQ006049,48222,31,Edgepos,tarbana.com,https://tarbana.com,https://www.linkedin.com/company/edgepos,edgepos,United States,texas,31.0,11-50 employees,Privately Held,B2B,,Funding unknown,Desktop Computing Software Products,Retail and Ecommerce Software,"SaaS, B2B, POS Systems",2009.0,27.0,Business Type contains B2B; Pattern Tags contain B2B,Pattern Tags contain SaaS; explicit SaaS / cloud / enterprise-software / platform language; SubIndustry is software/platform (Retail and Ecommerce Software),affordability_exception,"revenue (missing) retained on operating scale (headcount 31, strong B2B SaaS signals)","Automate your business with a smart software at very-Low cost
Best POS, Invoicing, Inventory & Service management application for your growing business!

Track expenses, customise invoices, run reports and even more all from one place

Powerful business tools for your business growth
The pace of business growth has never been faster.

That's why we’ve designed our cloud-based POS software to help you get ahead.

The easiest, most reliable way to grow and manage your business is right at your fingertips with our cloud-based POS and inventory management system.

Right software can be a lifesaver","Edgepos provides cloud-based point-of-sale, invoicing, inventory, HR and service management software designed to help small and growing businesses automate their operations. The platform offers features like multi-branch stock management, HR tools (attendance, payroll), CRM for lead tracking, user role permissions, and detailed reporting. Edgepos differentiates itself with accessibility across devices (laptop, tablet, smartphone) and a modular design to fit various business types, including pharmacies, repair shops, and restaurants.",2026-09-14
SQ016548,48237,31,LJ Aero,ljaero.com,https://ljaero.com,https://www.linkedin.com/company/lj-aero,lj-aero,United States,"Chicago, IL",31.0,11-50 employees,Privately Held,B2B,,Funding unknown,Airlines and Aviation,"Enterprise Software Solutions,Aviation and Aerospace Component Manufacturing","B2B, SaaS, Aviation",2002.0,33.0,Business Type contains B2B; Pattern Tags contain B2B,"Pattern Tags contain SaaS; explicit SaaS / cloud / enterprise-software / platform language; SubIndustry is software/platform (Enterprise Software Solutions,Aviation and Aerospa)",affordability_exception,"revenue (missing) retained on operating scale (headcount 31, strong B2B SaaS signals)","LJ Aero has been providing advanced software solutions to airlines, governments and commercial aviation since 2002.  We provide custom mission management software, aeronautical data solutions, ACARS hosting services for airline, military, and corporate/bizav operations.","LJ Aero, established in 2002, provides advanced software solutions to airlines, governments, and commercial aviation. Their DFlight API delivers real-time flight environment data necessary for automated UAV mission planning in US airspace. This API offers accurate and up-to-date information via REST API, ensuring seamless integration into software. LJ Aero also offers ACARS (Aircraft Communications Addressing and Reporting System) Ground Host Processing solutions, which optimize existing flight operations technology. They differentiate themselves through specialized aeronautical data solutions",2026-09-14
SQ065730,48253,31,LTV Conf,ltvconf.com,https://ltvconf.com,https://www.linkedin.com/company/ltvconf,ltvconf,United States,New York,31.0,11-50 employees,Partnership,,,Funding unknown,Software Development,,,2015.0,33.0,description addresses businesses/teams/organisations,explicit SaaS / cloud / enterprise-software / platform language,affordability_exception,"revenue (missing) retained on operating scale (headcount 31, strong B2B SaaS signals)","LTV Conf 2020 will be the biggest and most expert-packed event yet. Last year, we gathered the biggest and brightest names in SaaS in New York City! Now, we are bringing the conference across to the West Coast! Hello San Francisco!

LTV Conf 2020 will bring like-minded SaaS entrepreneurs, private and public companies as well as active investors from all over the world into one space to collaborate and take away meaningful connections and ideas to drive future growth.

This year’s speakers have been hand-picked to share knowledge in key growth areas such as marketing, scaling, tech and entrepre",,2026-09-14
SQ067491,48255,31,Nothing to see,fiveoak.com,https://fiveoak.com,https://www.linkedin.com/company/abc123def,abc123def,United States,"San Clemente , California",31.0,11-50 employees,,B2B,,Funding unknown,Software Development,"Retail and Ecommerce Software,Enterprise Software Solutions","B2B, SaaS, Reputation Management",,6.0,Business Type contains B2B; Pattern Tags contain B2B,"Pattern Tags contain SaaS; explicit SaaS / cloud / enterprise-software / platform language; SubIndustry is software/platform (Retail and Ecommerce Software,Enterprise Software )",affordability_exception,"revenue (missing) retained on operating scale (headcount 31, strong B2B SaaS signals)","Collect & manage your reviews in one centralized dashboard. Get reviews where it matters most. Our singular mission is to help you stand out from your competition online. See how we can help automate this for your business today.

Request a demo! https://fiveoak.com/","Fiveoak is a review management platform that helps businesses monitor and control their online reputation. It offers centralized review monitoring, automated collection, and sentiment analysis to streamline feedback processes. Customizable reporting and competitor analysis empower data-driven decisions, and features like response management, real-time alerts, and integration capabilities facilitate proactive engagement and enhance customer satisfaction.",2026-09-14
SQ154468,48288,31,Sumo Group (SumoMe.com / AppSumo.com),sumome.com,https://sumome.com,https://www.linkedin.com/company/sumo-group-sumome.com-appsumo.com-,sumo-group-sumome.com-appsumo.com-,United States,"Austin, Texas",31.0,11-50 employees,,B2B,,Funding unknown,Individual and Family Services,"Retail and Ecommerce Software,Enterprise Software Solutions","SaaS, Lead Generation, CRO",2010.0,2.0,Business Type contains B2B,"Pattern Tags contain SaaS; explicit SaaS / cloud / enterprise-software / platform language; SubIndustry is software/platform (Retail and Ecommerce Software,Enterprise Software )",affordability_exception,"revenue (missing) retained on operating scale (headcount 31, strong B2B SaaS signals)","Want more online sales? Try Sumo for free, and get proven sales and marketing strategies to grow your email list, reduce cart abandonment, increase average order value, and more.","BDOW! (formerly Sumo) provides a suite of tools designed to help businesses grow their email lists and increase conversion rates. Their platform includes pop-ups, forms, welcome mats, and smart bars that integrate with various e-commerce platforms and marketing tools. BDOW! helps businesses target the right visitors with the right message at the right time, optimizing lead generation and sales. They differentiate themselves through an easy-to-use editor, professionally designed templates, and advanced A/B testing capabilities.",2026-09-14
SQ008667,48374,30,Beyond OCR,beyondocr.com,https://beyondocr.com,https://www.linkedin.com/company/beyondocr,beyondocr,United States,"Madison, NJ",31.0,11-50 employees,Privately Held,B2B,,Funding unknown,Software Development,"Enterprise Software Solutions,AI and ML Platforms","OCR, B2B, Document Processing",,54.0,Business Type contains B2B; Pattern Tags contain B2B,"explicit SaaS / cloud / enterprise-software / platform language; SubIndustry is software/platform (Enterprise Software Solutions,AI and ML Platforms)",affordability_exception,"revenue (missing) retained on operating scale (headcount 31, strong B2B SaaS signals)","Beyond OCR API is designed to help software designers, RPA developers, and digital transformation managers. It is a document understanding toolkit with lots of functions in it. Document understanding is the first step of a document processing solution. Just like a human, Beyond OCR can analyze the document layout and pull out all necessary items such as text, barcodes, QR Codes, checkboxes, lines, data boxes, signatures, parsed addresses, company and human names, and tables with columns and rows. Beyond OCR uses Computer vision algorithms, image processing techniques, or machine/deep learning ","Beyond OCR offers an API-based document understanding toolkit designed for software designers, RPA developers, and digital transformation managers. The API leverages computer vision, image processing, and machine learning to accurately extract data such as text, barcodes, QR codes, checkboxes, lines, data boxes, signatures, addresses, company/human names, and tables from digitized documents. It emphasizes speed and accuracy in OCR to improve efficiency for businesses.",2026-09-14
SQ008726,48375,30,"Argole Systems, Inc",argole.com,https://argole.com,https://www.linkedin.com/company/argole-systems-inc,argole-systems-inc,United States,rockville,31.0,11-50 employees,Privately Held,B2B,,Funding unknown,Software Development,Healthcare Software,"Healthcare, Physician Led, Software",,65.0,Business Type contains B2B,SubIndustry is software/platform (Healthcare Software),affordability_exception,"revenue (missing) retained on operating scale (headcount 31, strong B2B SaaS signals)","Argole Systems, Inc. (formerly Catalisse, Inc.) is a Physician led healthcare software and
services company. Argole is an innovator in providing comprehensive solutions that encompass
both the clinical and the business workflows of subspecialty practices.","Argole Systems, Inc. is a healthcare software and services company led by physicians, specializing in comprehensive solutions for subspecialty practices. They integrate clinical and business workflows, offering revenue cycle management services to optimize billing. The company was formerly known as Catalisse, Inc. Their solutions are designed to maximize value to clients through an intimate understanding of healthcare delivery.",2026-09-14
SQ012455,48392,30,Clearfitech,clearfitech.com,https://clearfitech.com,https://www.linkedin.com/company/clearfitech,clearfitech,United States,Atlanta,31.0,11-50 employees,Privately Held,B2B,,Funding unknown,Financial Services,"Financial Services Software, Financial Services Platforms","B2B, Fintech, ISO20022",,20.0,Business Type contains B2B; Pattern Tags contain B2B,"SubIndustry is software/platform (Financial Services Software, Financial Services Pl)",affordability_exception,"revenue (missing) retained on operating scale (headcount 31, strong B2B SaaS signals)","Clearfitech is a leader in global transaction transformation. With over 20 years of expertise, we’re helping the finance industry cut compliance, software, overhead, labor and transaction costs by pioneering a new era of banking.","Clearfitech is a global transaction transformation company providing advanced software, hardware, and AI solutions to the financial industry. They specialize in ISO20022-compliant networks and aim to enable seamless, real-time transactions. Clearfitech's primary offerings include a Bank CORE system, mobile banking solutions, NFC virtual card technology, POS systems, ATM solutions, and AI-driven services for support, security, compliance, and fraud detection. They differentiate themselves by pioneering the Instant Global Deposits Payments Network (IGDPN) and offering a 'Bank-in-a-Box' solution.",2026-09-14
SQ017292,48416,30,Hatfield & Associates,hatfieldandassociates.com,https://hatfieldandassociates.com,https://www.linkedin.com/company/hatfieldandassociates,hatfieldandassociates,United States,"Memphis, TN",22.0,11-50 employees,Privately Held,,,,Software Development,,,2003.0,116.0,description addresses businesses/teams/organisations,platform language in a software-native industry,affordability_exception,"revenue (missing) retained on operating scale (headcount 22, strong B2B SaaS signals)","Hatfield & Associates helps shippers lower freight costs, improve visibility, and take control of transportation across all modes: parcel, LTL, truckload, and international.

We provide a configurable TMS, vendor routing software for inbound control, and full-service freight audit and payables. We also manage RFPs, support procurement strategy, and consult on process improvement.

Our core offerings include:
– TMS platform and support
– Vendor routing software
– Freight audit and payables
– RFP management and carrier sourcing
– Transportation cost analysis and consulting

On average, our clien",,2026-09-14
SQ033258,48520,30,Novelution,novelution.com,https://novelution.com,https://www.linkedin.com/company/novelution,novelution,United States,New York,23.0,11-50 employees,Privately Held,,,,Software Development,,,2002.0,95.0,description addresses businesses/teams/organisations,explicit SaaS / cloud / enterprise-software / platform language,affordability_exception,"revenue (missing) retained on operating scale (headcount 23, strong B2B SaaS signals)","Novelution provides an innovative suite of research administration software, including fully integrated modules spanning Pre and Post Award Sponsored Research, Compliance (IRB, IACUC, Bio-safety, COI), Facilities Management, Content Management Systems (CMS), Clinical Trials Management Systems (CTMS), and other tools our partners need to support their research administration. We are quite different than other competitors in the market, with particular distinction relating to our extremely intuitive end-user experience, total accessibility on web and mobile devices, flexibility for unlimited cus",,2026-09-14
SQ088417,48813,30,Axstrm,axstrm.com,https://axstrm.com,https://www.linkedin.com/company/axstrm,axstrm,United States,"San Ramon, CA",31.0,11-50 employees,Privately Held,B2B,,Funding unknown,Software Development,"IT Services and Cybersecurity,AI and ML Platforms","B2B, Generative AI, Custom Engineering",,24.0,Business Type contains B2B; Pattern Tags contain B2B,"SubIndustry is software/platform (IT Services and Cybersecurity,AI and ML Platforms)",affordability_exception,"revenue (missing) retained on operating scale (headcount 31, strong B2B SaaS signals)","At axstrm, we are a team of passionate engineers and AI experts dedicated to pushing the boundaries of what's possible in the world of engineering. Axstrm's team of expert engineers specializes in harnessing the power of generative AI to deliver exceptional solutions for your business needs. Trust axstrm's team of talented engineers to deliver top-tier results that will enhance your business productivity and take it to the next level.","Axstrm is a team of engineers and AI experts that focuses on AI-powered engineering solutions. They specialize in using generative AI to optimize processes, drive innovation, and deliver transformative outcomes for their clients. Axstrm offers custom solutions tailored to business needs, accelerated development, and seamless integration of AI into existing workflows, located in San Ramon, CA.",2026-09-14
SQ088964,48819,30,ANAI,anai.io,https://anai.io,https://www.linkedin.com/company/revca-anai,revca-anai,United States,"Columbia, Maryland",31.0,11-50 employees,,B2B,,Funding unknown,Software Development,AI and ML Platforms,"B2B, AI platform, AutoML",2022.0,117.0,Business Type contains B2B; Pattern Tags contain B2B,explicit SaaS / cloud / enterprise-software / platform language; SubIndustry is software/platform (AI and ML Platforms),affordability_exception,"revenue (missing) retained on operating scale (headcount 31, strong B2B SaaS signals)","An Integrated Platform Product ecosystem with the purpose of ‘ Democratizing AI”. From Data Ingestion through 100 plus Data Connectors, 300 plus unique AI & ML Models to Responsible and Explainable AI, we got all. We leverage AI to Democratize AI, and ML Models to simplify Machine Learning implementation, making it simpler and faster, while ensuring expert levels of accuracy, feature, and transparency.  

ANAI is a Platform vs Product
 Data Ingestion - 100 plus data connectors 
 Data and Feature Engineering – EDA and ML based Data Wrangling 
 AutoML - 300 plus Unique ML Models, and we are addi","ANAI is an integrated platform product ecosystem designed to democratize AI. It offers a comprehensive suite of tools for data ingestion, feature engineering, AutoML, MLOps, and responsible AI. The platform includes 100+ data connectors, 300+ ML models, and capabilities for responsible and explainable AI. ANAI leverages AI to simplify machine learning implementation, ensuring accuracy, feature richness, and transparency. Deployment options include AI in a Box, AI as a Platform, and AI as an on-prem solution.",2026-09-14
SQ089380,48824,30,AdvancedERP,advancederp.com,https://advancederp.com,https://www.linkedin.com/company/advancederp-us,advancederp-us,United States,"Los Angeles, California",31.0,11-50 employees,Privately Held,,,Funding unknown,Software Development,,,1999.0,9.0,description addresses businesses/teams/organisations,platform language in a software-native industry,affordability_exception,"revenue (missing) retained on operating scale (headcount 31, strong B2B SaaS signals)","At Advanced ERP, we are transforming the way businesses operate through our cutting-edge Advanced ERP solutions. Built for performance, scalability, and simplicity, our ERP platform integrates every core function—finance, inventory, sales, procurement, human resources, and more—into one seamless system.
With decades of combined industry experience, our team understands that no two businesses are the same. That’s why our ERP system is highly customizable and designed to grow with your business—whether you’re a startup or a global enterprise.
We don’t just provide software—we provide strategic d",,2026-09-14
SQ103039,48844,30,App-Cart.io,app-cart.io,https://app-cart.io,https://www.linkedin.com/company/app-cart,app-cart,United States,New Hampshire,31.0,11-50 employees,Privately Held,B2B,,Funding unknown,"Technology, Information and Internet","IT Services and Cybersecurity,Developer Tools and Platforms","Freelance marketplace, Mobile app dev, B2B",,17.0,Business Type contains B2B; Pattern Tags contain B2B,"explicit SaaS / cloud / enterprise-software / platform language; SubIndustry is software/platform (IT Services and Cybersecurity,Developer Tools and )",affordability_exception,"revenue (missing) retained on operating scale (headcount 31, strong B2B SaaS signals)",Freelancers will give you a fixed price offer tailored specially for your mobile app!,"App-Cart.io is a platform that connects individuals and businesses with freelance developers to create mobile applications. Users describe their app idea and receive fixed-price offers from freelancers, enabling them to select the best option and begin development. They differentiate themselves by focusing on fixed-price offers and facilitating a streamlined development process. They have helped launch successful mobile apps in diverse areas.",2026-09-14
SQ111949,48909,30,Transpoworks,transpoworks.com,https://transpoworks.com,https://www.linkedin.com/company/transpoworks,transpoworks,United States,"San Diego, CA",31.0,11-50 employees,Privately Held,B2B,,Funding unknown,"Transportation, Logistics, Supply Chain and Storage",Enterprise Software Solutions,"B2B, Fleet Management, Mobile Apps",,49.0,Business Type contains B2B; Pattern Tags contain B2B,explicit SaaS / cloud / enterprise-software / platform language; SubIndustry is software/platform (Enterprise Software Solutions),affordability_exception,"revenue (missing) retained on operating scale (headcount 31, strong B2B SaaS signals)","Transpoworks is a cross-platform application publisher that specializes in developing solutions for next-generation telematics platforms in the transportation and logistics industries. We create first-party applications to improve efficiency, streamline operations, and provide cutting-edge experiences for workers.","Transpoworks is a cross-platform application publisher specializing in solutions for next-generation telematics platforms within the transportation and logistics industries. They develop first-party applications aimed at improving efficiency, streamlining operations, and enhancing the experience for transportation workers. Their products include applications for communication (CabChat, CabSupport), information (CabNews, CabWeather, CabSports), web browsing (CabBrowser), performance tracking (CabRank), and tire pressure monitoring (Doran TPMS). Transpoworks differentiates itself by focusing on ",2026-09-14
SQ118920,48974,30,Zolancer LLC,zolancer.com,https://zolancer.com,https://www.linkedin.com/company/zolancer-llc,zolancer-llc,United States,California,31.0,11-50 employees,Privately Held,B2B,,Funding unknown,"Technology, Information and Internet",Enterprise Software Solutions,"B2B, Freelance, Zoho Experts",2024.0,595.0,Business Type contains B2B; Pattern Tags contain B2B,explicit SaaS / cloud / enterprise-software / platform language; SubIndustry is software/platform (Enterprise Software Solutions),affordability_exception,"revenue (missing) retained on operating scale (headcount 31, strong B2B SaaS signals)","Zolancer is a dedicated platform for Zoho freelancers, renowned as Zoho experts, to showcase their skills and connect with clients seeking their expertise. Our platform not only facilitates job placements but also provides Zoho training programs to enhance skills and stay updated with the latest industry trends. Additionally, we foster community engagement through Zoho Community Groups, where professionals can network, collaborate, and grow together.","Zolancer is a platform designed to connect clients with Zoho freelancers. They also offer Zoho training programs and foster community engagement through Zoho Community Groups. Due to limited information, it is difficult to fully assess the platform's maturity and market reach.",2026-09-14
SQ121913,48986,30,SecuriCheck Technology Risk Services,securicheck.io,https://securicheck.io,https://www.linkedin.com/company/securicheck-technology-risk-services,securicheck-technology-risk-services,United States,California,31.0,11-50 employees,Privately Held,B2B,,Funding unknown,"Technology, Information and Internet","IT Services and Cybersecurity,Security and Identity Software","B2B, Cybersecurity, Startups",,22.0,Business Type contains B2B; Pattern Tags contain B2B,"SubIndustry is software/platform (IT Services and Cybersecurity,Security and Identit)",affordability_exception,"revenue (missing) retained on operating scale (headcount 31, strong B2B SaaS signals)","Secure your web and mobile apps, earn user trust, and fuel business growth with our expert, affordable security assessments tailored for startups. Our services help businesses protect their data, build customer trust, and comply with standards— all for $99.

We also have over 50 Cyber Security and IT Risk Management templates free for download on our website to help improve your business's security posture and comply with various regulations.","SecuriCheck Technology Risk Services provides affordable security assessments tailored for startups. They specialize in web and mobile application security, helping businesses protect data, build customer trust, and comply with security standards. In addition to their assessment services, SecuriCheck offers over 50 free cybersecurity and IT risk management templates to improve business security posture and regulatory compliance. SecuriCheck distinguishes itself by focusing on affordability and accessibility for startups, offering a streamlined approach to security.",2026-09-14
SQ123819,48991,30,OMNIVISER,omniviser.ai,https://omniviser.ai,https://www.linkedin.com/company/omniviser,omniviser,United States,"Lewes, Delaware",30.0,11-50 employees,Partnership,B2B,,Funding unknown,Business Intelligence Platforms,"Enterprise Software Solutions,AI and ML Platforms","B2B, AI Agents, Decision Intelligence",,612.0,Business Type contains B2B; Pattern Tags contain B2B,"explicit SaaS / cloud / enterprise-software / platform language; SubIndustry is software/platform (Enterprise Software Solutions,AI and ML Platforms)",affordability_exception,"revenue (missing) retained on operating scale (headcount 30, strong B2B SaaS signals)",OMNIVISER's AI agents transform your internal and external data into clear insights and actions. They work 24/7 and communicate through conversation or text. Built for executives to help run the company more efficiently.,"OMNIVISER provides AI-powered agents that transform business complexity into clear, actionable insights. Their platform analyzes internal and external data, offering recommendations to executives to enhance decision-making and overall business efficiency. It unifies business data from disparate systems, processes complex information, and delivers real-time insights to facilitate strategic foresight.",2026-09-14
SQ125849,48999,30,Shield 24x7,intigrityshield.com,https://intigrityshield.com,https://www.linkedin.com/company/intigrityshield,intigrityshield,United States,"Houston, Texas",31.0,11-50 employees,Privately Held,B2B,,Funding unknown,Computer and Network Security,"AI and ML Platforms,IT Services and Cybersecurity,Security and Identity Software","AI Cybersecurity, Threat Management, MSSP",,173.0,Business Type contains B2B,"explicit SaaS / cloud / enterprise-software / platform language; SubIndustry is software/platform (AI and ML Platforms,IT Services and Cybersecurity,)",affordability_exception,"revenue (missing) retained on operating scale (headcount 31, strong B2B SaaS signals)","With 8,000+ Satisfied Customers of the platform Worldwide, IntigrityShield is analyzing 450+Billion Flows and Security Events every day. Explore the future of cybersecurity with advanced AI-driven solutions. Designed to provide dynamic, proactive protection, keeping you ahead of emerging cyber threats to protect your IT and OT assets.","IntigrityShield is a cybersecurity firm offering an AI-powered platform designed for proactive threat detection and automated response. With over 8,000 customers globally, the platform analyzes billions of security events daily. Their solutions include Open Threat Management, Advanced SIEM (aiSIEM), Ransomware Detection, Extended Detection and Response (aiXDR), Managed SOC (aiMSSP), and Cloud Security. IntigrityShield distinguishes itself through its comprehensive, integrated approach, aiming to consolidate multiple security tools into a single platform and offering flexible deployment options",2026-09-14
SQ128792,49007,30,Connected Health Initiative,connectedhi.com,https://connectedhi.com,https://www.linkedin.com/company/connectedhi,connectedhi,United States,"Washington DC, District of Columbia",31.0,11-50 employees,,B2B,,Funding unknown,Hospitals and Health Care,"Healthcare Software, Digital Health and Telemedicine","Healthcare, Advocacy, B2B",,247.0,Business Type contains B2B; Pattern Tags contain B2B,"SubIndustry is software/platform (Healthcare Software, Digital Health and Telemedici)",affordability_exception,"revenue (missing) retained on operating scale (headcount 31, strong B2B SaaS signals)","CHI works to clarify outdated health regulations, incentivize the use of connected health technologies, and ensure an environment in which patients and consumers can see improvement in their health.","The Connected Health Initiative (CHI) is a coalition of industry stakeholders and partners leading efforts to harness the power of technology to improve patient engagement and health outcomes. CHI works to clarify outdated health regulations, incentivize the use of connected health technologies, and ensure an environment in which patients and consumers can see improvement in their health. They provide resources, publications, and tools to further their mission. CHI differentiates itself through its multi-stakeholder approach, bringing together industry, government, and other interested parties",2026-09-14
SQ132939,49048,30,TomGPT,tomgpt.com,https://tomgpt.com,https://www.linkedin.com/company/tomgpt,tomgpt,United States,"Dallas, Texas",31.0,11-50 employees,Privately Held,B2B,,Funding unknown,"Technology, Information and Internet",AI and ML Platforms,"B2B, AI Solutions, Deep Learning",,122.0,Business Type contains B2B; Pattern Tags contain B2B,SubIndustry is software/platform (AI and ML Platforms),affordability_exception,"revenue (missing) retained on operating scale (headcount 31, strong B2B SaaS signals)","TomGPT is the de facto leader in the world of Generative Enterprise AI. Whether you need data labeled, models built, or complete end-to-end AI strategy and solutions, TomGPT is the perfect partner to accelerate your AI strategy.

TomGPT’s full-stack deep learning architecture allows us to build best-in-class vision models – the foundation of transformational enterprise products across industries.

AI/ML Models: Cloud-hosted deep learning models that provide human-like interpretation of the video, image, audio, and text.

Data Annotation: Create training datasets for machine learning models wit","TomGPT is a leading company specializing in Generative Enterprise AI solutions. They provide a full-stack deep learning architecture, enabling them to construct top-tier vision models which are integral for transformative enterprise applications across diverse industries. TomGPT offers AI/ML models accessible via API, data annotation services for creating training datasets, and a platform designed to allow organizations to rapidly build AI models and applications. TomGPT stands out through its ability to manage large-scale data collection and annotation projects, its crowd of over two million ",2026-09-14
SQ141849,49143,30,Medical Billing Media,medicalbillingmedia.com,https://medicalbillingmedia.com,https://www.linkedin.com/company/medical-billing-media,medical-billing-media,United States,"Penn Valley, California",31.0,11-50 employees,Privately Held,B2B,,Funding unknown,Professional Services,"Healthcare Software,IT Services and Cybersecurity","Medical Billing, Revenue Cycle Management, Healthcare IT",,4.0,Business Type contains B2B,"SubIndustry is software/platform (Healthcare Software,IT Services and Cybersecurity)",affordability_exception,"revenue (missing) retained on operating scale (headcount 31, strong B2B SaaS signals)","Medical Billing Media is a trusted provider of comprehensive medical billing services, offering streamlined, accurate, and compliant solutions for healthcare practices. We specialize in claims processing, payment posting, patient billing, and revenue cycle management to help healthcare providers maximize reimbursements and minimize administrative burden. Our team of experts ensures timely and error-free submissions, allowing you to focus on delivering quality care while we handle the complexities of billing and coding.","Medical Billing Media is a US-based company that offers comprehensive medical billing and revenue cycle management services to healthcare practices across various specialties. Their services include medical billing audits, revenue cycle management, patient eligibility verification, laboratory billing, medical billing services, and credentialing services. They aim to streamline billing processes, reduce administrative burden, and maximize reimbursements for healthcare providers, allowing them to focus on patient care.",2026-09-14
SQ141887,49144,30,Medefyn,medefyn.com,https://medefyn.com,https://www.linkedin.com/company/medefyn,medefyn,United States,"Santa Clarita, California",31.0,11-50 employees,Privately Held,B2B,,Funding unknown,Hospitals and Health Care,"Healthcare Software,IT Services and Cybersecurity","B2B, Healthcare IT, Revenue Cycle Management",,161.0,Business Type contains B2B; Pattern Tags contain B2B,"SubIndustry is software/platform (Healthcare Software,IT Services and Cybersecurity)",affordability_exception,"revenue (missing) retained on operating scale (headcount 31, strong B2B SaaS signals)","Medefyn is a trusted provider of comprehensive healthcare solutions across the USA, offering expertise in medical billing, practice management, and administrative support. Our services are designed to simplify complex processes, optimize revenue cycle management, and ensure regulatory compliance. By leveraging our solutions, healthcare providers can reduce administrative burdens, enhance operational efficiency, and dedicate more time to delivering exceptional patient care","Medefyn is a trusted provider of comprehensive healthcare solutions across the USA, offering expertise in medical billing, practice management, and administrative support. Their services are designed to simplify complex processes, optimize revenue cycle management, and ensure regulatory compliance. By leveraging their solutions, healthcare providers can reduce administrative burdens, enhance operational efficiency, and dedicate more time to delivering exceptional patient care.",2026-09-14
SQ143881,49166,30,Interference Technology,interferencetechnology.com,https://interferencetechnology.com,https://www.linkedin.com/company/interference-technology,interference-technology,United States,"Blue Bell, Pennsylvania",31.0,11-50 employees,,B2B,,Funding unknown,"Technology, Information and Media","IT Services and Cybersecurity, Digital Publishing and Streaming Platforms","B2B, technical content, media",1970.0,840.0,Business Type contains B2B; Pattern Tags contain B2B,"SubIndustry is software/platform (IT Services and Cybersecurity, Digital Publishing )",affordability_exception,"revenue (missing) retained on operating scale (headcount 31, strong B2B SaaS signals)","Since 1970, Interference Technology magazine has been a trusted resource for the EMI/EMC testing and engineering community. 

Through our eMagazines, website, and virtual events like EMC Live — a premier virtual experience for industry professionals — we provide expert content and foster connections among engineers and managers looking to solve interference and signal integrity challenges. 

We also offer a range of marketing solutions and services for manufacturers and providers of EMI components, materials, and services, designed to engage design engineers, build awareness, and generate lead","Interference Technology is a leading online resource and media platform dedicated to providing in-depth information, news, and resources for EMI/EMC (electromagnetic interference/electromagnetic compatibility) engineers. They offer a wide range of content, including technical articles, product updates, industry news, standards information, and event listings. Interference Technology serves professionals in various markets, including aerospace, automotive, consumer electronics, industrial, medical, military, power, research, and telecommunications. They differentiate themselves by focusing excl",2026-09-14
SQ149372,49216,30,Computer-Z,computer-z.com,https://computer-z.com,https://www.linkedin.com/company/computer-z,computer-z,United States,"Salmon, Idaho",31.0,11-50 employees,Privately Held,"B2B, B2C",,Funding unknown,IT System Operations and Maintenance,"IT Services and Cybersecurity, Retail Technology","B2B, B2C, STEAM Education",2001.0,1.0,Business Type contains B2B; Pattern Tags contain B2B,"SubIndustry is software/platform (IT Services and Cybersecurity, Retail Technology)",affordability_exception,"revenue (missing) retained on operating scale (headcount 31, strong B2B SaaS signals)","Computer Zen provides sales, service, and support nationally to a wide variety of customers including schools, governments, businesses, and individuals.
Our vision is to enrich the lives of the people we touch; Placing Technology within their reach.

The spirit of Computer Zen is based on an unwavering belief in integrity, treating our clients and colleagues with dignity and respect.

We pride ourselves in exceeding your expectations

We work together to assure your success and profitability

We are proud of our reputation for accessibility, professionalism, and the quality of our long-term re","Computer Zen is a technology solution provider offering sales, service, and support to schools, governments, businesses, and individuals nationwide. They provide remote and on-site tech support, retail sales of computers, printers, and STEAM-related products. In addition, they offer telecommunication services. Computer Zen differentiates itself through a commitment to integrity, customer service, and community engagement. They also emphasize providing streamlined technology and emergency management systems, particularly to educational institutions.",2026-09-14
SQ150709,49233,30,AWALI,awalicapitaledge.com,https://awalicapitaledge.com,https://www.linkedin.com/company/awalitech,awalitech,United States,"Austin, TX",26.0,11-50 employees,Privately Held,B2B,,Funding unknown,Hospitals and Health Care,"Healthcare Software,AI and ML Platforms","B2B, Healthcare, AI Platform",,39.0,Business Type contains B2B; Pattern Tags contain B2B,"explicit SaaS / cloud / enterprise-software / platform language; SubIndustry is software/platform (Healthcare Software,AI and ML Platforms)",affordability_exception,"revenue (missing) retained on operating scale (headcount 26, strong B2B SaaS signals)","AWALI provides an agnostic, transformative solution for healthcare operations; sitting on top of your complex eco-system to deliver contextual visibility, alignment, and efficiency.

We are the leading platform to integrate your organizations human and technology eco-system for operations, revenue and financial solutions.

Leveraging our platform enables scalable, high-margin revenue opportunities, while AWALI’s unique intelligence understands your operation’s established workflows.

#awali #awalitech #awalihealthcare","AWALI is a technology company providing an AI-powered platform designed to streamline healthcare operations. Their solution integrates human and technological systems to deliver contextual visibility, alignment, and efficiency, ultimately aiming to reduce revenue loss and maximize performance for hospitals and healthcare systems. AWALI differentiates itself by providing a single source of data and insights, contrasting with the disparate and disjointed systems prevalent in many healthcare organizations.",2026-09-14
SQ157298,49274,30,Prepaze Academy Franchise,prepazeacademyfranchise.com,https://prepazeacademyfranchise.com,https://www.linkedin.com/company/prepaze-academy-franchise,prepaze-academy-franchise,United States,"Dublin, California",31.0,11-50 employees,Privately Held,"B2B,B2C",,Funding unknown,Education,"Enterprise Software Solutions,Corporate Training and Learning and Development,E-Learning Platforms and EdTech","Franchise, B2B2C, Online Education",,5.0,Business Type contains B2B,"explicit SaaS / cloud / enterprise-software / platform language; SubIndustry is software/platform (Enterprise Software Solutions,Corporate Training a)",affordability_exception,"revenue (missing) retained on operating scale (headcount 31, strong B2B SaaS signals)","Achieve your entrepreneurial goals while having an educational impact on students nationwide. You are closer than ever to your passion for education becoming your business, where your dreams meet our logistics, and everyone can succeed.","Prepaze Academy Franchise offers individuals the opportunity to own and operate an education business providing math and English tutoring services. The company equips franchisees with a comprehensive platform including online courses, an LMS (Learning Management System), printed books, and a billing system. Prepaze Academy positions itself as a means for entrepreneurs to pursue their passion for education while benefiting from established systems and support.",2026-09-14
SQ160274,49292,30,Learning Assure,learningassure.com,https://learningassure.com,https://www.linkedin.com/company/learning-assure,learning-assure,United States,"OAKLAND, CALIFORNIA",31.0,11-50 employees,,B2B,,Funding unknown,Higher Education,"Enterprise Software Solutions,E-Learning Platforms and EdTech","EdTech, LMS, Pre-launch",2023.0,7.0,Business Type contains B2B,"explicit SaaS / cloud / enterprise-software / platform language; SubIndustry is software/platform (Enterprise Software Solutions,E-Learning Platforms)",affordability_exception,"revenue (missing) retained on operating scale (headcount 31, strong B2B SaaS signals)","Learning Assure is a cutting-edge learning management system (LMS) designed to streamline & enhance the learning experience. With its user-friendly interface & robust features, Learning Assure empowers organizations to create, manage, and deliver high-quality training programs.

Key Features
1. Personalized Learning Paths: Tailor learning experiences to individual needs and goals.
2. Course Creation: Develop and manage engaging courses with multimedia content.
3. Tracking and Reporting: Monitor progress, assess performance, and generate insightful reports.
4. Collaboration Tools: Foster engage","Learning Assure is developing a learning management system (LMS). They are currently in the pre-launch phase, redesigning their platform with enhanced features, a modern UI/UX, improved security, and mobile optimization.",2026-09-14
SQ008920,49490,28,Wonder Lister,wonderlister.com,https://wonderlister.com,https://www.linkedin.com/company/wonder-lister,wonder-lister,United States,"Los Angeles, California",31.0,11-50 employees,Privately Held,B2B,,Funding unknown,Software Development,"Retail and Ecommerce Software,Enterprise Software Solutions","B2B, eBay, Listing Management",2021.0,58.0,Business Type contains B2B; Pattern Tags contain B2B,"explicit SaaS / cloud / enterprise-software / platform language; SubIndustry is software/platform (Retail and Ecommerce Software,Enterprise Software )",affordability_exception,"revenue (missing) retained on operating scale (headcount 31, strong B2B SaaS signals)","WonderLister is a web-based eBay Listings and Orders management application that you can use with just your web browser. There is no software to download or install on your computer. So, getting started is quick and easy.","WonderLister provides eBay seller software designed to manage listings and orders. They offer a web-based application accessible through any browser, with no downloads required. Key features include bulk editing, copying listings between accounts, and support for multiple eBay sites. It offers both desktop and online versions to cater to different user preferences and team structures.",2026-09-14
SQ018062,49589,28,Envoc,envoc.com,https://envoc.com,https://www.linkedin.com/company/envoc,envoc,United States,"Baton Rouge, LA",28.0,11-50 employees,Privately Held,,,,Software Development,,,1997.0,1827.0,description addresses businesses/teams/organisations,recurring/subscription/licence language,affordability_exception,"revenue (missing) retained on operating scale (headcount 28, strong B2B SaaS signals)","Envoc exists to create a better reality through custom software solutions that make your business more efficient and profitable. With 100% of our team working on site in Louisiana, we excel in taking your company’s project from conception to consumption. Our collaborative, agile process and cross-functional teams allow us to deliver a unique blend of development, business, and marketing expertise that enriches your project every step of the way. Whether your project is an internal software system, a new mobile app, or a go-to-market launch campaign, our team of specialists create an unmatched ",,2026-09-14
SQ036672,49901,28,Datablaze,datablaze.com,https://datablaze.com,https://www.linkedin.com/company/datablaze-llc,datablaze-llc,United States,"Meridian, Idaho",22.0,11-50 employees,Privately Held,,,,Telecommunications,,,2002.0,674.0,description addresses businesses/teams/organisations,explicit SaaS / cloud / enterprise-software / platform language,affordability_exception,"revenue (missing) retained on operating scale (headcount 22, strong B2B SaaS signals)","Datablaze is a solution provider that specializes in connectivity and tracking for remote assets. The company offers a suite of enterprise-grade technologies, including managed wireless connectivity for internet of things (IoT) devices, IoT integration and endpoint management, as well as GPS solutions to track vehicles and assets. Datablaze also provides the devices and services necessary to implement these solutions for businesses and fleets of any size. By developing strategic partnerships with network operators and manufacturers around the world in addition to its innovative software soluti",,2026-09-14
SQ038412,49923,28,VpnHood!,vpnhood.com,https://vpnhood.com,https://www.linkedin.com/company/vpnhood,vpnhood,United States,"West Hollywood, California",31.0,11-50 employees,Privately Held,,,Funding unknown,"Technology, Information and Internet",,,2021.0,6.0,description addresses businesses/teams/organisations,explicit SaaS / cloud / enterprise-software / platform language,affordability_exception,"revenue (missing) retained on operating scale (headcount 31, strong B2B SaaS signals)","VpnHood is an open-source VPN engine built with .NET, designed to be free, fast, and undetectable. More than just a VPN, VpnHood is a research-driven project exploring the technical challenges of building a secure, high-performance VPN in today’s complex network environments.

On this page, we share:

Insights into developing cross-platform VPN solutions with .NET (Windows, Linux, Android, iOS).

Deep dives into the technical challenges of tunneling protocols, encryption, packet handling, and bypassing network restrictions.

Learnings from building features like Cloak Mode, SOCKS/TCP/UDP chann",,2026-09-14
SQ048278,50133,28,"Edwards Technologies, Inc.",edwardstechnologies.com,https://edwardstechnologies.com,https://www.linkedin.com/company/edwards-technologies-inc-,edwards-technologies-inc-,United States,el segundo,23.0,11-50 employees,Privately Held,,,,Entertainment Providers,,,,584.0,description addresses businesses/teams/organisations,recurring/subscription/licence language,affordability_exception,"revenue (missing) retained on operating scale (headcount 23, strong B2B SaaS signals)","ETI’s award winning multisensory systems are enjoyed literally every minute of every day somewhere on the planet. With each project, the Edwards Technologies Inc. (ETI) team, led by Brian Edwards, designs and builds leading-edge audio visual interactive systems. This combination of a first rate team with award winning systems expertly responds to the business needs of the client and the demands of audiences that insist on highly engaging multisensory experiences. In 2009, partnering with German based Videro LLC, ETI created the ETI/Videro Media Cloud System with infinite capabilities that is c",,2026-09-14
SQ060279,50226,28,Churchee,churchee.app,https://churchee.app,https://www.linkedin.com/company/churchee,churchee,United States,"Dallas, Texas",31.0,11-50 employees,Privately Held,B2B,,Funding unknown,Software Development,Enterprise Software Solutions,"B2B, Mobile App, Church Management",2022.0,5.0,Business Type contains B2B; Pattern Tags contain B2B,explicit SaaS / cloud / enterprise-software / platform language; SubIndustry is software/platform (Enterprise Software Solutions),affordability_exception,"revenue (missing) retained on operating scale (headcount 31, strong B2B SaaS signals)","Churchee is a first of its kind, 100% free, personalized, mobile church app. A one-stop app for every Christian and for every church, everywhere.","Churchee is a mobile church app designed to facilitate engagement and management for Christian churches and their members. The app provides features such as automated giving, messaging, event management, live streaming, and content sharing (sermons, devotionals, hymns). Churchee is positioned as a free, all-in-one platform to enhance church community and pastoral efficiency, distinguishing itself by offering a comprehensive suite of tools at no cost.",2026-09-14
SQ108902,50797,28,AZAR PIXEL LLC,azarpixelmarket.com,https://azarpixelmarket.com,https://www.linkedin.com/company/azar-pixel,azar-pixel,United States,"Carrollton, Texas",24.0,11-50 employees,Partnership,"B2B,B2C",,Funding unknown,Audio and Video Equipment Manufacturing,Online Commerce and Marketplaces,"A/V equipment, Online Marketplace, B2B/B2C",2018.0,1227.0,Business Type contains B2B,explicit SaaS / cloud / enterprise-software / platform language,affordability_exception,"revenue (missing) retained on operating scale (headcount 24, strong B2B SaaS signals)","I'm proud to introduce myself and my team at Azar Pixel. As a company, we strive to provide the best possible LED module repair, service, and support to our clients. Our goal is to be your trusted repair partner, ensuring that your valuable audio-video equipment, stage lighting, and commercial cameras are maintained to the highest standards.

Established in February 2018, we are a domestic (United States) company with locations in the Dallas/Fort Worth area and Las Vegas, Nevada. Our central locations provide us with a competitive edge, allowing us to fix your LED video-wall without the high c","market.azarpixel.com is an online marketplace developed by AZAR PIXEL LLC for buying, selling, and reselling new and used audio-visual equipment. It serves as a platform for individuals and businesses to list and trade items such as LED video walls, PA systems, mixers, cameras, and stage lights. Distinguishing features include free registration, free listings, zero sales commission, and no annual fees. The parent company, AZAR PIXEL LLC, is also a provider of A/V equipment repair and service.",2026-09-14
SQ159987,51298,28,LotWitness,lotwitness.com,https://lotwitness.com,https://www.linkedin.com/company/lotwitness,lotwitness,United States,"Houston, Texas",31.0,11-50 employees,Privately Held,B2B,,Funding unknown,Security Systems Services,"Facilities Management and Commercial Cleaning,Security and Identity Software","B2B, Security, Crime Deterrence",2023.0,185.0,Business Type contains B2B; Pattern Tags contain B2B,"SubIndustry is software/platform (Facilities Management and Commercial Cleaning,Secu)",affordability_exception,"revenue (missing) retained on operating scale (headcount 31, strong B2B SaaS signals)","LotWitness is a retail parking lot security solution that encourages visitors to take or hide valuables before leaving their cars. High-intensity strobe lights, customizable audio announcements and prominent signage deter criminals while reminding customers protect themselves from smash-and-grabs.

Whether you manage a restaurant or a shopping center, you can create a better customer experience with LotWitness — alert and avert.","LotWitness, a solution offered by SentriForce, focuses on deterring crime in retail parking lots. Their system utilizes high-intensity strobe lights, customizable audio announcements, and prominent signage to discourage criminal activity and remind customers to secure their valuables. They offer an all-inclusive monthly service that includes installation, proactive system monitoring, and video investigation.",2026-09-14
SQ030826,51543,27,Tezintel,tezintel.com,https://tezintel.com,https://www.linkedin.com/company/tezintel,tezintel,United States,"Austin, Texas",31.0,11-50 employees,Partnership,B2B,,Funding unknown,"Technology, Information and Internet","Commercial Real Estate Development and Leasing,Real Estate and PropTech Software","PropTech, Machine Learning, B2B Lead Generation",2024.0,65.0,Business Type contains B2B,"explicit SaaS / cloud / enterprise-software / platform language; SubIndustry is software/platform (Commercial Real Estate Development and Leasing,Rea)",affordability_exception,"revenue (missing) retained on operating scale (headcount 31, strong B2B SaaS signals)","We are new startup company that provides streamlined and simple automated projections and valuations for commercial properties within minutes.  After completing the steps, you will receive the feasibility study for the selected geographical area.  

We also have embedded our software with machine learning algorithms so we may continue to improve our formulas and tables.  

Our lead generation helps connect various financial institutions, contractors, and professionals to the client.  Sign up as a vendor and get approved to capture promising leads!

Currently starting in the Texas market and pi","Tezintel is a startup that offers automated commercial property valuations using machine learning, providing quick and accurate projections. They also provide lead generation services, connecting clients with vendors like financial institutions and contractors. Initially focused on Texas, they plan to expand their geographic and property type coverage and are open to partnerships.",2026-09-14
SQ151332,52087,27,Agnostyc AI,agnostyc.com,https://agnostyc.com,https://www.linkedin.com/company/agnostyc-ai,agnostyc-ai,United States,Los Angeles,31.0,11-50 employees,Partnership,B2B,,Funding unknown,"Technology, Information and Internet",AI and ML Platforms,"B2B, AI Solutions, Business Transformation",2025.0,16.0,Business Type contains B2B; Pattern Tags contain B2B,SubIndustry is software/platform (AI and ML Platforms),affordability_exception,"revenue (missing) retained on operating scale (headcount 31, strong B2B SaaS signals)","Agnostyc AI delivers cutting-edge automation, decision intelligence, and multimodal AI solutions that transform how businesses operate. We integrate AI seamlessly into industries like finance, healthcare, and cybersecurity, helping organizations scale efficiently and optimize performance.

Our mission is to go beyond automation, providing adaptable AI solutions that drive precision, intelligence, and real-world impact. The name Agnostyc reflects our commitment to flexibility—AI that works across industries without limitations. Businesses don’t just adopt AI with us—they lead with it.","Agnostyc AI is a company that delivers automation, decision intelligence, and multimodal AI solutions to transform business operations. They integrate AI into industries like finance, healthcare, and cybersecurity, helping organizations scale efficiently and optimize performance. Agnostyc AI aims to provide adaptable AI solutions that drive precision, intelligence, and real-world impact, working across industries without limitations.",2026-09-14
SQ011548,52140,26,Hotrank,hotrank.io,https://hotrank.io,https://www.linkedin.com/company/hotrank,hotrank,United States,"Beverly Hills, California",31.0,11-50 employees,Partnership,B2B,,Funding unknown,Software Development,Enterprise Software Solutions,"B2B, SaaS, Hospitality Tech",,0.0,Business Type contains B2B; Pattern Tags contain B2B,Pattern Tags contain SaaS; explicit SaaS / cloud / enterprise-software / platform language; SubIndustry is software/platform (Enterprise Software Solutions); recurring/subscription/licence language,affordability_exception,"revenue (missing) retained on operating scale (headcount 31, strong B2B SaaS signals)","#RevenueManagement #HotelIndustry #Technology

 Exciting news from the hospitality industry! Meet HotRank, an innovative revenue management software designed to assist hotels in achieving optimal room pricing. From small establishments to large chains, HotRank is meticulously engineered to meet the varying needs of over 132,228 hotels and motels in the U.S. and more than 700,000 hotels and resorts worldwide.

 Despite the booming $570 billion global hotel industry, smaller establishments often struggle to process multi-source data and adjust prices in line with ever-changing market conditions.","HotRank is an innovative revenue management software designed to assist hotels in achieving optimal room pricing. It uses a state-of-the-art algorithm to consider various factors, such as weather patterns, historical price data, competitor reviews, OTA ranking data, local events, and competitor occupancy rates, to help hotels stay competitive and maximize revenue through optimal room pricing. In addition to pricing, the company provides tools for SEO, reputation management, social media, and event optimization. They monetize through a subscription-based model.",2026-09-14
SQ145397,52697,25,Griffon Technology,griffontechnology.com,https://griffontechnology.com,https://www.linkedin.com/company/griffon-technology,griffon-technology,United States,"Kennebunk, ME",31.0,11-50 employees,Partnership,B2B,,Funding unknown,Security and Investigations,"Security and Identity Software,IT Services and Cybersecurity","B2B, Security Systems, System Integrator",2002.0,14.0,Business Type contains B2B; Pattern Tags contain B2B,"SubIndustry is software/platform (Security and Identity Software,IT Services and Cyb)",affordability_exception,"revenue (missing) retained on operating scale (headcount 31, strong B2B SaaS signals)","Griffon Technology is a New England service-based integrator of Access Control Security, Video Surveillance, and Fire Alarm & Life Safety Technologies serving Health Care, Hospitality, Higher Education, Manufacturing, Transportation, and more.","Griffon Technology is a New England-based security system integrator specializing in access control, video surveillance, and fire and life safety technologies. They provide solutions to Healthcare, Hospitality, Higher Education, Manufacturing, and Transportation sectors. Griffon differentiates itself through custom engineering, installation, and ongoing maintenance agreements, ensuring system reliability and customer satisfaction.",2026-09-14
SQ153733,52709,25,AI & Data Insights [in E-commerce & Social Selling],themightydata.com,https://themightydata.com,https://www.linkedin.com/company/ecomm-social-selling-ai-data,ecomm-social-selling-ai-data,United States,Los Angeles,31.0,11-50 employees,Partnership,B2B,,Funding unknown,"Technology, Information and Internet","Online Commerce and Marketplaces,Data and Analytics Software","AI, Data Analytics, E-commerce",,140.0,Business Type contains B2B,"explicit SaaS / cloud / enterprise-software / platform language; SubIndustry is software/platform (Online Commerce and Marketplaces,Data and Analytic)",affordability_exception,"revenue (missing) retained on operating scale (headcount 31, strong B2B SaaS signals)","In today's digital age, the realms of e-commerce and social selling are undergoing rapid transformations, driven primarily by the innovative use of Artificial Intelligence (AI) and the profound insights derived from data analytics. In ""AI & Data Insights [in E-commerce & Social Selling]"" LinkedIn expert group we dive deep into essence of these dynamics and inspire step-up in your E-comm or Live selling endeavors. Feel free to jump on the bandwagon and follow this pulsating hub of thought leaders & enthusiasts, dedicated to unravel the groundbreaking use-cases of AI and data analytics in the wo","AI and Data Insights is an online platform that provides artificial intelligence and data analytics insights for businesses engaged in e-commerce and social selling. They demystify complex AI tools and encourage the adaptation and implementation of best practices to optimize online selling strategies. They provide expert knowledge, actionable insights, and facilitate a community for thought leaders and enthusiasts.",2026-09-14
SQ016526,52865,23,Logix Chat,logixchat.com,https://logixchat.com,https://www.linkedin.com/company/logixchat,logixchat,United States,"Burbank, California",31.0,11-50 employees,Privately Held,,,Funding unknown,Software Development,,,2000.0,7.0,description addresses businesses/teams/organisations,explicit SaaS / cloud / enterprise-software / platform language,affordability_exception,"revenue (missing) retained on operating scale (headcount 31, strong B2B SaaS signals)","LogixChat is a modern live chat solution engineered for efficiency, scalability, and simplicity. Built for forward-thinking businesses, our platform enables real-time communication between companies and their customers through a fast, secure, and highly customizable interface.

Designed with both technical teams and end-users in mind, LogixChat offers seamless integration with any website via a lightweight script, delivering a fully branded experience without the need for complex setup or additional software. Our platform supports multi-project environments, unlimited agents, and advanced feat",,2026-09-14
SQ017168,52872,23,"H&W Computer Systems, Inc.",hwcs.com,https://hwcs.com,https://www.linkedin.com/company/h&w-computer-systems,h&w-computer-systems,United States,"Boise, Idaho",28.0,11-50 employees,Privately Held,,,,Software Development,,,1979.0,141.0,description addresses businesses/teams/organisations,explicit SaaS / cloud / enterprise-software / platform language,affordability_exception,"revenue (missing) retained on operating scale (headcount 28, strong B2B SaaS signals)","Achieving business goals is what drives every part of every company, and H&W helps do just that. Since 1979, H&W has been creating superior business software solutions to meet the needs of both business units and IT departments. Today, hundreds of corporations worldwide including many Global 500 companies trust H&W as a partner for their business software. 

For more information, visit H&W's website at www.hwcs.com.",,2026-09-14
SQ044918,53188,23,LAH Partners INC,lahpartnersinc.com,https://lahpartnersinc.com,https://www.linkedin.com/company/lah-partners,lah-partners,United States,"Tarzana, California",31.0,11-50 employees,Privately Held,,,Funding unknown,Hospitals and Health Care,,,,9.0,description addresses businesses/teams/organisations,explicit SaaS / cloud / enterprise-software / platform language,affordability_exception,"revenue (missing) retained on operating scale (headcount 31, strong B2B SaaS signals)","LAH Partners, Inc. is an exclusive and an established expert in medical billing. Our Clients and your patients are our top priority. We leverage unmatched experience with the latest technology to eliminate gaps in the billing cycle and aggressively optimize collections to increase your revenue. Our multitude of expertise experienced with the majority of the EHRs and Billing software’s includes the old DOS based application to cloud software and caters to all the specialty billing, coding, revenue cycle management and fit to all types of practice requirements.",,2026-09-14
SQ046373,53211,23,HearBuilder - Online Foundational Literacy Program,hearbuilder.com,https://hearbuilder.com,https://www.linkedin.com/company/hearbuilder-online-foundational-literacy-program,hearbuilder-online-foundational-literacy-program,United States,"Greenville, South Carolina",31.0,11-50 employees,Privately Held,,,,E-Learning Providers,,,,65.0,description addresses businesses/teams/organisations,recurring/subscription/licence language,affordability_exception,"revenue (missing) retained on operating scale (headcount 31, strong B2B SaaS signals)","HearBuilder is an online software program for students PreK-5 that focuses on improving listening, auditory comprehension, and memory retrieval skills. It helps children build a strong foundation for literacy and reading.

The HearBuilder collection consists of four award-winning software titles: Following Directions, Phonological Awareness, Auditory Memory, and Sequencing.

HearBuilder gives students access to research-based, interactive programs by online subscription. Students can use the software on a tablet, laptop, or desktop in the classroom, media center, computer lab, and at home. Eac",,2026-09-14
SQ124281,54104,23,Poptag,mypoptag.com,https://mypoptag.com,https://www.linkedin.com/company/mypoptag-com,mypoptag-com,United States,"Los Angeles , California",31.0,11-50 employees,Privately Held,"B2B,B2C",,Funding unknown,Social Networking Platforms,Consumer Software,"NFC Technology, Digital Identity, Contactless Sharing",,2.0,Business Type contains B2B,SubIndustry is software/platform (Consumer Software),affordability_exception,"revenue (missing) retained on operating scale (headcount 31, strong B2B SaaS signals)",We provide smart products and digital profiles that allow users to transform the way they network!,"Poptag provides smart NFC-enabled products and digital profiles that enable users to instantly share their contact information and online presence with others. Their primary offerings include physical Poptags in various form factors (stickers, cards, rings, wristbands) and a customizable digital profile that can be accessed via NFC or QR code. Poptag differentiates itself by providing a seamless and modern alternative to traditional business cards. Users can also earn cash through their referral program.",2026-09-14
SQ028833,54648,20,Bluu Health,bluuhealth.com,https://bluuhealth.com,https://www.linkedin.com/company/bluu-health,bluu-health,United States,"San Diego , CA",31.0,11-50 employees,Partnership,,,Funding unknown,Software Development,,,2024.0,0.0,description addresses businesses/teams/organisations,explicit SaaS / cloud / enterprise-software / platform language,affordability_exception,"revenue (missing) retained on operating scale (headcount 31, strong B2B SaaS signals)","Bluu is an all-in-one practice management software that allows providers to manage their entire practice from start to finish. With customizable scheduling, automated reminders, and secure, HIPAA-compliant video, Bluu streamlines your appointments and virtual consultations. Our platform also simplifies billing, payment tracking, and insurance claims, while keeping patient records and notes organized and secure. With task management tools and HIPAA-compliant cloud storage, you can stay on top of your day-to-day operations. Empower patients with a personalized portal for scheduling, billing, and",,2026-09-14
SQ129217,55738,18,Call For Entry,callforentry.org,https://callforentry.org,https://www.linkedin.com/company/callforentry,callforentry,United States,"Denver, Colorado",31.0,11-50 employees,,"B2B, B2C",,Funding unknown,Artists and Writers,"Retail and Ecommerce Software, Digital Publishing and Streaming Platforms","B2B, B2C, Online Marketplace",,103.0,Business Type contains B2B; Pattern Tags contain B2B,"SubIndustry is software/platform (Retail and Ecommerce Software, Digital Publishing )",affordability_exception,"revenue (missing) retained on operating scale (headcount 31, strong B2B SaaS signals)","CaFÉ is more than just a call listing site. CaFÉ is a comprehensive tool for all artists looking for arts opportunities — from competitions to public art calls, to art contests and more, CaFÉ has an open call for everyone. 

With a network of more than 130,000 active artists, maximize exposure when you list your call for entry on CaFÉ. Additionally, CaFÉ has many time-saving features for managing your call for entry, including automated email notifications to artists. With a centralized dashboard, you can easily move artists through your process using different statuses.","CaFÉ (Call For Entry) is a comprehensive online platform designed to connect artists with art opportunities such as competitions, public art calls, and contests. It offers a centralized tool for artists to discover and apply for these opportunities. For art organizations, CaFÉ provides tools to manage call for entries efficiently, including automated email notifications, a centralized dashboard, and features for moving artists through the application process. CaFÉ differentiates itself by offering a large network of artists (over 130,000), a user-friendly interface, and dedicated customer supp",2026-09-14
SQ160826,55767,18,JeeCart,jeecart.com,https://jeecart.com,https://www.linkedin.com/company/jeecartcommerce,jeecartcommerce,United States,"plano, texas",31.0,11-50 employees,Partnership,B2B,,Funding unknown,"Technology, Information and Media","Enterprise Software Solutions,Retail Technology","B2B, Ecommerce, Affiliate Marketing",,128.0,Business Type contains B2B; Pattern Tags contain B2B,"explicit SaaS / cloud / enterprise-software / platform language; SubIndustry is software/platform (Enterprise Software Solutions,Retail Technology)",affordability_exception,"revenue (missing) retained on operating scale (headcount 31, strong B2B SaaS signals)","Unlock the full potential of your online business with JeeCart, the top eCommerce platform designed for success.","JeeCart is a review site and service provider focused on helping e-commerce businesses succeed. They provide reviews of tools and services, expert guidance, and custom solutions for online store setup, growth, and optimization. JeeCart strives to provide easy-to-read reviews that help users choose the right tools, and they earn revenue through affiliate relationships.",2026-09-14
